location,gt_index,ext_index,gt_policy,gt_category,gt_role,produced_policy,produced_category,produced_role,grade,similarity,statement_match,role_match,category_match,reasoning
Armenia_AM,0,0,The Government of Armenia approved the Nationally Determined Contributions (2021-2030) with an unconditional target to reduce emissions by 40% below 1990 levels by 2030.,Mitigation,individual,"Armenia approved its Nationally Determined Contributions for 2021-2030, setting an unconditional mitigation target of a 40% reduction below 1990 emissions levels by 2030.",Mitigation,individual,1,0.9248,True,True,True,"The extracted policy matches the ground-truth on all key elements: country (Armenia), policy instrument (Nationally Determined Contributions for 2021–2030), commitment strength (unconditional target), quantified target (40% reduction), baseline (below 1990 emissions levels), and deadline (by 2030). Wording differences are minor and do not change scope or specificity."
Armenia_AM,5,1,"Under the Strategy and Action Plan, Armenia will construct medium utility-scale solar PV power plants totaling 175 MW by end-2024, including Masrik-1 (55 MW) in 2022 and additional 120 MW by end-2024.",Mitigation,individual,Armenia will increase the share of solar energy generation in total electricity generation to at least 15% by 2030 through legislative and regulatory reforms and expansion of solar photovoltaic power plants.,Mitigation,individual,-1,0.7143,False,True,True,"The extracted policy does not match the ground-truth policy in target, timeline, or mechanism specificity. Ground truth is a concrete build-out commitment: construct 175 MW of medium utility-scale solar PV by end-2024, including Masrik-1 (55 MW) in 2022 and another 120 MW by end-2024. The extracted policy instead states a different target—solar reaching at least 15% of electricity generation by 2030—and adds legislative/regulatory reforms not present in the ground-truth. This is a materially different policy rather than a vague restatement, so it is not a meaningful match."
Armenia_AM,6,3,"Under the Strategy and Action Plan, Armenia envisages construction of two 200 MW solar PV plants (400 MW total) in 2023 and 2024, including the 200 MW 'Ayg-1' plant.",Mitigation,individual,"Armenia plans to increase solar energy generation to at least 15% or 1.8 billion kWh by 2030, supported by renewable energy reforms and solar PV deployment.",Mitigation,individual,-1,0.7354,False,True,True,"The extracted policy does not match the ground-truth policy’s specific commitment. The ground truth is about constructing two 200 MW solar PV plants (400 MW total) in 2023 and 2024, including the Ayg-1 plant. The extracted policy instead describes a broader 2030 solar generation target (15% or 1.8 billion kWh) and mentions reforms and deployment generally. It misses the specific project count, capacity, named plant, and near-term deadlines, so it is a different policy rather than an imprecise version of the same one."
Armenia_AM,1,4,Armenia plans to construct about 1000 MW of solar power plants (including autonomous ones) by 2030 to support reaching solar generation targets.,Mitigation,individual,"Armenia will support the construction of solar power plants with about 1000 MW capacity, including autonomous systems, to raise solar generation by 2030.",Mitigation,individual,1,0.9329,True,True,True,"The extracted policy matches the ground-truth on the key elements: country (Armenia), action (support/construct solar power plants), scale (~1000 MW), inclusion of autonomous systems, and timeline (by 2030). The phrasing 'will support the construction' is slightly softer than 'plans to construct,' but it preserves the same overall commitment and intent. No material contradiction or missing core detail."
Armenia_AM,3,6,Armenia aims to reduce electricity distribution losses to 6.4% in 2027 under Electric Networks of Armenia's 2016-2027 investment program.,Mitigation,individual,Armenia is developing a National Program on Energy Saving and Renewable Energy for 2021-2030 to set targets and determine implementation means.,Mitigation,individual,-1,0.6433,False,True,True,"The extracted policy does not match the ground-truth policy. Ground truth is a specific commitment on electricity distribution losses: reducing losses to 6.4% by 2027 under Electric Networks of Armenia's 2016-2027 investment program. The extracted policy instead refers to a different, broader program being developed for 2021-2030 on energy saving and renewable energy, with no mention of distribution losses, the 6.4% target, the 2027 deadline, or the investment program mechanism."
Armenia_AM,4,7,"Armenia plans to reach total small hydropower plant (SHPP) capacity of 430 MW by 2023, supported by the Hydro Energy Development Concept and 15-year Power Purchase Agreements under the Energy Law.",Mitigation,individual,Armenia will extend power purchase agreements for renewable energy sources from 15 to 20 years.,Mitigation,individual,-1,0.6029,False,True,True,"The extracted policy does not match the ground-truth policy. The ground truth is specifically about Armenia targeting 430 MW of total small hydropower plant capacity by 2023, supported by the Hydro Energy Development Concept and existing 15-year PPAs. The extracted policy instead claims Armenia will extend renewable energy PPAs from 15 to 20 years, which changes the mechanism and omits the SHPP capacity target and 2023 deadline. This is a substantive mismatch rather than a vague paraphrase."
Armenia_AM,2,8,Armenia plans to commission the Masrik-1 utility-scale solar PV plant (55 MW peak) by 2022 and hold tenders for additional solar PV plants totaling about 520 MW (including two 200 MW plants).,Mitigation,individual,Armenia allows solar power plants up to 500 kW to operate without PSRC licenses for own needs.,Mitigation,individual,-1,0.6664,False,True,True,"The extracted policy does not match the ground-truth policy. The ground truth is about commissioning a specific 55 MW utility-scale solar PV plant by 2022 and tendering roughly 520 MW of additional utility-scale solar capacity. The extracted policy instead refers to a regulatory exemption for small solar plants up to 500 kW operating without PSRC licenses for own use. This is a different policy area, scope, mechanism, and scale, with no overlap in the specific targets or commitments."
Armenia_AM,7,13,"Armenia will support installation of solar PV plants up to 5 MW through tariff policy and power purchase agreements, targeting 315 MW of such PV capacity by 2030.",Mitigation,individual,"Armenia will use tariff policy to promote renewable energy development, especially solar PV electricity generation.",Mitigation,parent,0,0.7823,False,False,True,"The extracted policy is directionally aligned with the ground truth because it identifies tariff policy and solar PV promotion. However, it omits key specifics: the support is specifically for solar PV plants up to 5 MW, includes power purchase agreements as an additional mechanism, and sets a quantified target of 315 MW by 2030. Without these details, the extraction is materially less specific and weaker in commitment."
Austin_US,84,0,Austin will achieve net-zero community-wide greenhouse gas emissions by 2040.,Mitigation,individual,Austin will achieve net-zero community-wide greenhouse gas emissions by 2040.,Mitigation,parent,1,1.0,True,False,True,"The extracted policy exactly matches the ground-truth policy in scope ('community-wide greenhouse gas emissions'), commitment ('will achieve'), target ('net-zero'), and deadline ('by 2040'). No discrepancies or missing details are present."
Austin_US,1,1,Ensure benefits of building decarbonization programs flow to low-income communities and communities of color through comprehensive energy poverty mitigation and partnerships.,Mitigation,sub,"Create green jobs and entrepreneurship opportunities that advance the goals of the plan, expand economic opportunity and inclusion, and build agency and decision-making power in low-income communities and communities of color.",Mitigation,parent,0,0.5648,False,False,True,"The extracted policy overlaps with the ground-truth on equity for low-income communities and communities of color, but it shifts the substance. The ground-truth is specifically about ensuring building decarbonization benefits flow to these communities via energy poverty mitigation and partnerships. The extracted policy instead focuses on green jobs, entrepreneurship, and community agency. This is directionally aligned on inclusion and benefits, but it misses the core mechanisms and scope in the ground-truth, so it is only a partial, imprecise match."
Austin_US,78,2,"Create a tree, water, and soil management/resilience guide for private property and provide City technical and financial assistance for tree planting/care for residents and small businesses in low-income communities and communities of color.",Adaptation,sub,Provide skill-up training for low-income communities and communities of color to install and maintain green technologies and solutions.,Mitigation,sub,-1,0.6123,False,True,False,"The extracted policy does not meaningfully match the ground-truth. The ground-truth is specifically about creating a tree, water, and soil management/resilience guide for private property and providing City technical and financial assistance for tree planting/care to residents and small businesses in low-income communities and communities of color. The extracted policy instead describes workforce/skills training to install and maintain green technologies, which changes both the mechanism and scope. It omits the guide, the focus on private property/tree planting and care, and the technical/financial assistance commitment."
Austin_US,59,3,"Offer a workforce development program for the circular economy (repair/reuse skills, job placement, entrepreneurship), prioritizing low-income communities, youth, and communities of color and publishing demographic participation data.",Resource Efficiency,sub,"Create permanent, living-wage career pathways and include support for formerly incarcerated people and childcare for working parents.",Mitigation,sub,0,0.5683,False,True,False,"The extracted policy is directionally related to workforce development and equity, but it does not match the ground-truth with sufficient specificity. It omits the circular economy focus (repair/reuse skills, job placement, entrepreneurship), the named priority groups (low-income communities, youth, communities of color), and the commitment to publish demographic participation data. It adds different equity elements (formerly incarcerated people, childcare, living-wage career pathways) that are not in the ground-truth. With no source excerpt provided, this is best scored as a partial but imprecise match rather than a full match or contradiction."
Austin_US,4,4,Create equitable workforce development and training opportunities for emerging building-related technologies by partnering with local unions and education/advocacy organizations serving low-income communities and communities of color.,Mitigation,sub,Develop workforce skills and job readiness pipelines for green jobs.,Mitigation,sub,0,0.602,False,True,True,"The extracted policy is directionally aligned with the ground-truth on workforce development for green/building-related jobs, but it is much less specific. It omits the equity focus, the target beneficiaries (low-income communities and communities of color), the partnership mechanism (local unions and education/advocacy organizations), and the emphasis on emerging building-related technologies. It also softens the commitment from creating equitable training opportunities to a generic goal of developing skills and pipelines."
Austin_US,54,5,"Recruit at least 50% of large local institutional purchasers (2,500+ employees) and at least 2,500 local organizations to adopt environmental and social sustainability procurement standards/guidelines, prioritizing historically underutilized and BIPOC-led/employing organizations.",Mitigation,sub,Recruit from local communities of color to ensure diverse and equitable participation in green jobs sectors.,Mitigation,sub,-1,0.6051,False,True,True,"The extracted policy does not match the ground-truth policy. The ground truth is a specific procurement commitment: recruit at least 50% of large local institutional purchasers and at least 2,500 local organizations to adopt sustainability procurement standards/guidelines, with prioritization of historically underutilized and BIPOC-led/employing organizations. The extracted policy instead discusses recruiting from local communities of color for participation in green jobs sectors, which changes the policy area, omits all quantified targets and mechanisms, and does not capture the procurement standards commitment."
Austin_US,77,6,Increase City funding for community tree-planting programs focused on low-income communities and communities of color.,Adaptation,sub,Invest in local green businesses and target financial support for small businesses owned by people of color.,Mitigation,sub,-1,0.6006,False,True,False,"The extracted policy does not match the ground-truth policy. Ground truth is about increasing City funding for community tree-planting programs, specifically focused on low-income communities and communities of color. The extracted policy instead concerns investing in local green businesses and providing financial support to small businesses owned by people of color. This changes both the policy domain (tree planting vs. business support) and the delivery mechanism, so there is no meaningful match."
Austin_US,73,7,Create and support agriculture-specific job creation and youth programs for aspiring farmers of color to strengthen workforce development in regenerative agriculture.,Nature-Based Solutions,sub,Develop initiatives and programs to support and grow entrepreneurs and executives of color.,Mitigation,sub,-1,0.5859,False,True,False,"The extracted policy does not meaningfully match the ground-truth. The ground-truth is specifically about agriculture-focused job creation and youth programs for aspiring farmers of color, tied to workforce development in regenerative agriculture. The extracted policy instead refers broadly to supporting entrepreneurs and executives of color, omitting the agriculture sector, youth programs, aspiring farmers, job creation, and regenerative agriculture workforce focus. This is a different policy scope rather than a vague paraphrase."
Austin_US,12,8,"Develop City of Austin design and construction specifications and purchasing agreements to deliver healthy, low-carbon buildings, prioritizing community facilities serving low-income communities and communities of color first.",Mitigation,sub,Build upon the Austin Civilian Conservation Corps to recruit and train economically disadvantaged community members through nonprofit partnerships.,Mitigation,sub,-1,0.5716,False,True,True,"The extracted policy does not match the ground-truth policy in scope or mechanism. The ground truth is about developing City of Austin design/construction specifications and purchasing agreements for healthy, low-carbon buildings, with prioritization of community facilities serving low-income communities and communities of color. The extracted policy instead concerns recruiting and training economically disadvantaged community members through the Austin Civilian Conservation Corps and nonprofit partnerships. This is a different policy area and omits the building standards, purchasing agreements, and prioritization elements."
Bahrain_BH,10,4,"Implement the National Renewable Energy Action Plan (NREAP) with targets of 5% renewable energy (255 MW installed capacity) by 2025 and 10% (710 MW) by 2035, using solar, wind, and waste-to-energy with public and private investment.",Mitigation,parent,Bahrain will implement the National Renewable Energy Action Plan to expand renewable electricity generation to 5% of peak capacity by 2025 and 10% by 2035.,Mitigation,parent,0,0.62,False,True,True,"The extracted policy matches the main commitment and deadlines in the ground truth: implementation of the NREAP with targets of 5% by 2025 and 10% by 2035. However, it is less specific and not fully accurate relative to the ground truth because it changes the metric from renewable energy / installed capacity (255 MW, 710 MW) to 'peak capacity,' and it omits the quantified MW targets, the specified technologies (solar, wind, waste-to-energy), and the public/private investment mechanism. Directionally correct but missing key details."
Bahrain_BH,11,5,"Adopt net metering to enable consumers to generate on-site, grid-connected renewable energy (e.g., rooftop solar panels).",Mitigation,sub,"Bahrain will use net metering to enable consumers to generate on-site, grid-connected renewable energy.",Mitigation,sub,1,0.7013,True,True,True,"The extracted policy matches the ground-truth closely in scope and mechanism: both specify adopting/using net metering to enable consumers to generate on-site, grid-connected renewable energy. The extracted version is slightly less explicit than the ground-truth example about rooftop solar panels, but that example is illustrative rather than essential. Commitment strength is comparable, and there is no contradiction or hallucinated mechanism. Although no source excerpt is provided to verify wording against the document, relative to the ground-truth this is a strong match."
Bahrain_BH,12,6,Use feed-in tariffs via a tender-based mechanism with long-term power purchase agreements to support renewable energy.,Mitigation,sub,Bahrain will use feed-in tariffs to support renewable energy through long-term power purchase agreements.,Mitigation,sub,0,0.7267,False,True,True,"The extracted policy matches the general intent of the ground truth: supporting renewable energy through feed-in tariffs and long-term power purchase agreements. However, it omits the key delivery mechanism that the feed-in tariffs are to be implemented via a tender-based mechanism. With no source excerpt provided to verify wording or commitment strength, this is directionally correct but lacks an important specificity present in the ground truth."
Bahrain_BH,13,7,Apply renewable energy mandates for new buildings (NREAP policy instrument).,Mitigation,sub,Bahrain will require renewable energy mandates for new buildings.,Mitigation,sub,1,0.5704,True,True,True,"The extracted policy matches the ground-truth policy in scope and commitment: both state a requirement/mandate for renewable energy in new buildings. Although neither includes quantified targets, deadlines, or mechanism detail beyond the policy instrument, the extraction accurately captures the same core commitment without contradiction."
Bahrain_BH,1,9,"Integrate energy efficiency objectives into building codes/regulations for design, construction, and maintenance of structures (NEEAP initiative).",Mitigation,sub,"Bahrain will integrate energy efficiency objectives into building design, construction and maintenance regulations.",Resource Efficiency,sub,1,0.574,True,True,False,"The extracted policy closely matches the ground-truth policy in scope and mechanism: integrating energy efficiency objectives into regulations covering building design, construction, and maintenance. Although it omits the explicit mention of 'building codes' and the 'NEEAP initiative,' these are not material differences in the core commitment. No contradiction or hallucination is present."
Bahrain_BH,2,10,"Introduce demand-side minimum efficiency standards for lighting, appliances, motor vehicles, and street lighting (NEEAP initiative).",Resource Efficiency,sub,"Bahrain will establish minimum efficiency standards for lighting, appliances, motor vehicles and street lighting.",Resource Efficiency,sub,1,0.6124,True,True,True,"The extracted policy closely matches the ground-truth policy in scope and mechanism: it specifies establishing minimum efficiency standards for the same sectors/products—lighting, appliances, motor vehicles, and street lighting. Although it omits the explicit reference to this being a 'demand-side' standard and the 'NEEAP initiative,' these do not materially change the core commitment. No source excerpt is provided to assess wording strength, but relative to the ground truth this is an accurate and specific match."
Bahrain_BH,3,11,Improve supply-side efficiency in electricity generation including transmission and distribution efficiency enhancements and installation of smart meters (NEEAP initiative).,Mitigation,sub,"Bahrain will improve electricity generation efficiency, transmission and distribution efficiency, and install smart meters.",Resource Efficiency,sub,1,0.6141,True,True,False,"The extracted policy matches the ground-truth closely in scope and mechanism: it includes improving electricity generation efficiency, transmission and distribution efficiency, and installing smart meters. It omits the explicit reference to the NEEAP initiative and the phrasing 'supply-side,' but these are contextual labels rather than changes to the substantive commitment. No source excerpt is provided to assess binding language, but relative to the ground-truth this is an accurate and sufficiently specific match."
Bahrain_BH,4,12,Introduce district cooling using highly efficient industrial-grade equipment and insulated underground piping networks (NEEAP initiative).,Resource Efficiency,sub,Bahrain will expand district cooling using highly efficient industrial-grade equipment and insulated underground piping.,Resource Efficiency,sub,1,0.6865,True,True,True,"The extracted policy matches the ground-truth closely in scope, mechanism, and specificity: it identifies district cooling, the use of highly efficient industrial-grade equipment, and insulated underground piping. The omission of the word 'networks' and the specific reference to the 'NEEAP initiative' is minor and does not change the core commitment. 'Will expand' is directionally consistent with 'Introduce' and does not materially weaken the commitment in the absence of source text."
Bahrain_BH,5,13,Retrofit government buildings and pursue other green building initiatives (NEEAP initiative).,Mitigation,sub,Bahrain will retrofit government buildings and pursue green building initiatives.,Resource Efficiency,sub,1,0.6299,True,True,False,"The extracted policy matches the ground-truth closely in scope and commitment: it includes retrofitting government buildings and pursuing green building initiatives. There are no quantified targets, deadlines, or mechanisms in the ground-truth beyond noting it is a NEEAP initiative, so the omission of that label does not materially reduce fidelity. No contradiction or hallucination is present."
Bahrain_BH,6,14,Reform power subsidies and transport-related subsidies to offset perverse incentives for wasteful consumption (NEEAP initiative).,Mitigation,sub,Bahrain will reform power and transport subsidies to reduce perverse incentives for wasteful consumption.,Resource Efficiency,sub,1,0.7073,True,True,False,"The extracted policy matches the ground-truth closely in scope and intent: it covers reform of both power and transport subsidies to reduce perverse incentives for wasteful consumption. Although it omits the parenthetical reference to the NEEAP initiative, no target, deadline, or additional mechanism is present in the ground truth beyond the reform commitment itself. The commitment strength is preserved ('will reform'), so this is a specific and accurate match."
Bahrain_BH,14,36,Bahrain considered two strategic adaptation interventions for the municipal water sector to stabilize future water supply-demand equilibrium under climate change (per-capita demand reduction and leakage reduction).,Adaptation,parent,"Bahrain will use awareness campaigns, strengthened block tariffs, new legislation, leak detection, leak control and other measures to reduce municipal water demand and leakage.",Resource Efficiency,individual,0,0.7768,False,False,False,"The extracted policy is directionally consistent with the ground truth: it covers the same two adaptation areas in the municipal water sector—reducing per-capita water demand and reducing leakage—and adds plausible mechanisms such as awareness campaigns, tariffs, legislation, and leak detection/control. However, it does not match the ground truth's framing and specificity. The reference says Bahrain 'considered two strategic adaptation interventions' to stabilize future water supply-demand equilibrium under climate change, whereas the extraction states Bahrain 'will use' specific measures, which overstates commitment strength. It also omits the explicit climate-change and future supply-demand equilibrium context. With no source excerpt provided to validate the added mechanisms, this is only a partial, directionally correct match rather than a precise one."
Bahrain_BH,17,37,Strengthen block water tariffs for non-household users under EWA's tariff schedule effective 1 March 2016.,Resource Efficiency,sub,"Bahrain will strengthen block water tariffs for commercial, industrial, touristic and other non-household users.",Resource Efficiency,individual,0,0.6567,False,False,True,"The extracted policy matches the general intent and scope of the ground-truth: strengthening block water tariffs for non-household users. However, it omits key specificity present in the ground-truth, namely that the measure is under EWA's tariff schedule and effective 1 March 2016. It is also slightly more expansive in listing user categories rather than preserving the exact formulation. With no source excerpt provided to verify wording, this is directionally correct but missing important implementation details and timing."
Bahrain_BH,18,38,Develop new legislation to promote water use efficiency and conservation by strengthening building codes and promoting water-saving devices (with retrofits for existing buildings).,Resource Efficiency,sub,Bahrain will strengthen building codes and promote water-saving devices and other legislation to improve water efficiency and conservation.,Resource Efficiency,individual,0,0.6381,False,False,True,"The extracted policy is directionally aligned with the ground truth: it includes strengthening building codes and promoting water-saving devices to improve water efficiency and conservation. However, it is less specific and slightly less accurate because it omits the key mechanism of retrofits for existing buildings and weakens the framing of 'develop new legislation' by saying 'other legislation' rather than clearly committing to new legislation. With no source excerpt provided, this is a partial but incomplete match."
Bahrain_BH,15,39,"Reduce per capita municipal water demand by 33% from 183 to 122 m3/person/year by 2035, with a policy start year of 2016, using demand-side management policies (awareness, strengthened block tariffs, and new legislation).",Resource Efficiency,sub,"Bahrain will implement a 33% reduction in per capita municipal water demand by 2035 through awareness raising, strengthened block tariffs and new legislation.",Resource Efficiency,individual,1,0.6769,True,False,True,"The extracted policy matches the ground-truth on the core target (33% reduction in per capita municipal water demand), deadline (by 2035), and delivery mechanisms (awareness raising, strengthened block tariffs, and new legislation). It omits the baseline values (183 to 122 m3/person/year) and the 2016 start year, but the main commitment and specificity are captured accurately with no contradiction."
Bahrain_BH,19,40,"Reduce leakage in the municipal water distribution network to achieve a 22% reduction in per capita municipal water demand from 183 to 142 m3/person/year by 2035, with a policy start year of 2016 (implemented starting 2020 per phase-in schedule).",Resource Efficiency,sub,Bahrain will implement leak detection and leak control measures to reduce pipeline leakage and achieve a 22% reduction in per capita municipal water demand by 2035.,Resource Efficiency,individual,1,0.6298,True,False,True,"The extracted policy closely matches the ground-truth on scope, target, and deadline: it identifies leak detection/control in the municipal water network and the goal of a 22% reduction in per capita municipal water demand by 2035. It is slightly less specific because it omits the baseline and end values (183 to 142 m3/person/year) and the start/phase-in timing (policy start 2016, implemented from 2020), but the core commitment and mechanism are captured accurately with no contradiction."
Bahrain_BH,20,41,Strengthen EWA's leak detection programme to conduct more frequent surveys and expand the use of leak detection technologies.,Resource Efficiency,sub,Bahrain will strengthen the leak detection programme within EWA and expand leak detection technologies.,Resource Efficiency,individual,0,0.7541,False,False,True,"The extracted policy matches the core intent of the ground-truth: strengthening EWA's leak detection programme and expanding leak detection technologies. However, it omits the specific commitment to conduct more frequent surveys, which is a key delivery mechanism in the ground-truth. With no source excerpt provided to verify wording or strength, the extraction is directionally correct but less specific."
Bahrain_BH,21,42,"Implement leak control measures including Active Leakage Control, Pressure Management, Network Rehabilitation, and improved speed and quality of repair.",Resource Efficiency,sub,"Bahrain will use active leakage control, pressure management, network rehabilitation and repair quality improvements to reduce water losses.",Resource Efficiency,individual,1,0.6843,True,False,True,"The extracted policy closely matches the ground-truth in scope and mechanisms: it includes Active Leakage Control, Pressure Management, Network Rehabilitation, and improved repair quality/speed ('repair quality improvements'). Although the source excerpt is not provided, relative to the ground-truth this is an accurate restatement with no material omissions or contradictions. The phrasing 'will use' preserves a strong commitment, and while no quantified targets or deadlines are present, none are present in the ground-truth either."
Bahrain_BH,16,43,Implement awareness raising campaigns and government incentives to promote municipal water efficiency and conservation.,Resource Efficiency,sub,Bahrain will use social campaigns and government incentives to promote water efficiency and conservation.,Resource Efficiency,individual,1,0.6552,True,False,True,"The extracted policy closely matches the ground-truth in commitment and mechanism: it includes awareness/social campaigns and government incentives aimed at promoting water efficiency and conservation. 'Municipal' is omitted, which is a minor loss of scope specificity, but the core commitment and delivery mechanisms are accurately captured with no contradiction."
Bahrain_BH,0,50,Implement the National Energy Efficiency Action Plan (NEEAP) launched in 2017 with 22 initiatives across sectors to reduce energy use by 6% by 2025 relative to average energy use over 2009-2013.,Resource Efficiency,parent,Bahrain will implement 22 energy efficiency initiatives across five sectors under the NEEAP.,Mitigation,individual,0,0.6852,False,False,False,"The extracted policy correctly identifies implementation of the NEEAP and the 22 energy efficiency initiatives across sectors, so it matches the general policy direction. However, it omits key specificity and commitment details from the ground truth: the 2017 launch context, the quantified target to reduce energy use by 6%, the 2025 deadline, and the baseline of average energy use over 2009-2013. Because the core mechanism is captured but the target and timeline are missing, this is directionally correct but incomplete."
Bahrain_BH,8,66,Bahrain is reforming transport fuel subsidies by increasing retail gasoline prices (regular 91 octane from US$0.21 to US$0.30 and premium 95 octane from US$0.26 to US$0.42) to target a 4% reduction in annual fuel use in the light-duty vehicle fleet.,Mitigation,sub,Bahrain will reform transport fuel subsidies by increasing gasoline and diesel prices to reduce annual fuel use in the light duty vehicle fleet by 4%.,Resource Efficiency,individual,0,0.8767,False,False,False,"The extraction matches the general policy intent and preserves the 4% annual fuel-use reduction target for the light-duty vehicle fleet. However, it loses important specificity from the ground truth: the exact retail gasoline price increases and octane grades are omitted, and it inaccurately adds diesel prices, which are not mentioned in the ground-truth policy. Because it is directionally correct but imprecise and partly inaccurate, the appropriate grade is 0."
Bahrain_BH,7,67,"Bahrain is gradually strengthening electricity tariffs as part of electricity subsidy reform, increasing residential tariffs for the first 3,000 kWh/month from US$0.008/kWh to US$0.08/kWh by 2019 and increasing industrial tariffs above 5,000 kWh/month from US$0.04/kWh to US$0.08/kWh by 2019.",Mitigation,sub,Bahrain will gradually increase electricity tariffs to reflect actual generation costs and reduce electricity use by 14% relative to the 2009-2013 baseline.,Resource Efficiency,individual,0,0.8188,False,False,False,"The extracted policy is directionally aligned with the ground truth on gradually increasing electricity tariffs, but it misses the key quantified tariff details, customer categories, consumption thresholds, and the 2019 deadline. It also adds a 14% electricity-use reduction target relative to a 2009–2013 baseline, which is not part of the ground-truth policy provided. Because the core intent is partly correct but specificity and accuracy are lacking, the match is only partial."
Bahrain_BH,9,70,Bahrain implemented fuel economy labels for light-duty vehicles on all new vehicles of model year 2018 to increase consumer awareness as part of vehicle efficiency standards and labeling.,Mitigation,sub,Bahrain will set minimum fuel economy standards for light duty vehicles and require vehicle fuel economy labeling.,Resource Efficiency,individual,0,0.8766,False,False,False,"The extracted policy is directionally aligned with the ground truth on scope (light-duty vehicles) and mechanism (fuel economy labeling), but it is less specific and slightly overstates the standards component. The ground truth says Bahrain implemented fuel economy labels on all new model year 2018 vehicles as part of vehicle efficiency standards and labeling, whereas the extraction says Bahrain 'will set minimum fuel economy standards' and require labeling. It misses the implementation status, the 'all new vehicles of model year 2018' specificity, and the consumer-awareness purpose, so it is only a partial/vague match rather than a precise one."
Beirut_LB,0,7,Lebanon commits to unconditionally generate 18% of electricity (power demand) and 11% of building-sector heat demand from renewable energy sources by 2030.,Mitigation,individual,"Lebanon commits to generate 18% of power demand and 11% of heat demand from renewable energy sources unconditionally by 2030, and 30% of power demand and 16.5% of heat demand conditionally by 2030.",Mitigation,individual,0,0.9379,False,True,True,"The extracted policy correctly captures the unconditional 2030 targets of 18% of electricity/power demand and 11% of heat demand from renewables, which matches the ground truth in scope and specificity. However, it adds an additional conditional target (30% power, 16.5% heat by 2030) that is not present in the ground-truth policy provided. Because of this extra unsupported content, the extraction is directionally correct but not an exact match."
Beirut_LB,1,8,"Lebanon commits to reduce power demand through energy-efficiency measures by 3% under BAU in 2030 unconditionally, and by 10% under BAU in 2030 conditionally.",Mitigation,individual,Lebanon commits to reduce power demand through energy-efficiency measures by 3% unconditionally and 10% conditionally by 2030.,Resource Efficiency,individual,1,0.9325,True,True,False,"The extracted policy matches the ground-truth on the core commitment, quantified targets, conditional/unconditional split, and 2030 deadline. It correctly states reducing power demand through energy-efficiency measures by 3% unconditionally and 10% conditionally by 2030. The only minor omission is the explicit 'under BAU' baseline, but overall the scope and specificity align closely enough for a full match."
Brussels_BE,98,0,"Adopt and implement the City of Brussels Climate Plan targeting at least a 55% reduction in GHG emissions by 2030 (vs. 2008), carbon neutrality by 2050, and energy carbon neutrality for public buildings by 2040.",Mitigation,individual,"The City of Brussels Climate Plan sets a long-term objective of reducing greenhouse gas emissions by 55% by 2030, achieving carbon neutrality by 2050, and bringing carbon neutrality for public buildings forward to 2040.",Mitigation,parent,1,0.9353,True,False,True,"The extracted policy matches the ground-truth on the key quantified targets and deadlines: 55% GHG reduction by 2030, carbon neutrality by 2050, and carbon neutrality for public buildings by 2040. It is highly specific and accurate relative to the stated policy. The only minor omission is that the ground truth specifies the 55% reduction is relative to 2008 and refers to 'energy carbon neutrality' for public buildings, whereas the extraction says simply 'carbon neutrality for public buildings.' It also paraphrases 'adopt and implement' as 'sets a long-term objective,' which is slightly softer on commitment strength. However, the core scope, commitment, and specificity are captured correctly."
Brussels_BE,87,1,"Train, empower and raise awareness of climate issues among City Council staff by function/department, and inform all new employees of relevant climate issues upon starting work.",Adaptation,sub,The City Council will set out a course and strategic priorities to guide its climate policy and action between now and 2050.,Mitigation,individual,-1,0.5785,False,False,False,"The extracted policy does not match the ground-truth policy. The ground truth is a specific internal capacity-building commitment: training and awareness-raising on climate issues for City Council staff by department/function, including onboarding new employees. The extracted policy instead describes a broad strategic planning commitment to set priorities through 2050. This differs in scope, mechanism, and specificity, and lacks the staff training/onboarding elements entirely."
Brussels_BE,72,3,"Ensure all City-funded/directly dependent cultural venues have an action plan aligned with climate objectives (and raise awareness for other venues), including low-carbon transport solutions, Good Food catering, local sourcing (including local currency), and reduced energy use.",Mitigation,sub,"The City Council will stimulate, encourage and support actions carried out by local interested parties to help achieve the Climate Plan objectives.",Mitigation,individual,-1,0.687,False,False,True,"The extracted policy is far too generic and does not match the ground-truth policy’s specific scope or mechanisms. The ground truth targets City-funded/directly dependent cultural venues and requires action plans aligned with climate objectives, including concrete elements like low-carbon transport, Good Food catering, local sourcing/local currency, and reduced energy use. The extracted policy only states a broad intention to stimulate and support local actors to achieve Climate Plan objectives, with no mention of cultural venues, action plans, or any of the specified measures."
Brussels_BE,93,4,"Towards shared governance of the Climate Plan (2030 strategic objectives) including Local Climate Assembly, support for local initiatives, Future Generations Council, and strengthened external collaboration.",Adaptation,parent,"The Climate Plan will be broken down into 10 themed chapters, each with a 2050 vision and 2030 strategic objectives, and will include over 100 strategic objectives and almost 400 actions.",Mitigation,individual,-1,0.62,False,False,False,"The extracted policy does not match the ground-truth commitment. The ground truth is about governance mechanisms for the Climate Plan—shared governance via a Local Climate Assembly, support for local initiatives, a Future Generations Council, and stronger external collaboration. The extracted policy instead describes the plan’s structure and scale (10 themed chapters, 2050 vision, 2030 objectives, 100+ objectives, 400 actions). This is a different aspect of the document and omits the core governance commitments entirely."
Brussels_BE,1,5,Reduce the energy consumption of City of Brussels buildings by 40% compared with 2008 (by 2030).,Mitigation,sub,The City Council will reduce the energy consumption of City of Brussels buildings by 40% compared with 2008.,Resource Efficiency,individual,0,0.8971,False,False,False,"The extracted policy matches the core target and scope: reducing energy consumption of City of Brussels buildings by 40% relative to 2008. However, it omits the deadline 'by 2030,' which is a key specificity element in the ground-truth policy. Commitment strength is similar, but the missing timeline makes it incomplete rather than a full match."
Brussels_BE,2,7,Set intermediate building-stock targets: city/CPAS public buildings to reach average EPC C+; SISP social housing renovation plan to meet regional average EPC C+ by 2040 with priorities met by 2030; CPAS/Régie homes rated EPC F/G to be downgraded by 2033.,Resource Efficiency,sub,The City will implement a renovation plan for social housing stock so homes are renovated by 2030 to meet the regional objective of an average EPC level of C+ by 2040.,Resource Efficiency,individual,0,0.7829,False,False,True,"The extracted policy partially matches the ground-truth by capturing the social housing renovation plan, the EPC C+ target, and the 2040 deadline, with mention of priorities by 2030. However, it omits other key intermediate building-stock targets in the ground-truth: (1) city/CPAS public buildings reaching average EPC C+, and (2) CPAS/Régie homes rated EPC F/G being addressed by 2033. It is therefore directionally correct but incomplete in scope and specificity relative to the full policy."
Brussels_BE,3,9,Reduce by at least 55% (vs. 2008) all emissions linked to the energy consumption of City Council/Régie/CPAS/SISP public buildings by 2030.,Mitigation,sub,The City will reduce emissions linked to the energy consumption of public buildings by at least 55% by 2030 compared with 2008.,Mitigation,individual,1,0.8099,True,False,True,"The extracted policy matches the ground-truth on the core commitment, quantified target, baseline, scope, and deadline: reduce emissions from energy consumption of public buildings by at least 55% by 2030 relative to 2008. It preserves the strength of commitment and target specificity. The only minor omission is the explicit listing of covered public entities (City Council/Régie/CPAS/SISP), but the broader phrase 'public buildings' captures the main scope without changing the substantive commitment."
Budapest_HU,0,0,"Má-1 objective: Improve energy efficiency of buildings, industrial production and tertiary-sector facilities and increase the share of renewable energy.",Mitigation,parent,"Improve the energy efficiency of buildings, industrial production and tertiary-sector facilities, and increase the share of renewables.",Mitigation,parent,1,0.7249,True,True,True,"The extracted policy matches the ground-truth objective closely in scope and meaning: improving energy efficiency in buildings, industrial production, and tertiary-sector facilities, while increasing the share of renewable energy/renewables. No quantified targets, deadlines, or mechanisms are present in either version, so there is no loss of specificity relative to the ground truth. The wording is essentially equivalent."
Budapest_HU,1,1,"M1: Refurbish and operate energy-consciously municipal buildings and facilities and those of public service providers, including planned refurbishments of multiple institutions by 2023 and continued fundraising for further modernization.",Mitigation,sub,Refurbish and operate the Municipality of Budapest's buildings and public-service company buildings in an energy-conscious way.,Mitigation,sub,0,0.6916,False,True,True,"The extracted policy matches the general intent and scope of the ground-truth: energy-conscious refurbishment and operation of municipal and public-service provider buildings. However, it omits key specifics present in the ground-truth, including the planned refurbishments of multiple institutions by 2023 and the continued fundraising/modernization component. Because the core direction is correct but important timing and implementation details are missing, this is only a partial match."
Budapest_HU,2,2,"M2: Upgrade Budapest’s public lighting by replacing worn-out/outdated luminaires with LED technology, aiming for electricity savings of 18,242 MWh/year and CO2 mitigation of 4,200 tCO2/year by 2027 (implementation timeframe noted as 2026/2027).",Mitigation,sub,Reconstruct the public lighting system to improve energy efficiency.,Mitigation,sub,0,0.5893,False,True,True,"The extracted policy matches the general sector and intent of the ground-truth (public lighting energy-efficiency improvement), but it is too vague to count as a full match. It omits the specific mechanism of replacing worn-out/outdated luminaires with LED technology, the quantified targets (18,242 MWh/year electricity savings and 4,200 tCO2/year mitigation), and the implementation timeframe/by-when detail (2026/2027, by 2027). With no source excerpt provided, there is also no evidence of stronger commitment language. Directionally correct but lacking key specificity."
Budapest_HU,3,3,"M3: Implement a residential building refurbishment program (insulation, heating modernization, renewables) targeting renovation of one third of Budapest’s residential buildings by 2030, with estimated savings potential of 4,809,105 MWh/year and 981,977 tCO2/year.",Mitigation,sub,Refurbish residential buildings to reduce energy demand and emissions.,Mitigation,sub,0,0.6693,False,True,True,"The extracted policy matches the general direction of the ground-truth—residential building refurbishment aimed at reducing energy demand and emissions—but it omits nearly all key specifics. It does not mention the program components (insulation, heating modernization, renewables), the target scope (one third of Budapest’s residential buildings), the deadline (by 2030), or the quantified savings and emissions reduction estimates. With no source excerpt provided, there is no basis to assess contradiction, but the extraction is clearly too vague relative to the ground-truth."
Budapest_HU,4,4,"M4: Promote photovoltaic deployment in Budapest to reach a potential total installed solar capacity of about 1,500 MW by 2030, with an estimated CO2 savings potential of about 467,224 tCO2/year (as per the measure’s indicator).",Mitigation,sub,Facilitate photovoltaic development in Budapest.,Mitigation,sub,0,0.7246,False,True,True,"The extracted policy matches the general intent of the ground-truth measure—promoting photovoltaic deployment in Budapest—but it omits all key specifics: the quantified target of about 1,500 MW installed solar capacity, the 2030 deadline, and the estimated CO2 savings potential of about 467,224 tCO2/year. It is directionally correct but too vague to count as a full match."
Budapest_HU,5,5,"M5: Implement a district heating development program to refurbish and expand district heating assets and increase renewable/waste heat/cogeneration shares to qualify as 'efficient district heating and cooling', with multiple quantified component projects through 2030.",Mitigation,sub,Develop the district heating system and make it more environmentally friendly by reconstruction and increasing renewables.,Mitigation,sub,0,0.6992,False,True,True,"The extracted policy matches the general direction of the ground-truth: it concerns developing/refurbishing the district heating system and increasing renewable energy share to make it more environmentally friendly. However, it is substantially less specific. It omits key elements from the ground-truth such as expansion of assets, inclusion of waste heat and cogeneration, the explicit goal of qualifying as 'efficient district heating and cooling,' and the presence of multiple quantified component projects through 2030. With no source excerpt provided, there is no basis to verify stronger accuracy. Overall, it is directionally correct but too vague on targets, deadlines, and mechanisms."
Budapest_HU,6,6,"M6: Conduct surveys and research (including detailed building modelling and databases, renewable potential assessment, and life-cycle analyses) to support planning for emissions reduction and renewable deployment, by 2022.",Adaptation,sub,Conduct surveys and research on sustainable energy management and circular economy.,Mitigation,sub,0,0.587,False,True,False,"The extracted policy matches the general idea of conducting surveys and research, but it is much less specific than the ground truth. It omits the concrete scope details (detailed building modelling and databases, renewable potential assessment, and life-cycle analyses), the purpose (to support planning for emissions reduction and renewable deployment), and the deadline (by 2022). It also broadens/changes the topic to 'sustainable energy management and circular economy,' which is only directionally related. Because the core intent is partially captured but key specifics are missing, this is a partial match."
Budapest_HU,7,7,"M7: Support industrial and tertiary-sector decarbonisation by providing information on best available technologies and assistance in finding financing, through 2030.",Mitigation,sub,Support mitigation and decarbonisation activities in industrial production and service-sector facilities.,Mitigation,sub,0,0.6601,False,True,True,"The extracted policy matches the general scope of supporting decarbonisation in industry and the service/tertiary sector, but it is much less specific than the ground truth. It omits the key delivery mechanisms ('providing information on best available technologies' and 'assistance in finding financing') and the deadline ('through 2030'). It is directionally correct but too vague on how the support will be provided and lacks the time-bound commitment."
Budapest_HU,8,8,Má-2 objective: Improve energy efficiency of transport infrastructure and support and develop environmentally friendly transport modes.,Mitigation,parent,Improve the energy efficiency of transport infrastructures and support environmentally friendly transport modes.,Mitigation,parent,1,0.8105,True,True,True,"The extracted policy matches the ground-truth objective closely in scope and intent: improving energy efficiency of transport infrastructure and supporting environmentally friendly transport modes. The only minor omission is the word 'develop,' but this does not materially change the commitment or specificity, which are already broad and non-quantified in the ground truth. No contradiction or hallucination is present."
Budapest_HU,9,9,"M8: Develop and modernize public transport and related systems to increase public transport modal share to 50% by 2030 (distance-based), including continued fleet modernization and service/infrastructure improvements.",Mitigation,sub,"Develop public transport with more attractive vehicles, services, and better infrastructure.",Mitigation,sub,0,0.6729,False,True,True,"The extracted policy matches the general direction of the ground-truth by focusing on improving public transport through vehicles, services, and infrastructure. However, it omits the key quantified target of increasing public transport modal share to 50% by 2030, does not mention modernization explicitly beyond attractiveness, and lacks the full scope of related systems and continued fleet modernization. With no source excerpt provided, the extraction is directionally correct but too vague and missing critical specificity and commitment details."
Budapest_HU,10,10,"M9: Expand and improve cycling and pedestrian infrastructure to increase cycling share to 5% and walking share to 15% by 2030 (distance-based), including core network development and supporting facilities (bike stands, B+R, MOL Bubi expansion).",Mitigation,sub,Develop cycling and pedestrian infrastructure and increase cycling and walking shares.,Mitigation,sub,0,0.776,False,True,True,"The extracted policy matches the general intent of the ground-truth—developing cycling and pedestrian infrastructure to raise cycling and walking mode share—but it omits the key quantified targets (5% cycling, 15% walking), the deadline (by 2030), and the specific delivery mechanisms (core network development, bike stands, B+R, MOL Bubi expansion). Commitment is therefore directionally correct but too vague to count as a full match."
Budapest_HU,11,11,"M10: Facilitate uptake of electric/low-emission vehicles by supporting incentives (e.g., free parking initially) and establishing/supporting public charging infrastructure, targeting 30% (225,000) vehicles of environmental class 5 by 2030.",Mitigation,sub,Facilitate the use of electric or low-emission motor vehicles.,Mitigation,sub,0,0.6968,False,True,True,"The extracted policy matches the general intent of the ground-truth—promoting electric/low-emission vehicles—but it is too vague to be a full match. It omits the specific mechanisms (incentives such as free parking and public charging infrastructure) and the quantified target/deadline of 30% (225,000) class 5 vehicles by 2030. With no source excerpt provided, there is no basis to assess contradiction, but the extraction lacks key specificity and commitment details."
Budapest_HU,12,12,"M11: Promote car-sharing and car-pooling, including establishing rules for an integrated community car rental/sharing system and encouraging providers to replace conventional vehicles with electric vehicles; also create car-pooling meeting points.",Mitigation,sub,Promote car-sharing and car-pooling systems.,Mitigation,sub,0,0.781,False,True,True,"The extracted policy matches the general intent of the ground-truth by promoting car-sharing and car-pooling. However, it omits key specifics and mechanisms present in the ground-truth: establishing rules for an integrated community car rental/sharing system, encouraging providers to replace conventional vehicles with electric vehicles, and creating car-pooling meeting points. With no source excerpt provided to verify wording, this is directionally correct but too vague to count as a full match."
Budapest_HU,13,13,"M12: Implement traffic control measures including low-emission/climate protection zones and introduce a congestion charge for passenger traffic in 2021–2025 per the Budapest Mobility Plan, alongside P+R expansion (target 22,000 P+R spaces by 2030) and related parking reforms.",Mitigation,sub,"Use traffic control, low-emission zones, and related infrastructure to reduce emissions.",Mitigation,sub,0,0.5988,False,True,True,"The extracted policy is directionally aligned with the ground truth because it mentions traffic control and low-emission zones to reduce emissions. However, it is much less specific and omits major core elements: the congestion charge for passenger traffic, the 2021–2025 implementation window, the linkage to the Budapest Mobility Plan, the P+R expansion target of 22,000 spaces by 2030, and related parking reforms. Commitment strength is also softened, as the ground truth says to implement concrete measures, while the extraction gives only a vague general statement."
Budapest_HU,15,16,"A1: Increase and improve green areas and water surfaces, including creating/expanding support instruments (e.g., Environmental Protection Fund) for green community areas, green roofs, roof gardens, and green walls, with a target green area intensity value increase (52.5% to 57%) by 2030.",Adaptation,sub,Increase the ratio of green areas and water surfaces.,Nature-Based Solutions,sub,0,0.7319,False,True,False,"The extracted policy captures the general direction of the ground-truth policy—raising the share of green areas and water surfaces—but it is too vague to be a full match. It omits key specifics: the quantified target (green area intensity from 52.5% to 57%), the deadline (by 2030), and the implementation mechanisms/support instruments (e.g., Environmental Protection Fund, green community areas, green roofs, roof gardens, green walls). With no source excerpt provided, the extracted statement is directionally correct but lacks specificity and commitment detail."
Budapest_HU,16,17,"A2: Create new public-purpose green areas (parks, gardens, promenades) and improve quality; increase per-capita green area supply to 7 m²/person by 2030 and 9 m²/person by 2050.",Adaptation,sub,"Improve the ratio of green area and forest area, including new parks and afforestation.",Nature-Based Solutions,sub,0,0.6791,False,True,False,"The extracted policy is directionally aligned with the ground-truth because it refers to increasing green/forest area and mentions new parks, which overlaps with creating new public-purpose green areas. However, it misses key specifics: the per-capita green area targets (7 m²/person by 2030 and 9 m²/person by 2050), the quality-improvement component, and the broader types of public green spaces (gardens, promenades). It also adds 'afforestation' and forest area, which are not clearly part of the ground-truth as stated. With no source excerpt provided to verify wording, this is best scored as an imprecise but generally correct match."
Budapest_HU,17,18,"A3: Implement small watercourse revitalization programs (blue infrastructure), with a pilot on Rákos creek including an ecotourism corridor project to be implemented until 2024 and a target of 10 km revitalized sections by 2026.",Adaptation,sub,Revitalize small watercourses as blue infrastructure.,Nature-Based Solutions,sub,0,0.6583,False,True,False,"The extracted policy matches the general direction of the ground-truth—revitalizing small watercourses as blue infrastructure—but it omits key specifics that make the policy concrete. Missing are the pilot on Rákos creek, the ecotourism corridor project, the implementation deadline of 2024, and the quantified target of 10 km revitalized by 2026. Because the core intent is captured but the specificity, targets, and timelines are absent, this is directionally correct but too vague for a full match."
Budapest_HU,18,19,"A4: Elaborate a 10-year rolling plan for planting trees in public spaces with annual timetables, technical preparation, and a communication protocol for tree felling/replacement; target managed public-space trees increasing from 107,000 (2020) to 130,000 by 2030.",Adaptation,sub,Prepare and implement a plan for planting trees in public spaces.,Nature-Based Solutions,sub,0,0.7161,False,True,False,"The extracted policy matches the general intent of the ground-truth—planning tree planting in public spaces—but it is too vague. It omits the key specifics that make the policy actionable: the 10-year rolling plan, annual timetables, technical preparation, the communication protocol for tree felling/replacement, and the quantified target of increasing managed public-space trees from 107,000 in 2020 to 130,000 by 2030. It also weakens specificity on implementation details and timeline, so this is only a directional match."
Budapest_HU,19,20,"A5: Initiate amendments to higher-level and municipal legal rules to strengthen tree protection, including expert involvement in felling decisions and options for compensation payments to the Environmental Fund; update Budapest’s Regulation No. 10/2005 and require relevant standards in public procurement.",Adaptation,sub,Amend legal rules to protect trees more effectively.,Nature-Based Solutions,sub,0,0.6658,False,True,False,"The extracted policy matches the general intent of the ground-truth—amending legal rules to strengthen tree protection—but it is too vague to earn a full match. It omits key specifics from the ground-truth, including the higher-level and municipal scope, expert involvement in felling decisions, compensation payments to the Environmental Fund, updating Budapest’s Regulation No. 10/2005, and requiring standards in public procurement. With no source excerpt provided, this is directionally correct but lacks the target mechanisms and specificity."
Budapest_HU,20,21,"A6: Establish and operate a uniform, up-to-date green space cadastre for Budapest by 2024, expanding the FATÁR system to include district-managed green areas and ensuring methodology, data obligations, access, publicity, and integration.",Adaptation,sub,"Establish and operate a uniform, up-to-date green space cadastre.",Nature-Based Solutions,sub,0,0.686,False,True,False,"The extracted policy matches the core action of the ground truth: establishing and operating a uniform, up-to-date green space cadastre. However, it omits key specificity and scope details present in the ground truth, including the deadline (by 2024), the mechanism of expanding the FATÁR system, inclusion of district-managed green areas, and requirements on methodology, data obligations, access, publicity, and integration. With no source excerpt provided, there is no basis to verify stronger commitment language, so this is directionally correct but materially incomplete."
Budapest_HU,21,22,A7: Promote revitalization of brownfield areas by updating and publishing a brownfield cadastre and modifying urban planning instruments to prioritize green-area use and redirect development to brownfields rather than designating new buildable greenfield areas; support temporary greening on municipally managed properties.,Nature-Based Solutions,sub,Promote the revitalisation of brown-field areas for green uses.,Nature-Based Solutions,sub,0,0.7831,False,True,True,"The extracted policy captures the general intent of promoting brownfield revitalization, but it is much vaguer and omits key specifics from the ground truth: updating and publishing a brownfield cadastre, modifying urban planning instruments, prioritizing redevelopment of brownfields over new greenfield designation, and supporting temporary greening on municipally managed properties. It also slightly shifts the meaning toward brownfields 'for green uses,' whereas the ground truth includes both redevelopment redirection and temporary greening. Directionally correct but insufficiently specific."
Budapest_HU,23,23,A8: Protect ventilation corridors through Budapest’s Settlement Structure Plan and Rules of Urban Planning by not supporting new buildable area designation or increased building heights in these corridors; compile a manual of good district examples to support climate-protection-related planning instrument review (continuous 2021–2030).,Adaptation,sub,Protect ventilation corridors and ensure sufficient airspace ratios in streets.,Adaptation,sub,0,0.5628,False,True,True,"The extracted policy matches the general intent of protecting ventilation corridors, but it omits key specifics from the ground truth: the implementation mechanism (Budapest’s Settlement Structure Plan and Rules of Urban Planning), the concrete restrictions (not supporting new buildable area designation or increased building heights), the additional action (compile a manual of good district examples), and the timeframe (continuous 2021–2030). The added phrase about ensuring sufficient airspace ratios in streets is directionally related but not enough to capture the full policy commitment."
Budapest_HU,26,25,A10: Develop and further construct flood control structures to increase the length of flood protection line meeting DFE + 1.3m safety level from 33.73 km (2019) to 69 km by 2030.,Adaptation,sub,Construct and develop flood control structures to raise flood protection lines to safety standards.,Adaptation,sub,0,0.7159,False,True,True,"The extracted policy matches the general intent of the ground-truth: developing/constructing flood control structures to improve flood protection lines to a safety standard. However, it omits the key quantified target and deadline that make the policy specific: increasing the length meeting DFE + 1.3m from 33.73 km in 2019 to 69 km by 2030. It also drops the exact safety level designation. Directionally correct but too vague on scope and specificity."
Budapest_HU,25,26,Aá-3 objective: Develop the flood control system.,Adaptation,parent,Regulate surface runoff and build the system required for its safety.,Adaptation,sub,0,0.5861,False,False,True,"The extracted policy is directionally aligned with the ground-truth because both concern flood/runoff management and building a protective system. However, it is less accurate and specific: it shifts from the clear objective 'Develop the flood control system' to the vaguer 'Regulate surface runoff and build the system required for its safety,' adding an unsupported safety framing and not clearly naming a flood control system. With no source excerpt to verify wording, this is only a partial match rather than an exact one."
Budapest_HU,29,27,"A12: Support on-site rainwater retention and utilization (and greywater use) through integrating such systems into public investments and creating regulatory instruments and support schemes for private investments; require/encourage delayed runoff, retention or reuse for major emitters (e.g., industry, malls, office blocks) (continuous).",Adaptation,sub,Support the utilization and retention of rainwater.,Adaptation,sub,0,0.6956,False,True,True,"The extracted policy matches the general intent of the ground-truth by referring to supporting rainwater utilization and retention. However, it is too vague and omits key specifics: greywater use, integration into public investments, regulatory instruments and support schemes for private investments, requirements/encouragement for delayed runoff/retention/reuse for major emitters, and the continuous implementation aspect. With no source excerpt provided, it cannot be verified further, but relative to the ground truth it is only directionally correct."
Budapest_HU,31,28,"A13: Adapt the transport system to extreme weather by incorporating climate considerations into design standards, materials and procurement; consider permeable pavements, tree planting/grassing of tracks, and develop emergency scenarios for service disruptions (continuous).",Adaptation,sub,Prepare the transport system for extreme weather phenomena.,Adaptation,sub,0,0.6441,False,True,True,"The extracted policy captures the general intent of adapting the transport system to extreme weather, so it is directionally correct. However, it is much less specific than the ground truth: it omits the concrete mechanisms (climate-informed design standards, materials, procurement, permeable pavements, tree planting/grassing of tracks, emergency scenarios for disruptions) and the continuous nature of the action. Commitment strength is also softened from a detailed adaptation program to a broad preparation statement."
Budapest_HU,32,29,"A14: Ensure hazard control and emergency planning accounts for climate-change-related extreme events (drought, flood, flash flood, critical infrastructure damage) and review citizen information publications accordingly (continuous).",Adaptation,sub,Control hazards caused by extreme weather phenomena through disaster preparedness and emergency management.,Adaptation,sub,0,0.6621,False,True,True,"The extracted policy is directionally aligned with the ground truth on managing hazards from extreme weather via preparedness/emergency management. However, it misses important specifics: it does not mention climate-change-related extreme events explicitly, omits the listed event types (drought, flood, flash flood, critical infrastructure damage), and leaves out the requirement to review citizen information publications on a continuous basis. Commitment and mechanism are therefore substantially softened and less specific."
Budapest_HU,33,30,"A15: Examine climate vulnerability of drinking water bases and supply and implement climate-adaptive development/operation, including capacity enhancements and reconstruction of water production wells; Budapest Waterworks has started development of 60 water production wells (timeframe 2022).",Adaptation,sub,Examine the climate vulnerability of water bases and drinking water supply and adapt their operation.,Adaptation,sub,0,0.696,False,True,True,"The extracted policy matches the general intent of the ground-truth: assessing climate vulnerability of drinking water bases/supply and adapting operations. However, it omits key specifics and mechanisms present in the ground-truth, including climate-adaptive development beyond operation, capacity enhancements, reconstruction of water production wells, and the concrete implementation detail that Budapest Waterworks started development of 60 water production wells in 2022. Because the core direction is correct but materially underspecified, the match is only partial."
Budapest_HU,34,31,"A16: Incorporate preparation for windstorms and flood/flash flood/inundation risks into preservation and renovation of municipal buildings, including attention to sizing of structures, basements, windows, sun shades, and waterproofing (by 2030).",Adaptation,sub,Prepare buildings for extreme weather during preservation and renovation works.,Adaptation,sub,0,0.567,False,True,True,"The extracted policy is directionally consistent with the ground-truth because it refers to preparing buildings for extreme weather during preservation and renovation. However, it is much less specific: it omits the particular hazards (windstorms, flood/flash flood/inundation), the municipal building scope, the detailed measures (sizing, basements, windows, sun shades, waterproofing), and the 2030 deadline. With no source excerpt provided, this is best graded as a vague but generally aligned match rather than a full match."
Budapest_HU,36,32,"A17: Prepare a detailed climate change risk and vulnerability assessment for natural values by 2023, to support nature conservation and invasive species control.",Adaptation,sub,Prepare a detailed climate change risk and vulnerability assessment for natural values.,Adaptation,sub,0,0.7563,False,True,True,"The extracted policy matches the core action in the ground-truth: preparing a detailed climate change risk and vulnerability assessment for natural values. However, it omits key specificity present in the ground-truth, namely the deadline ('by 2023') and the stated purpose/mechanism ('to support nature conservation and invasive species control'). With no source excerpt provided, this is best scored as directionally correct but incomplete rather than a full match."
Budapest_HU,37,33,"A18: Expand protected natural sites of local importance, examining extensions continuously, targeting growth from 861 ha (2019) to 1,200 ha by 2026 (and referencing further planned additions).",Nature-Based Solutions,sub,Continue expanding and extending protected natural sites of local importance.,Nature-Based Solutions,sub,0,0.7473,False,True,True,"The extracted policy matches the general direction of the ground-truth by stating continued expansion/extension of protected natural sites of local importance. However, it omits the key quantified target (from 861 ha in 2019 to 1,200 ha by 2026), the ongoing examination mechanism, and the reference to further planned additions. With no source excerpt provided, there is no basis to verify stronger alignment, so this is directionally correct but too vague and underspecified for a full match."
Budapest_HU,38,34,"A19: Implement environmental/nature conservation management including confinement of invasive plant and animal species in protected natural sites, supported by continuous monitoring and data collection; target is to reduce the highest coverage ratio of invasive plant species by 2030.",Nature-Based Solutions,sub,Manage environmental protection and confine invasive plant and animal species.,Nature-Based Solutions,sub,0,0.6673,False,True,True,"The extracted policy matches the general intent of the ground-truth by covering environmental/nature conservation management and confinement of invasive plant and animal species. However, it omits key specifics: protected natural sites, continuous monitoring and data collection as the delivery mechanism, and the quantified/time-bound target to reduce the highest coverage ratio of invasive plant species by 2030. Because the direction is correct but important target and mechanism details are missing, this is only a partial match."
Budapest_HU,39,35,"SZ-1 objective: Implement climate-conscious city management, with cooperative leadership by the Municipality taking the lead in climate protection.",Mitigation,parent,Make city management climate conscious and lead by example in climate protection.,Mitigation,parent,1,0.7174,True,True,True,"The extracted policy closely matches the ground-truth objective in scope and intent: both call for climate-conscious city management and leadership/leading by example in climate protection. Although the source excerpt is not provided and both formulations are high-level rather than specific, the extraction accurately captures the core commitment without adding contradictory details."
Budapest_HU,40,36,"SZ1: Promote climate-conscious operation within the Mayor’s Office and its companies through supported initiatives and training, targeting 1,500 persons participating in training by 2030.",Mitigation,sub,Support climate-conscious workplaces and colleagues through internal training and behavior change.,Mitigation,sub,0,0.5855,False,True,True,"The extracted policy matches the general intent of promoting climate-conscious behavior in workplaces through training, which aligns directionally with the ground-truth. However, it omits key specifics: the scope is softened from the Mayor’s Office and its companies to a generic workplace context, the supported initiatives component is missing, and the quantified target and deadline of 1,500 persons by 2030 are absent. Commitment is therefore too vague for a full match."
Budapest_HU,41,37,"SZ2: Integrate horizontal climate protection principles into urban development and sectoral strategies, climate due diligence for major investments, and into decrees and tender criteria; ongoing continuous implementation.",Mitigation,sub,"Enforce horizontal climate protection principles in urban development, planning, tenders, and investments.",Mitigation,sub,0,0.7401,False,True,True,"The extracted policy matches the general intent of the ground-truth: applying horizontal climate protection principles across urban development, tenders, and investments. However, it is less specific and omits several important elements present in the ground truth, including integration into sectoral strategies, climate due diligence for major investments, inclusion in decrees, and the ongoing/continuous implementation aspect. Commitment strength is similar but the extraction is broader and less precise on mechanisms."
Budapest_HU,42,38,"SZ3: Operate the Budapest Climate Change Platform and an online platform to share best practices and build partnerships, targeting 20 sessions and 30,000 visitors by 2030.",Adaptation,sub,Operate the Budapest Climate Change Program and a dedicated online platform to share best practices and improve partnerships.,Mitigation,sub,0,0.7808,False,True,False,"The extracted policy matches the general intent and mechanism: operating a Budapest climate initiative and an online platform to share best practices and support partnerships. However, it is less specific and slightly imprecise relative to the ground truth. It changes 'Platform' to 'Program,' omits the quantified targets of 20 sessions and 30,000 visitors, and leaves out the 2030 deadline. With no source excerpt provided to verify wording, this is directionally correct but missing key specificity and target details."
Budapest_HU,43,39,"SZ4: Establish cooperation with the corporate sector to support Budapest’s climate objectives, including involving companies in financing/implementing mitigation, adaptation and awareness measures and organizing climate-friendly alliances, voluntary commitments, awards and competitions (continuous to 2030).",Adaptation,sub,Establish cooperation with the corporate sector to support Budapest's climate objectives.,Mitigation,sub,0,0.8127,False,True,False,"The extracted policy captures the general intent of cooperating with the corporate sector to support Budapest’s climate objectives, but it omits most of the specificity in the ground truth. Missing are the concrete mechanisms and scope: involving companies in financing and implementing mitigation, adaptation, and awareness measures; organizing climate-friendly alliances; voluntary commitments; awards and competitions; and the continuous timeframe to 2030. With no source excerpt provided, this is best graded as directionally correct but too vague."
Budapest_HU,46,41,"Carry out thematic awareness-raising campaigns and informational activities via the Mayor’s Office and Budapest business organisations, focusing on reducing household energy consumption, with annual financing of HUF 100 million and 2030 energy/CO2 targets.",Mitigation,individual,Run thematic awareness-raising campaigns and informational activities to reduce household energy consumption.,Mitigation,sub,0,0.7139,False,False,True,"The extracted policy matches the general action in the ground-truth—awareness-raising and informational activities aimed at reducing household energy consumption. However, it omits important specificity and implementation details: delivery via the Mayor’s Office and Budapest business organisations, the annual financing level of HUF 100 million, and the linkage to 2030 energy/CO2 targets. With no source excerpt provided to verify wording, this is directionally correct but materially incomplete rather than a full match."
Budapest_HU,47,42,"Develop the adaptation knowledge and ability of the population (heat waves, rainwater management, property protection, green infrastructure) through ongoing information/awareness actions, targeting 100,000 people reached by 2030.",Adaptation,individual,"Develop the population's adaptation knowledge and ability, especially for heat waves, rainwater management, property protection, and green infrastructure.",Adaptation,sub,0,0.8388,False,False,True,"The extracted policy matches the general scope of the ground-truth: it focuses on developing the population’s adaptation knowledge and ability in the same thematic areas (heat waves, rainwater management, property protection, green infrastructure). However, it omits key specificity and delivery details from the ground-truth, namely the mechanism of ongoing information/awareness actions and the quantified target of reaching 100,000 people by 2030. With no source excerpt provided, there is no basis to assess contradiction, but the extraction is materially less specific than the reference policy."
Budapest_HU,24,43,"A9: Prioritize climate protection in municipal public procurement and support schemes by promoting climate-friendly construction materials and technologies (e.g., permeable/high-albedo pavements, green roofs/façades) and consider adopting an environmental building rating scheme for municipal investments.",Mitigation,sub,Promote climate protection aspects in public services and public procurement.,Mitigation,sub,0,0.6877,False,True,True,"The extracted policy is directionally aligned with the ground-truth on prioritizing climate protection in municipal public procurement, but it is too vague and omits key specifics. It drops the procurement/support-schemes scope detail, the examples of climate-friendly construction materials and technologies (permeable/high-albedo pavements, green roofs/façades), and the consideration of an environmental building rating scheme for municipal investments. It also broadens to 'public services,' which is not stated in the ground-truth. With no source excerpt provided, this is best scored as an imprecise partial match rather than a full match."
California_US,0,0,Reduce California greenhouse gas emissions to 1990 levels by 2020 as required by AB 32.,Mitigation,individual,"California will reduce greenhouse gas emissions to 1990 levels by 2020, as required by AB 32.",Mitigation,individual,1,0.9138,True,True,True,"The extracted policy matches the ground-truth exactly in scope, target, deadline, and legal basis. It specifies reducing California greenhouse gas emissions to 1990 levels by 2020 and correctly cites AB 32, preserving the required commitment strength."
California_US,1,2,Set a California State government operations target to reduce GHG emissions by at least 30% below estimated business-as-usual emissions by 2020 (about 15% below current levels).,Mitigation,individual,California will establish a statewide greenhouse gas emissions reduction target of 15 percent below today's levels by 2020 for local governments.,Mitigation,individual,-1,0.7938,False,True,True,"The extracted policy does not match the ground-truth in scope or mechanism. The ground-truth is specifically a California State government operations target relative to business-as-usual emissions by 2020, quantified as at least 30% below BAU (about 15% below current levels). The extraction incorrectly broadens/changes scope to a statewide target for local governments and omits the core BAU framing and state-operations limitation. While it repeats the approximate 15% below current levels by 2020 figure, it misattributes what the target applies to, making it materially inaccurate."
California_US,5,9,Achieve a statewide Renewables Portfolio Standard of 33% renewable electricity by 2020.,Mitigation,individual,California will achieve a statewide renewable energy mix of 33 percent by 2020.,Mitigation,individual,1,0.7529,True,True,True,"The extracted policy closely matches the ground truth: it specifies a statewide target of 33% by 2020 and refers to renewable energy/electricity mix, which captures the core commitment and deadline accurately. Although it does not explicitly use the term 'Renewables Portfolio Standard,' the target, scope, and timing are all correctly conveyed with no contradiction."
California_US,2,10,"Develop and adopt a Low Carbon Fuel Standard to reduce the carbon intensity of California transportation fuels by at least 10% by 2020, with regulation for Board consideration in March 2009.",Mitigation,individual,California will develop and adopt the Low Carbon Fuel Standard to reduce the carbon intensity of transportation fuels.,Mitigation,individual,0,0.8755,False,True,True,"The extracted policy matches the general commitment and mechanism: developing and adopting a Low Carbon Fuel Standard to reduce the carbon intensity of transportation fuels. However, it omits key specifics from the ground truth, including the quantified target (at least 10%), the deadline (by 2020), and the implementation milestone (regulation for Board consideration in March 2009). With no source excerpt provided to verify wording, this is directionally correct but materially less specific."
California_US,6,14,"Implement the Million Solar Roofs Program goal to install 3,000 MW of new solar capacity by 2017 under existing solar programs.",Mitigation,individual,"California will install 3,000 MW of solar-electric capacity under its existing solar programs.",Mitigation,individual,0,0.6684,False,True,True,"The extracted policy captures the core target of 3,000 MW of solar capacity and the delivery mechanism of existing solar programs, which aligns directionally with the ground truth. However, it omits key specificity: the 2017 deadline and the framing as the Million Solar Roofs Program goal. It also slightly shifts from 'implement the ... goal' to a broader assertion that California will install the capacity. Because the main commitment is right but important details are missing, this is a partial match rather than exact."
Chicago_US,67,0,City of Chicago aims to reduce citywide GHG emissions by a minimum of 62% by 2040 (from 2017 inventory baseline).,Mitigation,individual,The City will reduce Chicago's greenhouse gas emissions by a minimum of 62% by 2040.,,individual,1,0.8966,True,True,False,"The extracted policy matches the ground-truth target and deadline exactly: a minimum 62% reduction in Chicago's greenhouse gas emissions by 2040. It preserves the commitment strength ('will reduce' vs. 'aims to reduce' is not materially weaker here) and the core scope. The only omitted detail is the explicit 2017 inventory baseline, but the central quantified target is captured accurately, so this is a strong match."
Chicago_US,2,1,"Retrofit residential buildings with 4 or fewer units: 20% by 2030 and 50% by 2040, prioritizing low- or moderate-income households.",Mitigation,sub,"The City will retrofit residential buildings with 4 or fewer units so that 20% are retrofitted by 2030 and 50% by 2040, prioritizing low- or moderate-income households.",,individual,1,0.894,True,False,False,"The extracted policy matches the ground-truth exactly in scope (residential buildings with 4 or fewer units), quantified targets (20% by 2030 and 50% by 2040), and prioritization mechanism (low- or moderate-income households). Commitment strength is consistent with the ground-truth."
Chicago_US,3,2,Retrofit 20% of total 5+ unit residential buildings by 2030.,Mitigation,sub,The City will retrofit 20% of total 5+ unit residential buildings by 2030.,,individual,1,0.8896,True,False,False,"The extracted policy matches the ground-truth exactly in scope, target, and deadline: retrofit 20% of total 5+ unit residential buildings by 2030. Commitment strength is equivalent, with no material deviation or missing detail."
Chicago_US,4,3,Retrofit 20% of total industrial buildings by 2030.,Mitigation,sub,The City will retrofit 20% of total industrial buildings by 2030.,,individual,1,0.871,True,False,False,"The extracted policy matches the ground-truth exactly in scope (industrial buildings), quantified target (20%), and deadline (by 2030). Commitment strength is equivalent ('will retrofit'). No contradiction or missing detail is evident."
Chicago_US,5,4,Retrofit 90% of total city-owned and sister agency-owned buildings by 2035.,Mitigation,sub,The City will retrofit 90% of total City-owned and sister agency-owned buildings by 2035.,,individual,1,0.9111,True,False,False,"The extracted policy matches the ground-truth exactly in scope, target, and deadline: retrofit 90% of total city-owned and sister agency-owned buildings by 2035. Commitment strength is equivalent ('will retrofit'), and there are no inaccuracies or missing key details."
Chicago_US,7,6,Install 5 megawatts of co-owned community solar projects by 2025.,Mitigation,sub,The City will install 5 megawatts of co-owned community solar projects by 2025.,,individual,1,0.8689,True,False,False,"The extracted policy matches the ground-truth exactly in scope, quantified target (5 megawatts), mechanism/type of project (co-owned community solar), and deadline (by 2025). Commitment strength is also aligned via 'will install.' No source excerpt is provided to check against, but relative to the ground-truth this is a precise match."
Chicago_US,8,7,Increase Chicago-based community renewables to 20 megawatts by 2025.,Mitigation,sub,The City will increase Chicago-based community renewables to 20 megawatts by 2025.,,individual,1,0.9138,True,False,False,"The extracted policy matches the ground-truth exactly in scope, target, and deadline: increasing Chicago-based community renewables to 20 megawatts by 2025. Commitment strength is consistent ('will increase'). No source excerpt is provided to check against, but relative to the ground-truth this is a precise match."
Chicago_US,9,8,Increase community renewables subscriptions so that low-income and/or environmental-justice low-income residents account for 25% subscribed by 2030.,Mitigation,sub,The City will increase community renewables subscriptions so that 25% are subscribed by low-income and/or environmental justice low-income residents by 2030.,,individual,1,0.8949,True,False,False,"The extracted policy matches the ground-truth closely in scope, target, population, and deadline. It preserves the quantified target of 25%, the 2030 timeline, and the focus on low-income and/or environmental-justice low-income residents accounting for that share of community renewables subscriptions. Commitment strength is equivalent ('will increase'). No meaningful details are lost or contradicted."
Chicago_US,12,9,Introduce community-wide organic waste collection and decomposition by 2025.,Mitigation,sub,The City will introduce community-wide organic waste collection and decomposition by 2025.,,individual,1,0.8981,True,False,False,"The extracted policy matches the ground-truth exactly in scope, action, and deadline: community-wide organic waste collection and decomposition by 2025. It preserves the same commitment and specificity. No source excerpt is provided to test against document wording, but relative to the ground-truth this is a complete match."
Chicago_US,13,10,Implement equitable waste source prevention strategies by 2030.,Resource Efficiency,sub,The City will implement equitable waste source prevention strategies by 2030.,,individual,1,0.8788,True,False,False,"The extracted policy matches the ground-truth exactly in scope, commitment, and deadline: implementing equitable waste source prevention strategies by 2030. It preserves the same action, equity qualifier, and timeline, with no added or contradictory detail."
Chicago_US,14,11,"Divert 90% of commercial, industrial, and institutional waste by 2030.",Mitigation,sub,"The City will divert 90% of commercial, industrial, and institutional waste by 2030.",,individual,1,0.8807,True,False,False,"The extracted policy matches the ground-truth exactly in scope (commercial, industrial, and institutional waste), quantified target (90% diversion), and deadline (by 2030). Commitment strength is equivalent, with no material change in meaning."
Chicago_US,15,12,Divert 75% of construction and demolition waste by 2030.,Mitigation,sub,The City will divert 75% of construction and demolition waste by 2030.,,individual,1,0.882,True,False,False,"The extracted policy matches the ground-truth exactly in scope, target, and deadline: divert 75% of construction and demolition waste by 2030. It preserves the same level of specificity and commitment. Although the source document excerpt is not provided, relative to the ground-truth this is an exact match."
Chicago_US,16,13,Enable building design for disassembly and reuse by 2035.,Mitigation,sub,The City will enable building design for disassembly and reuse by 2035.,,individual,1,0.8695,True,False,False,"The extracted policy matches the ground-truth exactly in scope and timing: enabling building design for disassembly and reuse by 2035. The added subject ('The City will') preserves the same commitment and does not alter meaning. Although no source excerpt is provided for verification against document text, relative to the ground-truth this is a precise match."
Chicago_US,17,14,Divert 90% of residential waste by 2040.,Mitigation,sub,The City will divert 90% of residential waste by 2040.,,individual,1,0.8738,True,False,False,"The extracted policy matches the ground-truth exactly in scope (residential waste), target (90% diversion), and deadline (by 2040). Commitment strength is equivalent and there is no added or contradictory content."
Chicago_US,20,15,"Expand high-quality and low-stress on-street bikeways and off-street trails, including adding by end of 2024: 25 miles protected bike lanes, 25 miles neighborhood greenways, and eliminating 15 miles of gaps in the bikeways network.",Mitigation,sub,The City will expand high-quality and low-stress on-street bikeways and off-street trails.,,individual,0,0.8033,False,False,False,"The extracted policy matches the general intent and scope of the ground-truth by stating the city will expand high-quality and low-stress on-street bikeways and off-street trails. However, it omits all key specificity: the end-of-2024 deadline, the quantified commitments to add 25 miles of protected bike lanes, 25 miles of neighborhood greenways, and eliminate 15 miles of network gaps. With no source excerpt provided to verify wording, this is directionally correct but materially incomplete."
Chicago_US,21,16,Increase Divvy bikes and shared micromobility trips 30% by 2030.,Mitigation,sub,The City will increase Divvy bikes and shared micromobility trips by 30% by 2030.,,individual,1,0.8932,True,False,False,"The extracted policy matches the ground-truth exactly in scope, quantified target, and deadline: increasing Divvy bikes and shared micromobility trips by 30% by 2030. Commitment strength is equivalent ('will increase'). No source excerpt is provided to identify any contradiction."
Chicago_US,22,17,"Enable Chicagoans to walk, bike, take transit, or use shared micromobility for 45% of all trips by 2040.",Mitigation,sub,"The City will enable Chicagoans to walk, bike, take transit, or use shared micromobility for 45% of all trips by 2040.",,individual,1,0.9202,True,False,False,"The extracted policy matches the ground-truth exactly in scope, target, mode coverage, and deadline: enabling Chicagoans to walk, bike, take transit, or use shared micromobility for 45% of all trips by 2040. Commitment strength and specificity are fully preserved."
Chicago_US,24,18,"Update land use policies to encourage sustainable development, accessibility, and street safety by 2023.",Mitigation,sub,"The City will update land use policies to encourage sustainable development, accessibility, and street safety by 2023.",,individual,1,0.9092,True,False,False,"The extracted policy matches the ground-truth exactly in scope, commitment, and deadline: updating land use policies to encourage sustainable development, accessibility, and street safety by 2023. It preserves the same action, objectives, and timing with no added or missing material."
Chicago_US,25,19,Expand use of commuter benefits by 2024.,Mitigation,sub,The City will expand use of commuter benefits by 2024.,,individual,1,0.8907,True,False,False,"The extracted policy matches the ground-truth exactly in scope, timing, and commitment: both state expanding use of commuter benefits by 2024. There is no added or contradictory detail."
Chicago_US,26,20,Require transportation demand management plans for new development by 2025.,Mitigation,sub,The City will require transportation demand management plans for new development by 2025.,,individual,1,0.883,True,False,False,"The extracted policy matches the ground-truth exactly in scope, commitment, mechanism, and deadline: it requires transportation demand management plans for new development by 2025. Although no source excerpt is provided to verify against, the extracted statement is fully aligned with the ground-truth policy."
Chicago_US,27,21,Update citywide car and bike parking requirements by 2025.,Mitigation,sub,The City will update citywide car and bike parking requirements by 2025.,,individual,1,0.89,True,False,False,"The extracted policy matches the ground-truth exactly in scope, action, and deadline: updating citywide car and bike parking requirements by 2025. It preserves the same level of specificity and commitment. No contradiction or missing core detail."
Chicago_US,28,22,Increase CTA ridership 20% by 2030 (relative to 2019 pre-pandemic baseline).,Mitigation,sub,The City will increase CTA ridership by 20% by 2030.,,individual,1,0.7996,True,False,False,"The extracted policy matches the core commitment, quantified target, and deadline in the ground truth: increasing CTA ridership by 20% by 2030. The only omitted detail is the reference to the 2019 pre-pandemic baseline, but the main scope and specificity are otherwise aligned, so this is a strong match."
Chicago_US,30,23,"Enable electric freight loading docks at commercial and industrial buildings, addressing new buildings by 2025 and existing buildings by 2030.",Mitigation,sub,"The City will enable electric freight loading docks at commercial and industrial buildings, addressing new buildings by 2025 and existing buildings by 2030.",,individual,1,0.889,True,False,False,"The extracted policy matches the ground-truth exactly in scope, commitment, and specificity. It includes the same measure (enable electric freight loading docks), the same covered sectors (commercial and industrial buildings), and the same deadlines for new buildings (2025) and existing buildings (2030). No discrepancies or missing details."
Chicago_US,31,24,Support equitable electrification of ride-hail and taxi fleets by 2030.,Mitigation,sub,The City will support equitable electrification of ride-hail and taxi fleets by 2030.,,individual,1,0.9019,True,False,False,"The extracted policy matches the ground-truth exactly in scope, commitment, and deadline: support equitable electrification of ride-hail and taxi fleets by 2030. Although no source excerpt is provided for verification against the document, relative to the ground-truth this is a precise match."
Chicago_US,32,25,Enable 100% electrification of delivery fleets by 2035.,Mitigation,sub,The City will enable 100% electrification of delivery fleets by 2035.,,individual,1,0.8733,True,False,False,"The extracted policy matches the ground-truth exactly in scope, target, and deadline: it states enabling 100% electrification of delivery fleets by 2035. Commitment strength is unchanged, and there is no added or contradictory content."
Chicago_US,33,26,Electrify 100% of the City's fleet by 2035.,Mitigation,sub,The City will electrify 100% of the City's fleet by 2035.,,individual,1,0.8974,True,False,False,"The extracted policy exactly matches the ground-truth policy in scope, target, and deadline: electrify 100% of the City's fleet by 2035. It preserves the same commitment strength and specificity, with no added or missing elements."
Chicago_US,34,27,Achieve zero-emission transit fleets across Chicagoland by 2040.,Mitigation,sub,The City will achieve zero-emission transit fleets across Chicagoland by 2040.,,individual,1,0.9112,True,False,False,"The extracted policy matches the ground-truth exactly in commitment, scope, and deadline: zero-emission transit fleets across Chicagoland by 2040. The only minor wording difference is 'The City will,' which does not materially change the substance given no source excerpt is provided to indicate a mismatch."
Chicago_US,37,28,"Aggregate 5,000 megawatts of clean renewable energy within a 250-mile radius of Chicago by 2030.",Mitigation,sub,"The City will aggregate 5,000 megawatts of clean renewable energy within a 250-mile radius of Chicago by 2030.",,individual,1,0.9256,True,False,False,"The extracted policy matches the ground-truth exactly in scope, quantified target (5,000 megawatts), geographic constraint (within a 250-mile radius of Chicago), and deadline (by 2030). Commitment strength is equivalent."
Chicago_US,38,29,Install 30 megawatts of clean renewable energy projects on City property by 2030.,Mitigation,sub,The City will install 30 megawatts of clean renewable energy projects on City property by 2030.,,individual,1,0.9167,True,False,False,"Exact match to the ground-truth policy. The extracted policy preserves the quantified target (30 megawatts), scope/location (on City property), action/mechanism (install clean renewable energy projects), and deadline (by 2030) with the same commitment strength."
Chicago_US,39,30,Achieve 100% clean renewable energy community-wide by 2035.,Mitigation,sub,The City will achieve 100% clean renewable energy community-wide by 2035.,,individual,1,0.8687,True,False,False,"The extracted policy matches the ground-truth exactly in scope, target, and deadline: achieving 100% clean renewable energy community-wide by 2035. Commitment strength is equivalent ('will achieve' aligns with the target statement). No source excerpt is provided to test against underlying document language, but relative to the ground-truth this is a precise match."
Chicago_US,41,31,Enact policies that support electrified renovations and new construction by 2023.,Mitigation,sub,The City will enact policies that support electrified renovations and new construction by 2023.,,individual,1,0.8864,True,False,False,"The extracted policy matches the ground-truth exactly in scope, commitment, mechanism, and deadline: enacting policies to support electrified renovations and new construction by 2023. Commitment strength is aligned ('will enact'). No conflicting or missing details."
Chicago_US,42,32,Electrify 30% of total existing residential buildings by 2035.,Mitigation,sub,The City will electrify 30% of total existing residential buildings by 2035.,,individual,1,0.8545,True,False,False,"The extracted policy matches the ground-truth exactly in scope (existing residential buildings), quantified target (30%), action (electrify), and deadline (by 2035). Commitment strength is consistent with the ground-truth. No source excerpt is provided to check against, but relative to the ground-truth this is a precise match."
Chicago_US,43,35,Electrify 90% of total existing City-owned buildings by 2035.,Mitigation,sub,The City will electrify 90% of total existing City-owned buildings by 2035.,,individual,1,0.8958,True,False,False,"The extracted policy exactly matches the ground-truth policy in scope, target, and deadline: electrify 90% of total existing City-owned buildings by 2035. It preserves the same level of specificity and commitment. No source excerpt is provided to test against underlying document language, but relative to the ground truth this is a precise match."
Chicago_US,44,36,"Enable 2,500 new public passenger electric vehicle charging stations by 2035, prioritizing low- and middle-income communities.",Mitigation,sub,"The City will enable 2,500 new public passenger electric vehicle charging stations by 2035.",,individual,0,0.8446,False,False,False,"The extracted policy matches the core quantified target and deadline: enabling 2,500 new public passenger EV charging stations by 2035. However, it omits the prioritization mechanism for low- and middle-income communities that is part of the ground-truth policy. This makes it directionally correct but less specific and incomplete."
Chicago_US,46,37,"Strengthen policies that support installation of green roofs and walls, tree planting, and other vegetative cover by 2023.",Adaptation,sub,"The City will strengthen policies that support installation of green roofs and walls, tree planting, and other vegetative cover by 2023.",,individual,1,0.8933,True,False,False,"The extracted policy matches the ground-truth exactly in scope, commitment, mechanism, and deadline. It includes the same action ('strengthen policies'), the same supported measures (green roofs and walls, tree planting, and other vegetative cover), and the same timing ('by 2023')."
Chicago_US,47,38,Enable net-zero-carbon construction by 2040.,Mitigation,sub,The City will enable net-zero-carbon construction by 2040.,,individual,1,0.8188,True,False,False,"The extracted policy matches the ground-truth exactly in scope, target, and timing: it commits to enabling net-zero-carbon construction by 2040. The added subject ('The City') is consistent with policy framing and does not alter the meaning. No source excerpt is provided to check document wording, but relative to the ground-truth this is a precise match."
Chicago_US,49,39,Develop a fossil-fuel plants transition strategy (peaker plant transition strategy) by 2024.,Mitigation,sub,The City will develop a fossil-fuel plants transition strategy by 2024.,,individual,1,0.7863,True,False,False,"The extracted policy matches the ground-truth on the core commitment and deadline: it commits to developing a fossil-fuel plants transition strategy by 2024. While it omits the parenthetical specificity 'peaker plant transition strategy,' it remains accurate and sufficiently specific rather than contradictory or vague. With no source excerpt provided to assess binding language further, this is still a strong match."
Chicago_US,51,40,Ensure 150 megawatts of energy storage by 2025.,Mitigation,sub,The City will ensure 150 megawatts of energy storage by 2025.,,individual,1,0.8633,True,False,False,"The extracted policy matches the ground-truth exactly in scope, target, deadline, and commitment strength: it states ensuring 150 megawatts of energy storage by 2025. No discrepancy is present."
Chicago_US,52,41,"Encourage 1,000 megawatts of new energy demand reduction by 2030, and 3,000 megawatts by 2040.",Mitigation,sub,"The City will encourage 1,000 megawatts of new energy demand reduction by 2030 and 3,000 megawatts by 2040.",,individual,1,0.8831,True,False,False,"The extracted policy matches the ground-truth exactly in scope, quantified targets, and deadlines: it states encouragement of 1,000 MW of new energy demand reduction by 2030 and 3,000 MW by 2040. Commitment strength also aligns ('will encourage' vs. 'encourage') without materially changing meaning. No inaccuracies or missing details are evident."
Chicago_US,55,42,Report energy burden by community area by 2023.,Mitigation,sub,The City will report energy burden by community area by 2023.,,individual,1,0.82,True,False,False,"The extracted policy matches the ground-truth exactly in scope, specificity, and deadline: it commits to reporting energy burden by community area by 2023. The added phrase 'The City will' is consistent with a clear commitment and does not alter the meaning."
Chicago_US,56,43,Develop a water and soil quality measurement and mitigation strategy by 2023.,Adaptation,sub,The City will develop a water and soil quality measurement and mitigation strategy by 2023.,,individual,1,0.8821,True,False,False,"The extracted policy matches the ground-truth exactly in scope, commitment, mechanism, and deadline: developing a water and soil quality measurement and mitigation strategy by 2023. The added subject ('The City will') is consistent and does not change the meaning."
Chicago_US,57,44,Establish a robust outdoor air quality monitoring network by 2025.,Adaptation,sub,The City will establish a robust outdoor air quality monitoring network by 2025.,,individual,1,0.8749,True,False,False,"The extracted policy matches the ground-truth exactly in scope, commitment, and timing: establishing a robust outdoor air quality monitoring network by 2025. It preserves the same delivery mechanism and deadline, with no added or conflicting content."
Chicago_US,59,45,Publish clean energy just transition metrics by 2022.,Mitigation,sub,The City will publish clean energy just transition metrics by 2022.,,individual,1,0.833,True,False,False,"The extracted policy matches the ground-truth exactly in substance, specificity, and timing: it commits to publishing clean energy just transition metrics by 2022. The addition of 'The City will' preserves the same commitment strength and does not alter scope or mechanism."
Chicago_US,60,46,Integrate community resilience and climate justice criteria into department-level strategic planning and annual budget setting by 2023.,Adaptation,sub,The City will integrate community resilience and climate justice criteria into department-level strategic planning and annual budget setting by 2023.,,individual,1,0.8774,True,False,False,"The extracted policy matches the ground-truth exactly in scope, commitment, mechanism, and deadline. It includes the same action (integrate community resilience and climate justice criteria), the same implementation channels (department-level strategic planning and annual budget setting), and the same deadline (by 2023). No inaccuracies or omissions are present."
Chicago_US,61,47,"Develop a Heat Vulnerability Index and integrate it into planning and development, community safety, and public health planning processes beginning in 2023.",Adaptation,sub,"The City will develop a Heat Vulnerability Index and integrate it into planning and development, community safety, and public health planning processes beginning in 2023.",,individual,1,0.891,True,False,False,"The extracted policy matches the ground-truth exactly in scope, commitment, mechanism, and timing. It includes the specific action to develop a Heat Vulnerability Index, the requirement to integrate it into planning and development, community safety, and public health planning processes, and the start date of 2023."
Chicago_US,62,48,"Publish citywide and community-level quality-of-life metrics on equity and sustainability by 2023, publicly reported every year.",Adaptation,sub,The City will publish citywide and community-level quality-of-life metrics on equity and sustainability by 2023.,,individual,0,0.8853,False,False,False,"The extracted policy matches the core action, scope, and deadline: publishing citywide and community-level quality-of-life metrics on equity and sustainability by 2023. However, it omits the ongoing mechanism/commitment that these metrics be publicly reported every year. Because a key specificity detail is missing, this is directionally correct but incomplete."
Chicago_US,63,49,Assess and optimize community-level emergency management strategies related to climate preparedness by 2024.,Adaptation,sub,The City will assess and optimize community-level emergency management strategies related to climate preparedness by 2024.,,individual,1,0.9027,True,False,False,"The extracted policy matches the ground-truth exactly in scope, action, and deadline: assessing and optimizing community-level emergency management strategies related to climate preparedness by 2024. It preserves the same commitment and specificity; adding 'The City will' does not change the meaning."
Chicago_US,65,50,Resource community-led climate infrastructure projects by 2022.,Adaptation,sub,The City will resource community-led climate infrastructure projects by 2022.,,individual,1,0.824,True,False,False,"The extracted policy matches the ground-truth exactly in commitment, mechanism, and deadline: resourcing community-led climate infrastructure projects by 2022. The added subject ('The City will') is consistent with a policy statement and does not change scope or strength. No source excerpt is provided, so grading is based on agreement with the ground-truth."
Chicago_US,66,51,Integrate community resiliency strategies with the City's hazard mitigation planning by 2023.,Adaptation,sub,The City will integrate community resiliency strategies with the City's hazard mitigation planning by 2023.,,individual,1,0.9242,True,False,False,"The extracted policy matches the ground-truth exactly in scope, commitment, mechanism, and deadline: integrating community resiliency strategies with the City's hazard mitigation planning by 2023. The commitment strength is equivalent ('will integrate'), and no contradictory or hallucinated details are introduced."
Chile_CL,75,0,"Chile will close all coal-fired power generation plants nationwide no later than 2040, with closures continuing through 2024 and beyond.",Mitigation,individual,"Chile will close all coal-fired power plants nationwide no later than 2040, with closures already underway at three plants and seven more to follow by 2024.",Mitigation,individual,1,0.9653,True,True,True,"The extracted policy closely matches the ground-truth in scope, timing, and commitment: nationwide closure of all coal-fired power plants by no later than 2040, with interim closures through 2024. It adds more specific implementation detail ('three plants and seven more by 2024') without contradicting the ground truth. This is a correct and sufficiently specific match."
Chile_CL,6,1,"In 2020, Chile will establish a public-private dialogue roundtable to define policy for the use of markets under Article 6, with guidelines to preserve environmental integrity, avoid double-counting, and promote sustainable development (M1).",Mitigation,sub,"Chile will establish a public-private dialogue roundtable in 2020 to define specific policy for the use of markets, with guidelines to preserve environmental integrity, avoid double-counting, and promote sustainable development.",Mitigation,individual,1,0.9014,True,False,True,"The extracted policy closely matches the ground-truth in scope, timing, and mechanism. It correctly identifies Chile, the 2020 establishment of a public-private dialogue roundtable, the purpose of defining policy for the use of markets, and the guidelines to preserve environmental integrity, avoid double-counting, and promote sustainable development. The omission of 'under Article 6' is minor and does not materially change the core commitment."
Chile_CL,5,2,"Chile will keep its GHG emissions budget to no more than 1,100 MtCO2eq for 2020–2030, with emissions peaking by 2025 and reaching 95 MtCO2eq by 2030 (M1).",Mitigation,sub,"Chile will reduce total black carbon emissions by at least 25% by 2030 relative to 2016 levels, monitored through permanent and periodic work to improve the black carbon inventory.",Mitigation,individual,-1,0.6856,False,False,True,"The extracted policy does not match the ground-truth policy. The ground truth is about Chile’s economy-wide GHG emissions budget for 2020–2030, including a peak by 2025 and a 2030 emissions level of 95 MtCO2eq. The extracted policy instead describes a separate black carbon reduction target of 25% by 2030 relative to 2016, with inventory monitoring. This is a different pollutant, different target structure, and different mechanism, so there is no meaningful match."
Chile_CL,25,3,"By 2030, establish Watershed Strategic Plans for Water Resources Management in Chile’s 101 hydrological basins, incorporating climate change adaptation (A7c).",Adaptation,sub,"Chile will strengthen climate adaptation planning and implementation through national, sectoral, and subnational plans, vulnerability studies, monitoring systems, and participation mechanisms.",Adaptation,parent,0,0.6417,False,False,True,"The extracted policy is directionally related to climate adaptation planning, but it does not match the ground-truth with sufficient specificity. The ground-truth commits to establishing Watershed Strategic Plans for Water Resources Management in Chile’s 101 hydrological basins by 2030, explicitly tied to climate change adaptation. The extracted policy is much broader and vaguer, referring generally to national, sectoral, and subnational plans, studies, monitoring, and participation mechanisms, without the watershed focus, the 101-basin scope, the water resources management mechanism, or the 2030 deadline. With no source excerpt provided, there is no basis to verify stronger alignment."
Chile_CL,15,4,"By 2021, develop a communal-level climate risk map platform for Chile's continental territory (A4a).",Adaptation,sub,"By 2021, Chile will define the objective, scope, goals, and structuring elements of the adaptation component in its Long Term Climate Strategy through a participatory process.",Adaptation,sub,-1,0.6364,False,True,True,"The extracted policy does not match the ground-truth policy. The ground truth is a specific commitment to develop by 2021 a communal-level climate risk map platform for Chile's continental territory. The extracted policy instead refers to defining the objective, scope, goals, and structuring elements of the adaptation component in the Long Term Climate Strategy through a participatory process. Although both mention a 2021 deadline and relate broadly to adaptation/climate planning, the scope, deliverable, and mechanism are different."
Chile_CL,9,5,"Strengthen national coordination on adaptation through the national adaptation plan and adaptation plans for 11 priority sectors, using them as inputs to an Adaptation Communication to the UNFCCC by 2022 at the latest (A2).",Adaptation,sub,"Chile will strengthen national adaptation coordination through the National Adaptation Plan and 11 sectoral adaptation plans, using them as inputs for the Adaptation Communication due by 2022.",Adaptation,sub,1,0.7546,True,True,True,"The extracted policy closely matches the ground truth in scope, mechanism, and deadline. It captures strengthening national adaptation coordination, the National Adaptation Plan plus 11 sectoral/priority-sector adaptation plans, and their use as inputs to an Adaptation Communication by 2022. The only minor omission is 'to the UNFCCC' and 'at the latest,' but these do not materially change the commitment."
Chile_CL,13,6,"By 2025, strengthen subnational climate capacities and institutionality and begin implementing adaptation/mitigation via Regional Climate Change Action Plans in 10 regions; by 2030, all 16 regions will have climate action plans (A3).",Adaptation,sub,"By 2025, Chile will strengthen subnational climate institutionality and begin implementing Regional Climate Change Action Plans in 10 regions, expanding to 16 regions by 2030.",Adaptation,sub,1,0.7844,True,True,True,"The extracted policy matches the ground-truth closely in scope, timeline, and targets: it includes strengthening subnational climate institutionality/capacities, beginning implementation of Regional Climate Change Action Plans in 10 regions by 2025, and expansion to all 16 regions by 2030. While it omits the explicit adaptation/mitigation phrasing and says 'expanding to 16 regions' rather than 'all 16 regions will have climate action plans,' the core commitment, deadlines, and delivery mechanism are accurately captured."
Chile_CL,14,7,"Update and expand climate vulnerability and risk studies during NDC implementation, considering gender, to inform adaptation measure design (A4).",Adaptation,sub,"During implementation, Chile will update and expand climate vulnerability and risk studies, including gender considerations, to inform adaptation measures.",Adaptation,sub,1,0.72,True,True,True,"The extracted policy matches the ground-truth closely in scope, commitment, and mechanism. It captures updating and expanding climate vulnerability and risk studies during implementation, includes gender considerations, and states the purpose of informing adaptation measures/design. The only minor variation is using 'During implementation' instead of explicitly 'during NDC implementation' and 'inform adaptation measures' instead of 'inform adaptation measure design,' but these do not materially change the meaning."
Chile_CL,18,8,"By 2026, strengthen the monitoring and evaluation system with progress and impact indicators for all climate change adaptation instruments (A5).",Adaptation,sub,"By 2026, Chile will strengthen its monitoring and evaluation system with indicators on progress and impact for all climate adaptation instruments.",Adaptation,sub,1,0.7999,True,True,True,"The extracted policy matches the ground-truth closely in deadline (by 2026), action (strengthen the monitoring and evaluation system), mechanism (use indicators on progress and impact), and scope (all climate adaptation instruments). The omission of 'change' from 'climate change adaptation instruments' does not materially alter meaning, and 'Chile will' preserves strong commitment."
Chile_CL,20,9,"By 2025, implement and keep updated a record of adaptation actions by non-governmental actors (A6a).",Adaptation,sub,"Chile will strengthen the inclusion of non-governmental actors in adaptation planning and implementation, including an updated record of adaptation actions by 2025 and public-private cooperation mechanisms by 2030.",Adaptation,sub,0,0.6657,False,True,True,"The extraction partially matches the ground-truth: it correctly captures the element of having an updated record of adaptation actions by non-governmental actors by 2025. However, it changes the scope and commitment by framing the policy broadly as strengthening inclusion of non-governmental actors in adaptation planning and implementation, which is not stated in the ground-truth. It also adds an extra mechanism and deadline—public-private cooperation mechanisms by 2030—not present in the ground-truth. Because the core 2025 record-keeping commitment is present but embedded in broader, unsupported content, this is directionally correct but imprecise."
Chile_CL,22,10,Enhance information mechanisms to manage climate change impacts on water resources to improve resilience (A7).,Adaptation,sub,"Chile will enhance information mechanisms for managing climate impacts on water resources to improve resilience, including watershed indicators, water-use certification, watershed strategic plans, rural health inspections, disaster risk plans, and sewage reduction targets.",Adaptation,sub,0,0.6683,False,True,True,"The extracted policy matches the general intent of the ground-truth: enhancing information mechanisms to manage climate change impacts on water resources and improve resilience. However, it adds several specific elements (watershed indicators, water-use certification, strategic plans, rural health inspections, disaster risk plans, sewage reduction targets) that are not present in the ground-truth and cannot be verified against the source excerpt, which was not provided. Because the core direction is correct but the added mechanisms may overstate specificity relative to the reference policy, this is directionally correct but imprecise."
Chile_CL,32,11,"By 2021, develop guidelines on climate change effects on human mobility in Chile aligned with international instruments (A8a).",Adaptation,sub,"Chile will strengthen national capacity to adapt to climate-related risks and manage socio-natural disasters, including human mobility guidance, a heat-wave risk plan, regional disaster-risk actions, and full implementation of the National Policy for Disaster Risk Reduction 2019-2030.",Adaptation,sub,0,0.6222,False,True,True,"The extracted policy is directionally related because it mentions 'human mobility guidance' within climate-risk adaptation and disaster management. However, it does not capture the specific ground-truth commitment to develop guidelines on climate change effects on human mobility in Chile by 2021 aligned with international instruments. The deadline, the focus on climate change effects on human mobility, and the alignment mechanism with international instruments are all missing, and the extraction broadens the scope with additional measures not central to the ground truth."
Chile_CL,24,12,"By 2025, create a system to certify water consumption management levels at an organizational level through the HuellaChile Program (A7b).",Resource Efficiency,sub,"Chile will advance circular economy measures through a roadmap, an organic waste strategy, and circularity metrics to reduce resource use and support climate goals.",Resource Efficiency,parent,-1,0.5505,False,False,True,"The extracted policy does not match the ground-truth policy. The ground truth is specifically about creating, by 2025, a certification system for organizational-level water consumption management through the HuellaChile Program. The extracted policy instead discusses circular economy measures, an organic waste strategy, and circularity metrics. It misses the core topic (water consumption management certification), the delivery mechanism (HuellaChile Program), and the deadline (2025)."
Chile_CL,37,13,"In 2020, develop a nationally agreed Circular Economy Roadmap (2020–2040) setting short-, medium- and long-term measures to 2040 (I1).",Resource Efficiency,sub,"By 2020, Chile will develop a national Circular Economy Roadmap for 2020-2040 with short-, medium-, and long-term measures.",Resource Efficiency,sub,1,0.7663,True,True,True,"The extracted policy matches the ground-truth closely in scope, timing, and specificity: it commits to developing a national Circular Economy Roadmap by/in 2020, covers the 2020–2040 period, and includes short-, medium-, and long-term measures. 'Nationally agreed' is slightly simplified to 'national,' but the core commitment and details are preserved with no contradiction."
Chile_CL,38,14,"In 2020, develop a National Organic Waste Strategy to increase municipal organic waste recovery by returning nutrients/materials/substrates into production, contributing to adaptation and mitigation (I2).",Mitigation,sub,"By 2020, Chile will develop a National Organic Waste Strategy to increase recovery of municipal organic waste and return nutrients and materials to the productive process.",Resource Efficiency,sub,1,0.7509,True,True,False,"The extracted policy matches the ground-truth closely in scope, timing, and mechanism. It includes the 2020 deadline, the commitment to develop a National Organic Waste Strategy, and the objective of increasing municipal organic waste recovery by returning nutrients/materials to production. It omits 'substrates' and the explicit note that this contributes to adaptation and mitigation, but these are minor omissions rather than changes to the core commitment."
Chile_CL,39,15,"By 2022, establish and implement circularity metrics and indicators to monitor progress and identify contributions to mitigation and adaptation (I3).",Adaptation,sub,"By 2022, Chile will establish and implement circularity metrics and indicators to monitor progress in circular economy and its contribution to climate mitigation and adaptation.",Resource Efficiency,sub,1,0.7516,True,True,False,"The extracted policy matches the ground-truth closely in timeline ('By 2022'), action ('establish and implement'), and mechanism/specificity ('circularity metrics and indicators to monitor progress' and identify contribution to mitigation and adaptation). The addition of 'Chile' and 'circular economy' is consistent and does not alter the commitment. No meaningful omissions or contradictions."
Chile_CL,41,17,"Sustainably manage and recover 200,000 hectares of native forests, delivering around 0.9–1.2 MtCO2eq annual GHG captures by 2030 (I4).",Nature-Based Solutions,sub,"Chile will sustainably manage and recover 200,000 hectares of native forests by 2030, generating annual GHG captures of around 0.9 to 1.2 MtCO2eq.",Nature-Based Solutions,sub,1,0.8128,True,True,True,"The extracted policy matches the ground-truth closely in scope, target, timeline, and quantified mitigation outcome: sustainably manage and recover 200,000 hectares of native forests, with around 0.9–1.2 MtCO2eq annual GHG captures by 2030. It preserves the core commitment and specificity. The only minor difference is omission of the label '(I4)', which is not substantive."
Chile_CL,44,18,"Afforest 200,000 hectares, including at least 100,000 hectares of permanent forest cover and at least 70,000 hectares of native species, delivering 3.0–3.4 MtCO2eq annual captures by 2030 (I5).",Nature-Based Solutions,sub,"Chile will afforest 200,000 hectares by 2030, including at least 100,000 hectares of permanent forest cover and at least 70,000 hectares of native species.",Nature-Based Solutions,sub,0,0.717,False,True,True,"The extracted policy matches the core land-use commitment and preserves the key quantified subtargets: 200,000 hectares afforested, including 100,000 hectares of permanent forest cover and 70,000 hectares of native species. It also adds the 2030 timing, which is consistent with the ground-truth outcome horizon. However, it omits the delivery/result specificity that this measure is expected to deliver 3.0–3.4 MtCO2eq annual captures by 2030. Because a key quantified outcome is missing, the extraction is directionally correct but incomplete rather than a full match."
Chile_CL,45,19,"By 2030, reduce forestry-sector emissions from degradation and deforestation of native forest by 25% relative to average 2001–2013 emissions (I6).",Nature-Based Solutions,sub,"By 2030, Chile will reduce forestry-sector emissions from degradation and deforestation of native forest by 25% relative to 2001-2013 average emissions.",Mitigation,sub,1,0.7757,True,True,False,"The extracted policy matches the ground-truth on scope, target, baseline, and deadline: forestry-sector emissions from degradation and deforestation of native forest reduced by 25% by 2030 relative to average 2001–2013 emissions. The omission of the identifier '(I6)' does not affect policy substance. Commitment strength is equivalent."
Chile_CL,46,20,"By 2025, identify peatland areas and other wetlands in a national inventory (I7).",Adaptation,sub,"By 2025, Chile will identify peatland areas and other wetlands under a national inventory.",Nature-Based Solutions,sub,1,0.7547,True,True,False,"The extracted policy matches the ground-truth closely in scope, timing, and mechanism: it specifies identifying peatland areas and other wetlands by 2025 within a national inventory. The addition of 'Chile will' does not alter the commitment. No material details are missing or contradicted."
Chile_CL,47,21,"By 2030, develop standardized metrics to evaluate wetlands’ (especially peatlands) adaptation/mitigation capacity and implement actions to enhance co-benefits in five pilot sites in protected areas (I8).",Nature-Based Solutions,sub,"By 2030, Chile will develop standardized metrics to evaluate wetlands' adaptation or mitigation capacity and implement enhancement actions in five pilot protected sites.",Nature-Based Solutions,sub,1,0.7553,True,True,True,"The extracted policy matches the ground-truth closely on deadline (by 2030), core actions (develop standardized metrics and implement enhancement actions), and scope (wetlands, with pilot implementation in five protected sites). It is slightly less specific because it omits the emphasis on peatlands and the explicit goal of enhancing co-benefits, but the main commitment and delivery mechanism are captured accurately without contradiction."
Chile_CL,49,22,"By 2021, develop a National Plan for the Restoration of Landscapes considering restoration of 1,000,000 hectares, prioritizing the most vulnerable ecosystems (I9).",Nature-Based Solutions,sub,"By 2021, Chile will develop a National Plan for the Restoration of Landscapes to restore 1,000,000 hectares of ecosystems, prioritizing areas with the greatest social, economic, and environmental vulnerabilities.",Nature-Based Solutions,individual,1,0.7914,True,False,True,"The extracted policy matches the ground-truth on the key commitment, deadline, mechanism, and target: developing a National Plan for the Restoration of Landscapes by 2021 with a 1,000,000-hectare restoration scope. It also preserves the prioritization element, though it paraphrases 'most vulnerable ecosystems' as 'areas with the greatest social, economic, and environmental vulnerabilities.' That wording is slightly more expansive, but it does not materially alter the policy intent. Overall, this is a specific and accurate match."
Chile_CL,52,23,"By 2030, protect at least 10% of under-represented marine ecoregions (Humboldt, Central Chile, Araucanía and Chiloe) via participatory, science-based marine spatial planning including climate-change criteria (I10a).",Nature-Based Solutions,sub,"Chile will establish new protected areas in under-represented marine ecoregions and coastal ecosystems, including protection of at least 10% of under-represented marine ecoregions by 2030 and additional coastal wetlands by 2025 and 2030.",Nature-Based Solutions,sub,0,0.7849,False,True,True,"The extracted policy partially matches the ground-truth because it preserves the core quantified target and deadline of protecting at least 10% of under-represented marine ecoregions by 2030. However, it omits key specificity from the ground-truth: the named ecoregions (Humboldt, Central Chile, Araucanía and Chiloe) and, more importantly, the delivery mechanism of participatory, science-based marine spatial planning including climate-change criteria. It also adds unsupported content about protecting additional coastal wetlands by 2025 and 2030, which is not present in the ground-truth. This makes it directionally correct but imprecise and partly embellished."
Chile_CL,55,24,Ensure all marine protected areas created up to 2020 have management/administration plans under implementation that include climate change adaptation actions (I11).,Adaptation,sub,All marine protected areas created up to 2020 will have management or administration plans under implementation that include climate adaptation actions.,Nature-Based Solutions,sub,1,0.8638,True,True,False,"The extracted policy matches the ground-truth closely in scope, timing, and mechanism: it covers all marine protected areas created up to 2020, requires management/administration plans to be under implementation, and specifies inclusion of climate adaptation actions. The only minor difference is omitting the word 'change' from 'climate change adaptation actions,' which does not alter the meaning."
Chile_CL,61,25,"By 2030, apply monitoring and verification metrics in at least five MPAs and strengthen co-benefits in their management plans (I12b).",Adaptation,sub,"Chile will assess and strengthen the climate mitigation and adaptation co-benefits of ecosystems in marine protected areas, including standardized metrics by 2025 and monitoring and verification metrics in at least five areas by 2030.",Nature-Based Solutions,sub,1,0.6436,True,True,False,"The extracted policy matches the ground-truth closely on scope and specificity: it includes applying monitoring and verification metrics in at least five marine protected areas by 2030, which is the core quantified commitment. It also captures strengthening co-benefits in MPAs, though it phrases this more broadly as assessing and strengthening climate mitigation and adaptation co-benefits of ecosystems rather than specifically strengthening co-benefits in management plans. The added detail about standardized metrics by 2025 is extra, but it does not contradict the ground-truth. Overall, the key target, deadline, and mechanism are accurately preserved."
Chile_CL,63,26,"Develop in 2020 a Capacity Development and Climate Empowerment Strategy and begin implementation in 2021 to strengthen sectoral, national and subnational capacities to meet mitigation and adaptation targets (IM1).",Adaptation,sub,"Chile will develop and begin implementing a Capacity Development and Climate Empowerment Strategy in 2020-2021 to strengthen sectoral, national, and subnational capacities for mitigation and adaptation.",Adaptation,individual,1,0.7836,True,False,True,"The extracted policy closely matches the ground-truth in scope, timing, and mechanism. It preserves the commitment to develop the Capacity Development and Climate Empowerment Strategy in 2020 and begin implementation in 2021, and correctly states the purpose of strengthening sectoral, national, and subnational capacities for mitigation and adaptation. It slightly shortens 'to meet mitigation and adaptation targets' to 'for mitigation and adaptation,' but this does not materially change the meaning."
Chile_CL,65,27,"In 2020, present and initiate implementation of the Climate Change Technology Transfer and Development Strategy (EDTTCC) to support sustainable, resilient and carbon neutral development by 2050 (IM2).",Mitigation,sub,"Chile will present and implement a Climate Change Technology Transfer and Development Strategy in 2020 to support sustainable, resilient, and carbon-neutral development by 2050.",Mitigation,individual,1,0.6724,True,False,True,"The extracted policy matches the ground-truth closely in scope, timing, mechanism, and long-term objective. It correctly identifies that Chile will present and implement the Climate Change Technology Transfer and Development Strategy in 2020 and that it supports sustainable, resilient, carbon-neutral development by 2050. The only minor variation is omitting 'initiate implementation' in favor of 'implement,' which does not materially change the commitment."
Chile_CL,73,28,"Commence implementation of the Financial Strategy on Climate Change (EFCC) in 2020 and update it every 5 years, with the first revision in 2021 (IM3).",Resource Efficiency,sub,"Chile will implement and update its Financial Strategy on Climate Change starting in 2020, including information generation, green financial instruments, public-private cooperation, a public framework for climate expenditure, and improved Green Climate Fund institutionality.",Mitigation,individual,0,0.64,False,False,False,"The extracted policy matches the general commitment to implement and update the Financial Strategy on Climate Change starting in 2020, so it is directionally correct. However, it omits the specific update cadence of every 5 years and the explicit first revision in 2021, which are key timeline details in the ground truth. It also adds implementation components not present in the ground-truth statement; without source text, these additions cannot be verified. Because the core intent is right but important specificity is missing and extra details are introduced, the best score is 0."
Colorado_Springs_US,35,2,"Plan for, improve, and complete a comprehensive system of wildlife corridors including crossings of major transportation barriers.",Nature-Based Solutions,sub,Comprehensively update the Intermodal Transportation Plan in alignment with this Plan.,Resource Efficiency,individual,-1,0.5577,False,False,False,"The extracted policy is not a meaningful match to the ground-truth. The ground-truth is specifically about planning, improving, and completing a comprehensive system of wildlife corridors, including crossings over major transportation barriers. The extracted policy instead refers to updating the Intermodal Transportation Plan generally, with no mention of wildlife corridors, crossings, habitat connectivity, or transportation barriers. This omits the core scope and mechanism and appears to describe a different policy."
Colorado_Springs_US,37,3,Continue to update and implement the Colorado Springs Hazard Mitigation Plan.,Adaptation,sub,Incorporate key priorities in periodic updates of the City's Strategic Plan.,Mitigation,individual,-1,0.5918,False,False,False,"The extracted policy does not match the ground truth. The ground truth is specifically about updating and implementing the Colorado Springs Hazard Mitigation Plan, while the extracted policy refers to incorporating priorities into periodic updates of the City's Strategic Plan. These are different plans with different scopes and mechanisms, and the extraction omits the hazard mitigation focus and implementation commitment."
Colorado_Springs_US,19,7,Repurpose underserved areas with new parks and encourage creation or redevelopment of Neighborhood Greenspaces associated with neighborhood focal points and activity centers.,Adaptation,sub,"Prioritize development of Neighborhood Plans, particularly in mature areas of the city, and update outdated plans.",Adaptation,individual,-1,0.6436,False,False,True,"The extracted policy does not match the ground-truth policy. The ground truth is about land-use/greenspace action: repurposing underserved areas into new parks and creating or redeveloping Neighborhood Greenspaces tied to focal points and activity centers. The extracted policy instead focuses on developing and updating Neighborhood Plans in mature areas. This is a different mechanism and scope, with no mention of parks, greenspaces, underserved areas, or neighborhood focal points/activity centers."
Colorado_Springs_US,15,9,"Identify and support opportunities to increase the proportion of residents and businesses within a ¼ mile walk of parks, trails, open space, and publicly accessible outdoor amenities.",Adaptation,sub,Support the location of City and County services and amenities within or near neighborhoods that need them the most and along or near bus services.,Resource Efficiency,individual,-1,0.6128,False,False,False,"The extracted policy does not meaningfully match the ground-truth. The ground-truth is specifically about increasing the share of residents and businesses within a 1/4-mile walk of parks, trails, open space, and publicly accessible outdoor amenities. The extracted policy instead refers broadly to locating City and County services and amenities near underserved neighborhoods and bus routes. It changes the policy scope, omits the specific outdoor-access focus and 1/4-mile proximity metric, and introduces transit siting language not present in the ground-truth."
Colorado_Springs_US,18,11,Coordinate with developers/private interests to construct and maintain pocket parks in higher density Unique Places.,Adaptation,sub,Collaboratively include and partner with neighborhood associations and the development community on planning initiatives of community or area-wide importance.,Adaptation,individual,0,0.5927,False,False,True,"The extracted policy is directionally related because it involves collaboration with the development community on planning initiatives, which overlaps with the ground-truth emphasis on coordinating with developers/private interests. However, it misses the specific policy substance: constructing and maintaining pocket parks, the location focus on higher density Unique Places, and the concrete delivery mechanism tied to those parks. The commitment is therefore much vaguer and less specific than the ground-truth."
Colorado_Springs_US,30,12,Partner with Colorado Springs Utilities and school districts to support education and incentives for water and energy conservation and environmental quality best practices.,Resource Efficiency,sub,"Collaborate with Colorado Springs Utilities, non-profit, and private sector partners to create and implement a comprehensive attainable housing plan.",Adaptation,individual,-1,0.7059,False,False,False,"The extracted policy does not match the ground-truth policy. The ground truth is about partnering with Colorado Springs Utilities and school districts to support education and incentives for water and energy conservation and environmental quality best practices. The extracted policy instead focuses on collaborating with utilities, nonprofits, and private sector partners to create a housing plan, which is a different policy area, mechanism, and objective. This is a substantive mismatch, not a vague paraphrase."
Columbus_US,28,0,Commit to making Columbus carbon neutral by 2050.,Mitigation,individual,Columbus will become carbon neutral by 2050.,Mitigation,individual,1,0.8529,True,True,True,"The extracted policy matches the ground-truth exactly in scope and target: Columbus becoming carbon neutral by 2050. Commitment strength is equivalent ('will become' vs. 'commit to making'), and no source excerpt is provided to suggest any contradiction or missing mechanism beyond what is already absent from the ground truth."
Columbus_US,29,13,Achieve greenhouse gas emissions reductions of 45% by 2030 and 100% (carbon neutrality) by 2050 under CAP Actions (relative to the 2013 baseline).,Mitigation,individual,The City will use the CAP to reduce community greenhouse gas emissions by 45% by 2030 and 100% by 2050 relative to the baseline.,Mitigation,individual,1,0.7397,True,True,True,"The extracted policy closely matches the ground-truth on scope, targets, and mechanism. It specifies greenhouse gas emissions reductions of 45% by 2030 and 100% by 2050, delivered through the CAP, which aligns with the core commitment. It is slightly less specific because it omits 'carbon neutrality' and the explicit '2013 baseline,' instead saying only 'relative to the baseline,' but this does not materially change the policy meaning."
Columbus_US,1,24,"Incorporate climate action programs into GreenSpot by adapting GreenSpot outreach initiatives to increase climate change awareness, with targets of 200 training events and 1,000 new community partner signatory commitments by 2030.",Adaptation,sub,The City will incorporate climate action programs into GreenSpot and adapt outreach initiatives to increase climate change awareness.,Mitigation,parent,0,0.7883,False,False,False,"The extracted policy matches the general direction of the ground-truth: incorporating climate action programs into GreenSpot and adapting outreach to increase climate change awareness. However, it omits the key quantified targets and deadline that make the ground-truth specific: 200 training events and 1,000 new community partner signatory commitments by 2030. It also does not capture the commitment with the same level of specificity around delivery outcomes. Therefore it is directionally correct but too vague for a full match."
Columbus_US,3,27,"Support green business initiatives to spur job creation, targeting 10,000 new green jobs by 2030.",Mitigation,sub,The City will support green business initiatives to spur job creation and provide critical resources.,Mitigation,parent,0,0.689,False,False,True,"The extracted policy matches the general intent of supporting green business initiatives to create jobs, but it omits the key quantified target of 10,000 new green jobs and the 2030 deadline from the ground truth. It also adds vague language about providing critical resources, which is not enough to recover the missing specificity. Directionally correct but materially less specific."
Columbus_US,4,30,Increase annual sustainable development funding by establishing a green bank by 2025 and reaching $250 million average annual PACE investments by 2030.,Mitigation,sub,The City will increase annual sustainable development funding through a green bank or similar entity and PACE financing.,Mitigation,parent,0,0.7634,False,False,True,"The extracted policy matches the general direction of the ground-truth: increasing sustainable development funding via a green bank and PACE financing. However, it omits the key quantified and time-bound commitments that make the ground-truth specific and strong: establishing the green bank by 2025 and reaching $250 million average annual PACE investments by 2030. It also softens the mechanism by saying 'green bank or similar entity' rather than clearly committing to a green bank. With no source excerpt provided, this cannot be verified against document text, but relative to the ground-truth it is directionally correct but vague."
Columbus_US,6,34,Develop a regional adaptive management strategy with prioritized strategies outlined by 2025; implement short-term strategies by 2030; and implement long-term strategies by 2050.,Adaptation,sub,The City will prioritize strategies by 2025 and implement short-term and long-term strategies by 2030 and 2050.,Adaptation,sub,1,0.7282,True,True,True,"The extracted policy matches the ground-truth on the key specifics: prioritize strategies by 2025, implement short-term strategies by 2030, and long-term strategies by 2050. Although it omits the phrase 'regional adaptive management strategy' and slightly compresses the wording, it preserves the core commitment, deadlines, and implementation structure without contradiction."
Columbus_US,7,38,Conduct 'Ambition 2025' to outline a 7% increase to GHG modeling reduction by 2025 and implement reduction strategies by 2030 and long-term strategies by 2050.,Mitigation,sub,The City will outline a 7% increase to GHG modeling reduction by 2025 and implement reduction strategies by 2030 and long-term strategies by 2050.,Mitigation,individual,1,0.8025,True,False,True,"The extracted policy matches the ground-truth closely on scope, quantified target, and timelines: it includes the 7% GHG modeling reduction by 2025, implementation of reduction strategies by 2030, and long-term strategies by 2050. The only omission is the program name 'Ambition 2025,' but the substantive commitment is otherwise captured accurately. With no source excerpt available to contradict it, this is a strong match."
Columbus_US,5,39,Strategy 4: Support a healthy and resilient community.,Adaptation,parent,"The City will support a healthy and resilient community through resilience hubs, emergency alerts, land use planning, and water adaptation.",Adaptation,parent,0,0.587,False,True,True,"The extracted policy matches the general scope of the ground-truth ('support a healthy and resilient community') and adds plausible implementation examples, but the source document excerpt is not provided, so those mechanisms cannot be verified. Relative to the ground-truth, it is directionally correct but more specific in unverified ways, with no quantified targets, deadlines, or clear commitment strength beyond a general statement."
Columbus_US,8,40,Establish a coordinated network of resilience hubs by developing an implementation plan for priority locations by 2025 and implementing resilience hubs within a 15-minute walk for all residents by 2050.,Adaptation,sub,The City will establish a coordinated network of resilience hubs and develop an implementation plan for priority locations by 2025.,Adaptation,sub,0,0.867,False,True,True,"The extracted policy correctly captures the core action and the interim implementation-plan deadline: establishing a coordinated network of resilience hubs and developing a plan for priority locations by 2025. However, it omits the major long-term commitment in the ground truth: implementing resilience hubs within a 15-minute walk for all residents by 2050. Because the scope and deadline are only partially captured and the final access target is missing, this is directionally correct but incomplete."
Columbus_US,9,42,Establish a regional emergency alert system for climate hazards by 2025.,Adaptation,sub,The City will establish a regional emergency alert system for climate hazards by 2025.,Adaptation,sub,1,0.9105,True,True,True,"The extracted policy matches the ground-truth exactly in core commitment, scope, and deadline: establishing a regional emergency alert system for climate hazards by 2025. The added subject 'The City' does not change the meaning. Specificity and commitment strength are preserved."
Columbus_US,10,44,Increase development density by establishing vacant property redevelopment targets by 2025 and ensuring 40% of new housing is within 1/4 mile of employment centers by 2030 and 60% by 2050.,Mitigation,sub,"The City will increase development density and establish vacant property redevelopment targets by 2025, with 40% of new housing within one-quarter mile of employment centers by 2030 and 60% by 2050.",Resource Efficiency,sub,1,0.9053,True,True,False,"The extracted policy matches the ground-truth closely in scope, specificity, and timing. It includes the core commitment to increase development density, the mechanism of establishing vacant property redevelopment targets by 2025, and the quantified housing siting targets of 40% within 1/4 mile of employment centers by 2030 and 60% by 2050. No material omissions or contradictions are present."
Columbus_US,11,46,"Increase equitable access to green space by tracking and expanding to 430 accessible green spaces by 2030, 500 by 2050, and ensuring access to green space within a 10-minute walk for all residents by 2050.",Adaptation,sub,"The City will increase equitable access to green space, reaching 430 accessible green spaces by 2030, 500 by 2050, and access within a 10-minute walk for all residents by 2050.",Nature-Based Solutions,sub,1,0.9125,True,True,False,"The extracted policy closely matches the ground-truth in scope, targets, and deadlines. It includes the quantified commitments of 430 accessible green spaces by 2030, 500 by 2050, and ensuring access within a 10-minute walk for all residents by 2050. The only minor omission is the explicit mention of 'tracking' accessible green spaces, but the core commitment and specificity are preserved."
Columbus_US,12,47,Implement water adaptation strategies by implementing short-term Sustaining Scioto strategies by 2025 and completing mid-term strategies by 2050.,Adaptation,sub,"The City will implement water adaptation strategies aligned with Sustaining Scioto, including short-term strategies by 2025 and mid-term strategies by 2050.",Adaptation,sub,1,0.9,True,True,True,"The extracted policy matches the ground-truth closely in scope, timing, and mechanism. It correctly identifies water adaptation strategies tied to Sustaining Scioto, includes the short-term strategies by 2025 and mid-term strategies by 2050, and preserves the implementation commitment. The wording is slightly paraphrased but not meaningfully weaker or less specific."
Columbus_US,13,49,Assess and protect assets from climate change impacts by completing a physical vulnerability assessment by 2025 and implementing short-term actions by 2030 and long-term actions by 2050.,Adaptation,sub,The City will complete a physical vulnerability assessment by 2025 and implement short-term and long-term assessment actions by 2030 and 2050.,Adaptation,sub,0,0.785,False,True,True,"The extracted policy captures the key deadlines (2025, 2030, 2050) and the vulnerability assessment, but it omits important scope and specificity from the ground truth. Specifically, it leaves out the purpose and object of the policy ('assess and protect assets from climate change impacts') and inaccurately refers to 'assessment actions' rather than implementing short-term and long-term actions. This is directionally correct but imprecise."
Columbus_US,14,50,"Reduce urban heat with tree canopy cover by investing in equitable canopy across all neighborhoods by 2030, stopping net tree canopy losses by 2030, and reaching 40% city-wide tree canopy by 2050.",Adaptation,sub,"The City will reduce urban heat with tree canopy cover, stop net tree canopy loss by 2030, and reach 40% citywide tree canopy by 2050.",Nature-Based Solutions,sub,0,0.896,False,True,False,"The extracted policy matches most of the core target structure: reducing urban heat through tree canopy, stopping net canopy loss by 2030, and reaching 40% city-wide canopy by 2050. However, it omits the ground-truth commitment to invest in equitable canopy across all neighborhoods by 2030, which is a material scope and mechanism detail. Because a key specificity element is missing, this is directionally correct but incomplete rather than a full match."
Columbus_US,15,51,Evaluate microgrid and energy storage projects by completing a prioritization study by 2025 and implementing 5 microgrid pilot projects by 2030.,Mitigation,sub,"The City will evaluate microgrid and storage projects, complete a prioritization study by 2025, and implement five pilot projects by 2030.",Adaptation,sub,1,0.8744,True,True,False,"The extracted policy matches the ground-truth closely in scope, timing, and specificity: it includes evaluating microgrid and storage projects, completing a prioritization study by 2025, and implementing five pilot projects by 2030. The only minor difference is that the ground truth specifies 'microgrid pilot projects' while the extraction says 'five pilot projects,' but in context this still accurately reflects the intended commitment."
Columbus_US,16,52,Strategy 7: Increase renewable energy.,Mitigation,parent,"The City will increase renewable energy through residential solar, commercial solar, and clean energy procurement.",Mitigation,parent,0,0.5671,False,True,True,"The extracted policy matches the general direction of the ground-truth by focusing on increasing renewable energy, and it adds plausible mechanisms (residential solar, commercial solar, clean energy procurement). However, the source document excerpt is not provided, so accuracy to the document cannot be verified. Relative to the ground-truth, it is directionally correct but more specific than the reference without evidence, and it lacks quantified targets or deadlines."
Columbus_US,17,53,Increase residential on-site solar by developing a Community Solar Plan by 2025 and reaching 50 MW installed by 2030 and 500 MW installed by 2050.,Mitigation,sub,"The City will increase residential on-site solar, develop a community solar plan by 2025, and reach 50 MW by 2030 and 500 MW by 2050.",Mitigation,sub,1,0.8689,True,True,True,"The extracted policy matches the ground-truth closely in scope, targets, and deadlines. It includes the same core commitment to increase residential on-site solar, the same mechanism of developing a Community Solar Plan by 2025, and the same quantified installation targets of 50 MW by 2030 and 500 MW by 2050. No material omissions or contradictions are present."
Columbus_US,18,54,Increase commercial on-site solar to reach 200 MW municipal installed and 600 MW private installed by 2030 and 2 GW total installed by 2050.,Mitigation,sub,"The City will increase commercial on-site solar to 200 MW municipal installed by 2030, 600 MW private installed by 2030, and 2 GW total by 2050.",Mitigation,sub,1,0.9039,True,True,True,"The extracted policy matches the ground-truth closely in scope, quantified targets, and deadlines: 200 MW municipal by 2030, 600 MW private by 2030, and 2 GW total by 2050. It preserves the core commitment to increase commercial on-site solar and does not materially alter the meaning. Minor phrasing differences are not substantive."
Columbus_US,19,55,Implement clean energy procurement: 100% municipal and 100% residential clean energy procurement by 2030; 25% commercial by 2030; and 100% commercial by 2050.,Mitigation,sub,"The City will implement clean energy procurement, reaching 100% municipal and residential clean energy procurement by 2030, 25% commercial by 2030, and 100% commercial by 2050.",Mitigation,sub,1,0.9097,True,True,True,"The extracted policy matches the ground-truth policy essentially exactly. It preserves the same action (implement clean energy procurement), the same quantified targets (100% municipal and residential by 2030, 25% commercial by 2030, and 100% commercial by 2050), and the same level of commitment. No material details are missing or altered."
Columbus_US,20,62,Strategy 10: Enable carbon free vehicles.,Mitigation,parent,"The City will enable carbon free vehicles through private ZEV adoption, ZEV fleets, and medium/heavy-duty ZEV adoption.",Mitigation,parent,0,0.6666,False,True,True,"The extracted policy is directionally consistent with the ground-truth: both are about enabling carbon-free vehicles. However, the ground-truth is very broad ('Enable carbon free vehicles'), and the extraction adds specific subareas (private ZEV adoption, ZEV fleets, and medium/heavy-duty ZEV adoption) that may be plausible but cannot be verified against the source because no excerpt is provided. It captures the general intent but does not demonstrate confirmed specificity, targets, deadlines, or binding mechanisms from the source."
Columbus_US,21,63,"Increase private zero emission vehicle adoption by developing an equitable EV charging plan and implementing an EV Ready Ordinance by 2025, reaching 15% ZEV registrations by 2030 and 100% by 2050.",Mitigation,sub,"The City will increase private zero emission vehicle adoption, develop an equitable EV charging plan by 2025, implement an EV Ready Ordinance by 2025, and reach 15% ZEV registrations by 2030 and 100% by 2050.",Mitigation,sub,1,0.914,True,True,True,"The extracted policy matches the ground-truth closely in scope, specificity, and commitment. It includes the same core action (increase private zero emission vehicle adoption), the same mechanisms (develop an equitable EV charging plan and implement an EV Ready Ordinance), and the same deadlines and targets (by 2025; 15% ZEV registrations by 2030; 100% by 2050). No meaningful omissions or contradictions are present."
Columbus_US,22,64,"Implement zero emission vehicle fleets by achieving 100% municipal light duty passenger ZEV by 2030, 50% rideshare and private fleets ZEV by 2030, and 100% ZEV fleets by 2050.",Mitigation,sub,"The City will implement zero emission vehicle fleets, reaching 100% municipal light-duty passenger ZEV by 2030, 50% rideshare and private fleets ZEV by 2030, and 100% ZEV fleets by 2050.",Mitigation,sub,1,0.9324,True,True,True,"The extracted policy matches the ground-truth almost verbatim. It preserves the full scope, quantified targets, deadlines, and sectors covered: 100% municipal light-duty passenger ZEV by 2030, 50% rideshare and private fleets ZEV by 2030, and 100% ZEV fleets by 2050. Commitment strength is equivalent ('will implement'). No material omissions or contradictions."
Columbus_US,23,65,Promote medium/heavy duty zero emission vehicle adoption by reaching 2% zero emission medium/heavy duty vehicles by 2030 and 100% by 2050.,Mitigation,sub,"The City will promote medium- and heavy-duty zero emission vehicle adoption, reaching 2% by 2030 and 100% by 2050.",Mitigation,sub,1,0.8755,True,True,True,"The extracted policy matches the ground-truth closely in scope, target, and timeline: it promotes medium/heavy-duty zero emission vehicle adoption with quantified milestones of 2% by 2030 and 100% by 2050. Although it omits repeating 'medium/heavy duty vehicles' after the percentages, the meaning is clear and there is no material change in commitment or specificity."
Columbus_US,24,71,Strategy 12: Reduce waste generated.,Resource Efficiency,parent,"The City will reduce waste generated and increase waste diversion through organic waste reduction, recyclable waste reduction, and circular economy support.",Mitigation,parent,0,0.5847,False,True,False,"The extracted policy matches the general intent of the ground-truth—reducing waste generated—but it adds broader elements ('increase waste diversion,' organic/recyclable waste reduction, circular economy support) that are not present in the ground-truth and provides no quantified target, deadline, or binding mechanism. With no source excerpt to verify wording, this is directionally correct but less precise than the reference policy."
Columbus_US,25,72,Reduce landfilled organic waste by 50% by 2030 and 90% by 2050.,Mitigation,sub,The City will reduce landfilled organic waste by 50% by 2030 and 90% by 2050.,Mitigation,sub,1,0.8797,True,True,True,"The extracted policy matches the ground-truth exactly in scope, quantified targets, and deadlines: reducing landfilled organic waste by 50% by 2030 and 90% by 2050. Although the source excerpt is not provided, relative to the ground-truth this is a precise and accurate match with no softening or added content."
Columbus_US,26,73,Reduce recyclable waste sent to landfill by 40% by 2030 and 95% by 2050.,Mitigation,sub,The City will reduce recyclable waste sent to the landfill by 40% by 2030 and 95% by 2050.,Mitigation,sub,1,0.8447,True,True,True,"The extracted policy matches the ground-truth exactly in scope, quantified targets, and deadlines: reducing recyclable waste sent to landfill by 40% by 2030 and 95% by 2050. Commitment strength is preserved ('will reduce'), and there are no contradictions or missing key details."
Columbus_US,27,75,"Support circular economy organizations by targeting 1,000 green jobs related to circular economy by 2030 and a 100% increase in circular economy organizations from 2030 to 2050.",Mitigation,sub,"The City will support circular economy organizations, creating 1,000 green jobs related to the circular economy by 2030 and doubling circular economy organizations from 2030 to 2050.",Mitigation,sub,1,0.8737,True,True,True,"The extracted policy matches the ground-truth closely in scope, targets, timeline, and mechanism. It includes support for circular economy organizations, the target of creating 1,000 green jobs by 2030, and the increase in circular economy organizations from 2030 to 2050. 'Doubling' is equivalent to a 100% increase, so the specificity and commitment are preserved."
Egypt_EG,0,0,Objective (1.a): Energy transition by increasing the share of all renewable and alternative energy sources in the energy mix.,Mitigation,parent,Egypt will increase the share of renewable and alternative energy sources in the energy mix and deploy renewable energy systems at scale.,Mitigation,parent,1,0.5567,True,True,True,"The extracted policy matches the ground-truth objective in scope and core commitment: increasing the share of renewable and alternative energy sources in the energy mix. The added phrase about deploying renewable energy systems at scale is consistent with the objective and does not contradict it. Both are framed as broad objectives without quantified targets or deadlines, so the specificity level is aligned rather than overstated."
Egypt_EG,1,1,"Deploy centralized renewable energy systems at large scale, including wind farms, concentrated solar power (CSP), solar PV plants, and bioenergy plants.",Mitigation,sub,"Egypt will deploy centralized renewable energy systems such as wind farms, CSP, solar photovoltaic plants, and bioenergy plants.",Mitigation,sub,1,0.7123,True,True,True,"The extracted policy matches the ground-truth closely in scope and specificity. It captures the core commitment to deploy centralized renewable energy systems and includes the same examples: wind farms, concentrated solar power/CSP, solar photovoltaic/PV plants, and bioenergy plants. Although neither version includes quantified targets, deadlines, or implementation mechanisms, the extracted policy is an accurate restatement rather than a vaguer or contradictory claim."
Egypt_EG,2,2,"Promote small-scale decentralized renewable systems including waste-to-energy, bioenergy, rooftop PV, and solar water heaters.",Mitigation,sub,"Egypt will promote small-scale decentralized renewable systems including rooftop solar, solar water heaters, waste-to-energy, and bioenergy.",Mitigation,sub,1,0.7674,True,True,True,"The extracted policy closely matches the ground-truth in scope and specificity. It preserves the core commitment to promote small-scale decentralized renewable systems and includes the same technology examples: waste-to-energy, bioenergy, rooftop PV/solar, and solar water heaters. The wording is slightly reordered and uses 'rooftop solar' instead of 'rooftop PV,' but this does not materially change meaning. No contradiction or hallucination is present."
Egypt_EG,8,3,Phase out coal and switch to low-carbon fuels.,Mitigation,sub,"Egypt will phase out coal and switch to low-carbon fuels, while expanding renewable energy use in industry and off-grid applications.",Mitigation,sub,1,0.6513,True,True,True,"The extracted policy matches the ground-truth core commitment exactly: phasing out coal and switching to low-carbon fuels. The added detail about expanding renewable energy in industry and off-grid applications does not contradict the ground-truth and is consistent with the same transition direction. Although neither statement includes quantified targets, deadlines, or explicit mechanisms, the extracted policy is accurate and aligned in scope and commitment with the ground-truth."
Egypt_EG,14,12,Ministry of Health and Population to study expected health impacts of climate change and develop and adopt a plan to address these impacts effectively.,Adaptation,sub,"Egypt will improve health services, early warning, surveillance, and preparedness to protect citizens from climate-related health impacts.",Adaptation,individual,0,0.57,False,False,True,"The extracted policy is directionally related to addressing climate-related health impacts, but it does not match the ground-truth closely on mechanism or commitment. The ground-truth specifies that the Ministry of Health and Population will study expected health impacts of climate change and develop and adopt a plan to address them. The extracted policy instead lists broad outcomes/measures (improve health services, early warning, surveillance, and preparedness) and omits the key elements of studying impacts and developing/adopting a plan. With no source excerpt provided to verify stronger alignment, this is only a partial, more generic match."
Egypt_EG,12,19,"Establish early warning systems for all sectors by developing a unified database, activating climate change information centers in ministries, and issuing sector-specific recommendations (e.g., for farmers).",Adaptation,sub,"Egypt will establish early warning systems, regular monitoring, awareness, and social protection mechanisms for climate-related disasters.",Adaptation,individual,0,0.668,False,False,True,"The extracted policy is directionally aligned with the ground-truth because it includes establishing early warning systems for climate-related disasters. However, it is less specific and omits key delivery mechanisms from the ground-truth: developing a unified database, activating climate change information centers in ministries, and issuing sector-specific recommendations such as for farmers. It also adds broader elements like regular monitoring, awareness, and social protection mechanisms that are not part of the stated ground-truth commitment. With no source excerpt provided to verify wording strength, this is best graded as an imprecise partial match."
Egypt_EG,13,22,Activate and use interactive maps to study expected climate impacts on regions/projects and update interactive maps every five years as part of adaptation measures.,Adaptation,sub,"Egypt will create and use interactive climate-impact maps, update them every five years, and develop adaptation plans for health, coasts, infrastructure, wastewater, rural communities, and gender-responsive climate action.",Adaptation,individual,1,0.6723,True,False,True,"The extracted policy matches the ground-truth on the core commitment and specificity: it says Egypt will create/use interactive climate-impact maps and update them every five years, which aligns with activating/using interactive maps to study expected climate impacts and updating them every five years as an adaptation measure. The added sectoral adaptation plans are extra detail not present in the ground truth, but they do not contradict it. Commitment strength is comparable ('will create and use')."
Egypt_EG,15,23,Use climate risk insurance as a financial mechanism to increase societies’ ability to overcome climate risks.,Adaptation,sub,"Egypt will use climate risk insurance, coordinate with civil society on pilot projects, apply AI and remote sensing, and ensure women's participation in climate financing and data systems.",Adaptation,individual,0,0.6158,False,False,True,"The extracted policy partially matches the ground-truth because it includes the core mechanism of using climate risk insurance to address climate risks. However, it adds several extra elements not present in the ground-truth (civil society pilot projects, AI/remote sensing, women’s participation) and does not clearly state the specific purpose from the ground-truth: increasing societies’ ability to overcome climate risks. With no source excerpt provided to verify these additions, this is directionally correct but imprecise rather than a precise match."
Egypt_EG,18,25,Operationalize the climate change MRV system approved by the NCCC and included in Egypt’s 2018 updated biennial report.,Adaptation,sub,"Egypt will improve its international climate profile by reviewing ministry work plans, reporting project progress, and including mitigation and adaptation projects in biennial reports.",Mitigation,individual,0,0.6916,False,False,False,"The extracted policy is directionally related to MRV/reporting and biennial reports, but it does not match the ground-truth commitment with sufficient specificity. The ground truth is to operationalize the climate change MRV system already approved by the NCCC and included in Egypt’s 2018 updated biennial report. The extraction instead speaks more vaguely about improving Egypt’s international climate profile through reviewing ministry work plans, reporting project progress, and including projects in biennial reports. It misses the core action of operationalizing the MRV system, omits the NCCC approval and 2018 report reference, and softens the mechanism into general reporting activity rather than implementation of the MRV framework."
Fiji_FJ,2,1,Pursue domestic mitigation measures aimed at achieving Fiji's NDC objectives.,Mitigation,sub,"The Act's objectives include providing a framework for long-term climate measures, meeting Paris Agreement obligations and Fiji's NDC, establishing governance structures, integrating climate considerations into decision-making, setting emissions targets and carbon budgets, building resilience, supporting relocation of at-risk communities, securing climate finance, and requiring climate-risk disclosure by financial and corporate entities.",Mitigation,individual,0,0.6512,False,False,True,"The extracted policy is directionally related to Fiji's climate objectives and explicitly mentions 'meeting ... Fiji's NDC,' which overlaps with the ground-truth aim of pursuing domestic mitigation measures to achieve NDC objectives. However, it is much broader than the ground-truth, listing many additional objectives (governance, resilience, relocation, finance, disclosure) and does not clearly isolate the specific commitment to pursue domestic mitigation measures. It also lacks the concise focus on mitigation as the delivery mechanism. With no source excerpt provided, this is best scored as a partial, overly broad match rather than an exact one."
Fiji_FJ,16,3,Fiji declares a climate emergency and commits to contribute to a net zero emissions global economy by achieving net zero greenhouse gas emissions by 2050.,Mitigation,individual,Fiji declares that it is facing a climate emergency and will contribute to the global transition by achieving net zero greenhouse gas emissions by 2050.,Mitigation,individual,1,0.9608,True,True,True,"The extracted policy matches the ground-truth on the core elements: it states Fiji is facing/declares a climate emergency, commits to contribute to the global transition/economy, and includes the specific target of achieving net zero greenhouse gas emissions by 2050. Wording differs slightly ('global transition' vs 'net zero emissions global economy') but the scope, commitment, and deadline are preserved with no material contradiction."
Fiji_FJ,0,4,"Minister must take all reasonable steps to prepare, communicate, maintain and update successive NDCs, pursue domestic mitigation measures, and communicate an NDC every 5 years with progression and highest possible ambition, including specified accounting and reporting information.",Mitigation,parent,"The Minister must take all reasonable steps to prepare, communicate, maintain, and account for successive NDCs, pursue domestic mitigation measures, engage in adaptation planning, and provide national inventory and progress information under the Paris Agreement.",Mitigation,individual,0,0.8851,False,False,True,"The extracted policy is directionally aligned with the ground-truth on the core obligation to take all reasonable steps regarding successive NDCs and to pursue domestic mitigation measures. However, it misses or weakens several specific elements: it omits the required 5-year communication cycle, the progression and highest possible ambition requirement, and the obligation to update NDCs. It also replaces the ground-truth’s specified accounting/reporting information with vaguer Paris Agreement inventory/progress language, and adds adaptation planning, which is not in the ground-truth. Because the general intent is correct but key specificity and some accuracy are lacking, the appropriate grade is 0."
Fiji_FJ,1,5,"Prepare, communicate and maintain successive NDCs that the Minister intends Fiji to achieve.",Mitigation,sub,"The Minister may submit and update an adaptation communication or a National Adaptation Plan, including Fiji's adaptation priorities, implementation and support needs, plans and actions.",Adaptation,individual,-1,0.6006,False,False,False,"The extracted policy does not match the ground-truth policy. The ground truth is about preparing, communicating, and maintaining successive NDCs that the Minister intends Fiji to achieve. The extracted policy instead refers to submitting and updating an adaptation communication or National Adaptation Plan, focused on adaptation priorities and support needs. This is a different instrument and scope, with no meaningful match to the NDC commitment."
Helsinki_FI,91,0,Helsinki aims to become carbon-neutral by 2035 by reducing greenhouse gas emissions 80% from 1990 levels and compensating the remaining 20% through emissions reductions outside the city.,Mitigation,individual,Helsinki will be carbon-neutral by 2035 by reducing greenhouse gas emissions by 80 per cent and compensating for the remaining 20 per cent outside the city.,Mitigation,individual,1,0.9581,True,True,True,"The extracted policy matches the ground-truth closely in scope, target, deadline, and mechanism. It correctly states carbon neutrality by 2035, an 80% emissions reduction, and compensation of the remaining 20% outside the city. The only minor omission is 'from 1990 levels,' but overall the commitment and specificity are effectively preserved."
Helsinki_FI,92,1,Helsinki City Strategy sets an intermediate goal to reduce greenhouse gas emissions by 60% from 1990 to 2030.,Mitigation,individual,Helsinki will reduce greenhouse gas emissions by 60 per cent during 1990-2030 as an intermediate climate target.,Mitigation,individual,1,0.8685,True,True,True,"The extracted policy matches the ground-truth closely on the key quantified target and deadline: a 60% reduction in greenhouse gas emissions relative to 1990 by 2030 as an intermediate goal. While the phrasing 'during 1990-2030' is slightly awkward compared with 'from 1990 to 2030,' the intended baseline year and target year are preserved, and there is no material change in commitment or scope."
Helsinki_FI,93,2,Helsinki sets a traffic-sector goal to reduce greenhouse gas emissions from traffic by 69% from 2005 levels by 2035.,Mitigation,individual,The City will prepare and implement a Carbon-neutral Helsinki 2035 Action Plan to achieve its emissions reduction goals.,Mitigation,individual,0,0.7089,False,True,True,"The extracted policy is directionally related to Helsinki’s climate action, but it does not capture the specific traffic-sector commitment in the ground truth. The ground truth is a quantified sectoral target: reducing traffic greenhouse gas emissions by 69% from 2005 levels by 2035. The extraction instead gives a broader implementation statement about a Carbon-neutral Helsinki 2035 Action Plan, without the traffic-sector scope, the 69% target, or the 2005 baseline. Because the general intent is climate mitigation by 2035 but key specificity is missing, this merits a 0 rather than a full match."
Helsinki_FI,50,4,"Plan and implement renovations and energy-efficiency measures according to long-term maintenance plans, including annual measures; complete the plan by end of 2018 with annual monitoring.",Mitigation,sub,The City will prepare an Action Plan for implementing emissions reductions before the end of February 2018.,Mitigation,individual,-1,0.578,False,False,True,"The extracted policy does not meaningfully match the ground-truth. The ground-truth is specifically about planning and implementing building renovations and energy-efficiency measures under long-term maintenance plans, with annual measures, completion by end of 2018, and annual monitoring. The extracted policy instead refers to preparing an emissions-reduction Action Plan by end of February 2018. This changes the scope, omits the renovation/energy-efficiency mechanism and annual monitoring, and introduces a different deadline and deliverable."
Helsinki_FI,67,5,"Helen will implement customer-end emissions reduction actions including improving district heating connection measurements and tariff adjustments, examining hourly district heating tariffs, and developing energy monitoring interfaces for customers.",Mitigation,sub,The City will continue to monitor greenhouse gas emissions only within the geographical area of Helsinki and include actions to reduce residents' consumption emissions where possible.,Mitigation,individual,-1,0.5542,False,False,True,"The extracted policy does not match the ground-truth. The ground-truth is specifically about customer-end emissions reduction measures tied to district heating: improving connection measurements, tariff adjustments, examining hourly tariffs, and developing customer energy monitoring interfaces. The extracted policy instead talks generally about monitoring greenhouse gas emissions within Helsinki’s geographic area and reducing residents’ consumption emissions where possible. This misses the concrete sector, mechanisms, and actions, and introduces different scope and framing."
Helsinki_FI,0,6,Using sustainable means of transport (key actions related to modes of transport).,Mitigation,parent,"The City will reduce traffic emissions by promoting walking, cycling, public transport, and other sustainable transport modes.",Mitigation,individual,1,0.5967,True,False,True,"The extracted policy matches the ground-truth closely in scope and intent: both are about using/promoting sustainable means of transport, with key actions focused on transport modes. The extracted version adds examples—walking, cycling, and public transport—which are consistent with the ground-truth rather than contradictory. Neither statement includes quantified targets, deadlines, or binding mechanisms, so the specificity and commitment level are aligned. With no source excerpt provided to assess against, this is a strong semantic match."
Helsinki_FI,1,7,"Improve services in traffic nodes and smoothness of traffic connections, including implementing HSL Solmu and park-and-ride action plans and improving real-time wayfinding via signposts and apps.",Mitigation,sub,"The City will improve services at traffic nodes and the smoothness of traffic connections, including implementing the Solmu action plan and park-and-ride measures.",Resource Efficiency,sub,0,0.8089,False,True,False,"The extracted policy matches the main intent of the ground-truth: improving services at traffic nodes and smoothing traffic connections, and it includes implementing the Solmu action plan and park-and-ride measures. However, it omits specific elements present in the ground-truth, notably the reference to 'HSL Solmu' and the mechanism of improving real-time wayfinding via signposts and apps. With no source excerpt provided to verify wording, this is directionally correct but incomplete rather than a full match."
Helsinki_FI,2,8,Complete the target network for bicycle traffic in the inner city by 2025.,Mitigation,sub,The City will complete the target network for bicycle traffic in the inner city by 2025.,Resource Efficiency,sub,1,0.8955,True,True,False,"The extracted policy matches the ground-truth exactly in scope, target, and deadline: completing the inner-city bicycle traffic target network by 2025. Commitment strength is equivalent ('will complete' vs 'complete'), with no added or missing substantive details."
Helsinki_FI,3,9,Complete the Baana network for bicycle traffic by 2030.,Mitigation,sub,The City will complete the Baana network for bicycle traffic by 2030.,Resource Efficiency,sub,1,0.8965,True,True,False,"The extracted policy matches the ground-truth exactly in scope, commitment, and deadline: completing the Baana network for bicycle traffic by 2030. It preserves the specific target and timing without adding or omitting material details."
Helsinki_FI,4,10,Expand the cycling lane network with high-level winter maintenance.,Mitigation,sub,The City will expand the cycling lane network with high-level winter maintenance.,Resource Efficiency,sub,1,0.901,True,True,False,"The extracted policy matches the ground-truth exactly in scope and commitment: it states that the City will expand the cycling lane network and provide high-level winter maintenance. There is no source excerpt to check against, but relative to the ground-truth, the wording is fully aligned and preserves the delivery mechanism without softening."
Helsinki_FI,5,11,"Promote a pleasant and safe pedestrian environment, including by implementing the traffic safety development programme.",Mitigation,sub,"The City will promote a pleasant and safe pedestrian environment, including through the traffic safety development programme.",Resource Efficiency,sub,1,0.8889,True,True,False,"The extracted policy matches the ground-truth closely in scope, commitment, and mechanism. It preserves the core commitment to promote a pleasant and safe pedestrian environment and includes the same delivery mechanism via the traffic safety development programme. The wording change from 'implementing' to 'through' is not meaningfully different here, and there is no contradiction or loss of specificity relative to the ground truth."
Helsinki_FI,6,12,"Develop cycling services (city bikes, hubs, parking) and related communications, and improve the ability/capacity to carry bicycles on heavy rail traffic.",Mitigation,sub,"The City will develop bicycling services and related communications, and improve bicycle carriage capacity on heavy rail.",Resource Efficiency,sub,1,0.8169,True,True,False,"The extracted policy matches the ground-truth closely in scope and mechanism: it covers developing bicycling services and related communications, and improving capacity to carry bicycles on heavy rail. While it omits examples like city bikes, hubs, and parking, these are illustrative details rather than changing the core commitment. No contradiction or hallucination is present."
Helsinki_FI,7,13,"Implement the development programme for tram traffic in Helsinki and achieve objectives for tram speed, flow, reliability and disturbance levels.",Mitigation,sub,"The City will implement the tram traffic development programme and achieve its speed, flow, reliability and disturbance objectives.",Resource Efficiency,sub,1,0.7884,True,True,False,"The extracted policy matches the ground-truth closely in scope and commitment: both state implementation of the tram traffic development programme in Helsinki and achieving objectives for tram speed, flow, reliability, and disturbance levels. The wording is essentially equivalent, with only a minor paraphrase ('its ... objectives' vs. 'objectives for ...'). No source excerpt is provided to test against document language, but relative to the ground truth this is a precise match."
Helsinki_FI,8,14,Improve public transport service level and rail network coverage by ensuring passenger demand via coordinated land use/transport investment planning and strengthening the trunk network.,Mitigation,sub,The City will improve the service level of public transport and expand rail coverage through land-use and trunk-network planning.,Resource Efficiency,sub,1,0.8237,True,True,False,"The extracted policy matches the ground-truth closely in scope and mechanism: improving public transport service levels, expanding rail coverage, and doing so through land-use planning and trunk-network planning. It preserves the core commitment and delivery approach. It is slightly less explicit than the ground-truth about 'ensuring passenger demand' and 'coordinated land use/transport investment planning,' but these are minor omissions rather than substantive errors. No contradiction or hallucination is present."
Helsinki_FI,9,15,Implement the cycling promotion programme and the bicycle parking development programme.,Mitigation,sub,The City will implement the cycling promotion programme and bicycle parking development programme.,Resource Efficiency,sub,1,0.8818,True,True,False,"The extracted policy matches the ground-truth exactly in scope and commitment: both state implementation of the cycling promotion programme and the bicycle parking development programme. No source excerpt is provided, but relative to the ground-truth there is no added or missing substantive detail."
Helsinki_FI,10,16,"Pricing of transport (parking, public transport and vehicle traffic pricing system) (key actions related to pricing of transport).",Mitigation,parent,"The City will pursue pricing of transport, including parking pricing and a potential vehicle-traffic pricing system, as a key emissions-reduction measure.",Mitigation,parent,0,0.7031,False,True,True,"The extracted policy is directionally aligned with the ground-truth on the core topic: transport pricing, including parking and vehicle-traffic pricing, as a key action. However, it omits public transport pricing, which is explicitly part of the ground-truth scope, and it softens the commitment by saying the City will 'pursue' pricing and a 'potential' vehicle-traffic pricing system rather than clearly stating the policy action. With no source excerpt to verify exact wording, this is a partial but imprecise match rather than a full one."
Helsinki_FI,11,17,"Prepare for a trial of a vehicle traffic pricing system (road toll/congestion tax) through additional surveys with the State/region, including examining allocation of toll revenues to transport system development.",Mitigation,sub,"The City will prepare a vehicle-traffic pricing system, such as a road toll or congestion tax, with the State and regional municipalities.",Mitigation,sub,0,0.7335,False,True,True,"The extracted policy matches the general topic and actors: preparing a vehicle traffic pricing system such as a road toll/congestion tax with the State/region. However, it misses important specificity from the ground truth: this is specifically preparation for a trial, to be advanced through additional surveys/studies, and includes examining allocation of toll revenues to transport system development. The extracted version is directionally correct but omits these key mechanism details and softens the scope."
Helsinki_FI,12,18,"Continue current parking policy until 2021 and raise parking fees thereafter to reduce CO2 emissions, with business impact studied before the decision.",Mitigation,sub,The City will continue current parking policy until 2021 and then raise parking fees further to reduce CO2 emissions.,Mitigation,sub,1,0.861,True,True,True,"The extracted policy matches the ground-truth on the core commitment, timeline, and mechanism: continue the current parking policy until 2021, then raise parking fees to reduce CO2 emissions. It preserves the delivery mechanism and deadline. The only omission is the qualifier that business impacts will be studied before the decision, but the main policy substance is otherwise captured accurately and specifically."
Helsinki_FI,13,19,Scale parking fees more heavily based on emissions and to promote joint use of vehicles.,Mitigation,sub,The City will scale parking fees more heavily according to emissions and the promotion of shared vehicle use.,Mitigation,sub,1,0.8377,True,True,True,"The extracted policy matches the ground-truth closely in scope and mechanism: scaling parking fees based on emissions and encouraging shared/joint vehicle use. 'Promotion of shared vehicle use' is an accurate paraphrase of 'promote joint use of vehicles.' There are no quantified targets or deadlines in the ground truth, so none are missing."
Helsinki_FI,14,20,Expand parking fee zones.,Mitigation,sub,The City will expand parking fee zones.,Mitigation,sub,1,0.8145,True,True,True,"The extracted policy matches the ground-truth exactly in scope and commitment: both state that parking fee zones will be expanded. With no source excerpt provided, there is no evidence of missing qualifiers or contradiction."
Helsinki_FI,16,21,Promote public transport and other sustainable travel by complementing the city's community structure (as part of MAL planning).,Mitigation,sub,The City will promote public transport and other sustainable travel modes by densifying the community structure.,Resource Efficiency,sub,1,0.7932,True,True,False,"The extracted policy closely matches the ground-truth. Both state a commitment to promote public transport and other sustainable travel through the community structure, and 'densifying the community structure' is a reasonable rendering of 'complementing the city's community structure' in the MAL planning context. There are no quantified targets or deadlines in either version, so specificity is aligned. The only minor omission is the explicit mention of MAL planning, but the core mechanism and intent are preserved."
Helsinki_FI,17,22,Update parking norms to better support sustainable transport in new areas and complementary construction of existing areas.,Mitigation,sub,The City will update parking norms to better support sustainable transport in new areas and complementary construction.,Resource Efficiency,sub,1,0.8572,True,True,False,"The extracted policy closely matches the ground-truth in scope and commitment: it states updating parking norms to support sustainable transport in new areas and complementary construction. It omits the phrase 'of existing areas,' but otherwise preserves the core commitment and mechanism without adding unsupported details. Given the source excerpt is not provided, there is no basis to find contradiction."
Helsinki_FI,18,23,Encourage creation of blocks and areas focusing on bicycle and pedestrian traffic through land use planning.,Mitigation,sub,The City will encourage blocks and areas focused on bicycle and pedestrian traffic through land-use planning.,Resource Efficiency,sub,1,0.8662,True,True,False,"The extracted policy matches the ground-truth closely in scope, commitment, and mechanism. It preserves the same action ('encourage'), the same subject ('blocks and areas focused on bicycle and pedestrian traffic'), and the same delivery mechanism ('through land-use planning'). There are no material omissions or contradictions."
Helsinki_FI,20,24,Develop an environmental zone by assessing expansion and inclusion of CO2 criteria (2017–2021) and preparing a CO2-based environmental zone ready for introduction (2021–2025).,Mitigation,sub,"The City will develop an environmental zone, including CO2 criteria and a CO2-based environmental zone ready for introduction.",Mitigation,sub,0,0.8244,False,True,True,"The extracted policy matches the general intent of the ground-truth: developing an environmental zone that includes CO2 criteria and preparing a CO2-based environmental zone for introduction. However, it omits key specificity present in the ground-truth, namely the phased timeline (assessing expansion and inclusion of CO2 criteria in 2017–2021, then preparing the zone for introduction in 2021–2025). Without those deadlines and the explicit assessment step, the extraction is directionally correct but less specific."
Helsinki_FI,21,25,"Enable market-based construction of public charging infrastructure for electric cars, implementing recommendations of the electric traffic working group (by 2035).",Mitigation,sub,The City will enable market-based construction of public charging infrastructure for electric cars.,Mitigation,sub,0,0.7332,False,True,True,"The extracted policy matches the core action and scope of the ground-truth: enabling market-based construction of public charging infrastructure for electric cars. However, it omits key specificity present in the ground-truth, namely the implementation mechanism ('implementing recommendations of the electric traffic working group') and the deadline ('by 2035'). With no source excerpt provided to verify exact wording, this is directionally correct but incomplete rather than a full match."
Helsinki_FI,22,26,"Tighten environmental criteria in competitive bidding for delivery/heavy delivery/utilities and machinery services (and related contract work), monitor compliance after procurement, and research introducing an environmental bonus system.",Mitigation,sub,"The City will tighten environmental criteria in competitive bidding for delivery, heavy delivery, and utility vehicle and machinery services, and monitor compliance after procurement.",Mitigation,sub,0,0.8032,False,True,True,"The extracted policy matches most of the ground-truth commitment: tightening environmental criteria in competitive bidding for delivery/heavy delivery/utility vehicle and machinery services and monitoring compliance after procurement. However, it omits the additional ground-truth element to research introducing an environmental bonus system. With no source excerpt to verify wording or strength, this is a directionally correct but incomplete match rather than a full one."
Helsinki_FI,23,27,Apply environmental criteria to procurement/leasing of City vehicles; Stara and HKL fleets will only use vehicles running on biofuels or renewable electricity by 2020.,Mitigation,sub,"The City will apply environmental criteria to its own vehicles and leasing vehicles, and Stara and HKL fleets will use only biofuel or renewable-electricity vehicles by 2020.",Mitigation,sub,1,0.9362,True,True,True,"The extracted policy closely matches the ground-truth in scope, mechanism, and deadline. It captures applying environmental criteria to City-owned and leased vehicles, and the specific commitment that Stara and HKL fleets will use only vehicles running on biofuels or renewable electricity by 2020. Commitment strength is preserved ('will use only'), and no material details are missing or contradicted."
Helsinki_FI,24,28,Take an active role in developing city logistics and incentives for low-emissions delivery traffic by researching a delivery parking ID system with emissions-based pricing and expanding loading/unloading points.,Mitigation,sub,"The City will develop city logistics and incentives for low-emissions delivery traffic, including a parking ID system and loading/unloading points.",Mitigation,sub,0,0.8456,False,True,True,"The extracted policy is directionally aligned with the ground truth: it covers developing city logistics, incentives for low-emissions delivery traffic, a parking ID system, and loading/unloading points. However, it misses important specificity and mechanism details from the ground truth, notably that the city should 'take an active role,' that the parking ID system is to be researched rather than implemented outright, and that the pricing is emissions-based. It also omits that the loading/unloading points are to be expanded. With no source excerpt provided to verify wording, this is best scored as an imprecise but generally correct match."
Helsinki_FI,25,29,"HSL targets: 10% of ordered bus traffic operated with electric buses by 2022, 30% by 2025, and 90% of ordered traffic run on biofuels by 2020.",Mitigation,sub,"HSL will increase the share of electric buses to 10 per cent by 2022 and 30 per cent by 2025, and run 90 per cent of ordered traffic on biofuels by 2020.",Mitigation,sub,1,0.9249,True,True,True,"The extracted policy matches the ground-truth closely in scope, quantified targets, deadlines, and mechanism. It correctly states HSL’s targets of 10% electric buses by 2022, 30% by 2025, and 90% of ordered traffic on biofuels by 2020. Commitment strength is consistent with the ground truth and there is no contradiction or meaningful omission."
Helsinki_FI,26,30,Expand charging infrastructure for buses as part of the bus traffic competitive bidding programme.,Mitigation,sub,The charging infrastructure for buses will be expanded as part of the bus traffic competitive bidding programme.,Mitigation,sub,1,0.9037,True,True,True,"The extracted policy matches the ground-truth closely in scope, commitment, and mechanism: it states that charging infrastructure for buses will be expanded, and that this occurs as part of the bus traffic competitive bidding programme. There are no quantified targets or deadlines in either version, so no specificity is lost relative to the ground truth."
Helsinki_FI,27,31,Reducing the emissions from the harbours (key actions related to reducing the emissions from the Port operations).,Mitigation,parent,The Port of Helsinki will implement a Carbon-neutral Port by 2035 Action Plan to reduce emissions from port operations.,Mitigation,parent,0,0.626,False,True,True,"The extracted policy is directionally aligned with the ground-truth because it concerns reducing emissions from port/harbour operations. However, it is more specific than the ground-truth in a way that cannot be verified from the provided source excerpt, introducing a particular mechanism and deadline ('Carbon-neutral Port by 2035 Action Plan') that are not present in the ground-truth. Since no source text is provided, the added specificity cannot be confirmed. This makes it an imprecise but related match rather than a fully verified one."
Helsinki_FI,28,32,"Port of Helsinki will create a 'Carbon-neutral Port by 2035' Action Plan including periodic energy reviews, advancing shore power, environmental criteria for machinery/vehicles, enabling low-emission fuel bunkering, and potential discounts/support for shipping companies; and enabling more energy-efficient ships in Vuosaari Harbour.",Mitigation,sub,"The Port of Helsinki will create a Carbon-neutral Port by 2035 Action Plan covering energy reviews, shore power, low-emission fuels, environmental criteria for machinery, and support for low-emission ships.",Mitigation,sub,1,0.9579,True,True,True,"The extracted policy closely matches the ground-truth in scope, commitment, and mechanisms. It preserves the core commitment to create a 'Carbon-neutral Port by 2035' Action Plan and includes the main delivery elements: energy reviews, advancing shore power, low-emission fuels, environmental criteria for machinery, and support for low-emission ships. While it omits some specificity such as vehicles, bunkering, discounts/support for shipping companies, and the explicit reference to enabling more energy-efficient ships in Vuosaari Harbour, the overall extraction is accurate and sufficiently specific rather than vague."
Helsinki_FI,29,33,Make West Harbour traffic smoother between the Harbour and Länsiväylä.,Mitigation,sub,The traffic of the West Harbour will be made smoother between the harbour and the Länsiväylä.,Resource Efficiency,sub,1,0.9214,True,True,False,"The extracted policy matches the ground-truth closely in scope and commitment: it states that traffic in/around West Harbour will be made smoother between the harbour and Länsiväylä. There are no quantified targets or deadlines in either version, and the wording difference is purely stylistic, not substantive."
Helsinki_FI,32,40,Identify major sources of heat loss and heat recovery opportunities in City service buildings (especially sports halls and apartment buildings) and implement viable projects.,Mitigation,sub,The City will identify major heat-loss sources and heat-recovery opportunities in its service building stock and implement viable projects.,Resource Efficiency,individual,1,0.8524,True,False,False,"The extracted policy matches the ground-truth closely in scope and commitment. It preserves the two core actions: (1) identify major heat-loss sources and heat-recovery opportunities, and (2) implement viable projects. Scope is essentially the same ('City service buildings' vs 'service building stock'). The only omission is the ground-truth’s illustrative emphasis on sports halls and apartment buildings, but this does not materially change the policy’s core commitment."
Helsinki_FI,33,41,Better allocate energy cost and savings impacts to actors influencing facility energy consumption and develop an encouraging method for all actors to conserve energy.,Resource Efficiency,sub,The City will better allocate the cost effects of energy consumption and savings to the actors affecting facility energy use.,Resource Efficiency,individual,0,0.7483,False,False,True,"The extracted policy matches the core idea of allocating energy cost impacts to actors influencing facility energy use, but it omits an important part of the ground truth: developing an encouraging method for all actors to conserve energy. It is therefore directionally correct but incomplete and less specific in scope."
Helsinki_FI,34,42,Develop office-building energy monitoring toward energy-efficiency monitoring by integrating building condition and usage data; connect all City-owned/service properties to the monitoring system.,Mitigation,sub,The City will develop consumption monitoring for office buildings by adding condition and usage data to energy data.,Resource Efficiency,individual,0,0.8299,False,False,False,"The extracted policy matches the general direction of the ground-truth: developing office-building energy/consumption monitoring by integrating building condition and usage data. However, it omits a key delivery mechanism/scope element from the ground-truth: connecting all City-owned/service properties to the monitoring system. It is therefore directionally correct but less specific and incomplete."
Helsinki_FI,35,43,Pilot electricity and heating demand response in City premises and develop a plan for adoption scale and schedule based on pilots.,Mitigation,sub,The City will pilot demand response for electricity and heating in its premises and prepare a plan for wider adoption.,Resource Efficiency,individual,1,0.8623,True,False,False,"The extracted policy matches the ground-truth closely in scope and commitment: it covers piloting electricity and heating demand response in City premises and preparing a plan for broader adoption. While it slightly simplifies 'scale and schedule based on pilots' to 'wider adoption,' the core commitment and mechanism are preserved with no contradiction or hallucination."
Helsinki_FI,36,44,"Examine property-specific/regional energy storage opportunities and cost effects, set objectives for storage use (demand response and reserve power), and prepare an operating plan.",Mitigation,sub,The City will examine property-specific and regional energy storage opportunities and set objectives for storage use as demand response and reserve power.,Resource Efficiency,individual,0,0.8142,False,False,False,"The extracted policy matches most of the ground-truth scope and mechanism: it examines property-specific/regional energy storage opportunities and sets objectives for storage use in demand response and reserve power. However, it omits the ground-truth element to examine cost effects and does not include the commitment to prepare an operating plan. With no source excerpt provided, this is directionally correct but incomplete on specificity and delivery mechanism."
Helsinki_FI,37,45,Prepare a target programme for using renewable energy in City construction projects and existing buildings and monitor progress.,Mitigation,sub,The City will prepare a target programme for renewable energy use in its construction projects and existing buildings and monitor progress.,Mitigation,individual,1,0.916,True,False,True,"The extracted policy matches the ground-truth closely in scope, commitment, and mechanism. It preserves the core action ('prepare a target programme'), the subject ('renewable energy use' in City construction projects and existing buildings), and the follow-up mechanism ('monitor progress'). There are no material omissions or contradictions. The slight rephrasing ('using renewable energy' vs. 'renewable energy use') does not change meaning."
Helsinki_FI,38,46,"Continuously develop procurement criteria and methods in construction and maintenance to reflect ambitious goals on energy efficiency, lifecycle CO2 emissions and environmental impacts.",Mitigation,sub,"The City will develop procurement criteria and methods for construction and maintenance to reflect energy efficiency, lifecycle CO2 emissions, and environmental impacts.",Mitigation,individual,0,0.79,False,False,True,"The extracted policy matches the general scope and mechanism of the ground-truth: developing procurement criteria and methods for construction and maintenance around energy efficiency, lifecycle CO2 emissions, and environmental impacts. However, it omits the specificity and commitment nuance of 'continuously develop' and the qualifier 'ambitious goals,' which weakens both the ongoing nature and strength of the commitment. With no source excerpt provided to verify wording, this is directionally correct but less specific than the ground-truth."
Helsinki_FI,39,47,"Strengthen commitment and competence of actors responsible for construction/maintenance regarding low emissions, energy efficiency, lifecycle impacts and procurement environmental criteria (2018–2019).",Resource Efficiency,sub,"The City will strengthen the commitment and competence of construction and maintenance actors on low emissions, energy efficiency, lifecycle impacts, and environmental procurement criteria.",Resource Efficiency,individual,0,0.7969,False,False,True,"The extracted policy matches the core intent and scope of the ground-truth: strengthening the commitment and competence of construction/maintenance actors regarding low emissions, energy efficiency, lifecycle impacts, and environmental procurement criteria. However, it omits the specific timeframe (2018–2019), which reduces specificity. With no source excerpt provided, there is no basis to assess stronger binding language beyond this omission, so the match is directionally correct but incomplete."
Helsinki_FI,40,48,"Set policies, objectives and procedures for facility projects to address conflicting interests related to energy efficiency and renewable energy (costs, profitability, protection values, architecture, cityscape).",Mitigation,sub,"The City will set policies, objectives, and procedures for facility projects where energy efficiency and renewable energy conflict with other values or costs.",Resource Efficiency,individual,1,0.8417,True,False,False,"The extracted policy closely matches the ground-truth in scope and mechanism: it commits to setting 'policies, objectives, and procedures' for facility projects addressing conflicts involving energy efficiency and renewable energy. It accurately preserves the core issue of conflicting interests with other values/costs. The extracted version is slightly less specific because it compresses the examples ('profitability, protection values, architecture, cityscape') into 'other values or costs,' but this does not materially change the policy intent. No contradiction or hallucination is present."
Helsinki_FI,41,49,Develop project planning and cost calculations to ensure maximum prices in project decisions do not impede cost-efficient energy-efficiency and emissions-reduction solutions (2018).,Resource Efficiency,sub,The City will develop project planning and cost calculations so that maximum project prices do not block cost-efficient energy-efficiency solutions.,Resource Efficiency,individual,0,0.7734,False,False,True,"The extracted policy matches the core mechanism and intent: developing project planning and cost calculations so maximum project prices do not hinder cost-efficient energy-efficiency solutions. However, it omits an important part of the ground-truth scope—'emissions-reduction solutions'—and drops the 2018 timing. With no source excerpt provided, this is directionally correct but less specific and slightly narrower than the ground truth."
Helsinki_FI,42,50,"Minimise lifecycle emissions from City construction and infrastructure projects by developing tools/methods/databases, reporting current state and opportunities, setting emissions objectives and procurement criteria by project type, and piloting lifecycle calculation tools across planning and construction.",Mitigation,sub,The City will minimize lifecycle emissions from its construction and infrastructure projects and set emissions-reduction objectives and procurement criteria for them.,Mitigation,individual,0,0.7937,False,False,True,"The extracted policy matches the general intent of the ground-truth by stating the City will minimize lifecycle emissions from construction and infrastructure projects and set emissions-reduction objectives and procurement criteria. However, it omits several specific delivery mechanisms and scope elements present in the ground-truth: developing tools/methods/databases, reporting the current state and opportunities, specifying criteria by project type, and piloting lifecycle calculation tools across planning and construction. With no source excerpt provided to verify wording strength, this is directionally correct but materially less specific than the reference policy."
Helsinki_FI,43,51,"Pilot energy-plus construction, assess costs/challenges, and prepare a plan to gradually move toward energy-plus construction.",Mitigation,sub,The City will pilot energy-plus construction and prepare a gradual transition plan based on the pilot.,Mitigation,individual,0,0.7452,False,False,True,"The extracted policy captures the main direction of the ground-truth: piloting energy-plus construction and preparing a gradual transition plan. However, it omits the explicit requirement to assess costs and challenges, which is a key mechanism in the ground-truth. It is therefore directionally correct but less specific and incomplete relative to the reference policy."
Helsinki_FI,79,53,Strengthen climate change mitigation and circular economy skills in school curricula and schoolwork and expand teachers' knowledge (2017–2021).,Mitigation,sub,"The City will strengthen climate change mitigation and circular economy skills in school curricula and schoolwork, and expand teachers' knowledge.",Mitigation,individual,1,0.8377,True,False,True,"The extracted policy matches the ground-truth policy in scope and commitment: it includes strengthening climate change mitigation and circular economy skills in school curricula and schoolwork, and expanding teachers' knowledge. The only omission is the 2017–2021 timeframe, but otherwise the core commitment and specificity are preserved. With no source excerpt available to assess wording strength further, this is a strong match."
Helsinki_FI,81,54,Increase environmental education in early childhood education and schools.,Adaptation,sub,The City will increase environmental education in early childhood education and schools.,Mitigation,individual,1,0.8029,True,False,False,"The extracted policy matches the ground-truth exactly in scope and commitment: both state increasing environmental education in early childhood education and schools. There are no additional targets, deadlines, or mechanisms in the ground truth to miss, and the extracted version preserves the same intent without contradiction."
Helsinki_FI,82,55,"Organise courses and education on climate change mitigation and adaptation, circular economy and sharing economy for City employees, representatives and residents.",Adaptation,sub,"The City will organize courses and education on climate change mitigation and adaptation, circular economy, and sharing economy for employees, representatives, and residents.",Mitigation,individual,1,0.8963,True,False,False,"The extracted policy matches the ground-truth closely in scope, commitment, and beneficiaries. It preserves the core action ('organize courses and education') and the subject areas ('climate change mitigation and adaptation, circular economy, and sharing economy') for the same target groups ('employees, representatives, and residents'). The only minor variation is omitting 'City' before employees, but this does not materially change the meaning. No source excerpt is provided to assess against original wording, but relative to the ground truth this is an accurate match."
Helsinki_FI,83,56,Promote urban agriculture by crowdsourcing a survey of suitable spaces and defining criteria and rules for their use.,Adaptation,sub,The City will promote urban agriculture by identifying suitable spaces and defining criteria and rules for their use.,Nature-Based Solutions,individual,0,0.7916,False,False,False,"The extracted policy matches the general intent of the ground-truth: promoting urban agriculture through identifying suitable spaces and setting criteria/rules for their use. However, it omits the specific mechanism that the survey of suitable spaces will be crowdsourced, which is a meaningful detail in the ground-truth. With no source document excerpt provided to verify wording or strength, this is directionally correct but less specific than the reference."
Helsinki_FI,85,57,Develop recipes to reduce emissions from City food services and protect the Baltic Sea.,Mitigation,sub,The City will develop recipes to reduce emissions from its food services and protect the Baltic Sea.,Mitigation,individual,1,0.9254,True,False,True,"The extracted policy matches the ground-truth closely in scope and commitment: both state that the City will develop recipes aimed at reducing emissions from City food services and protecting the Baltic Sea. There are no quantified targets or deadlines in the ground truth, and none are omitted in the extraction. The only minor difference is adding 'its' before food services, which does not change meaning."
Helsinki_FI,86,58,Increase the proportion of vegetarian meals in schools and day care centres.,Mitigation,sub,The City will increase the proportion of vegetarian meals in schools and day care centres.,Mitigation,individual,1,0.8427,True,False,True,"The extracted policy matches the ground-truth exactly in scope and commitment: increasing the proportion of vegetarian meals in schools and day care centres. Although no quantified target, deadline, or mechanism is provided, none appears in the ground-truth or source excerpt. The wording 'will increase' is consistent with the stated commitment."
Helsinki_FI,87,59,"Reduce food waste in Service Centre, Palmia and other stakeholder operations through monitoring consumption, campaigns, process efficiency and rationalising product selection/pack sizes.",Mitigation,sub,"The City will reduce food waste in Service Centre, Palmia, and other relevant operations.",Resource Efficiency,individual,0,0.7908,False,False,False,"The extracted policy matches the general intent of the ground truth—reducing food waste in Service Centre, Palmia, and related operations—but it omits the specific delivery mechanisms: monitoring consumption, campaigns, process efficiency, and rationalising product selection/pack sizes. With no source excerpt provided, there is no basis to verify stronger commitment language. Directionally correct but less specific than the ground truth."
Helsinki_FI,88,60,"Examine opportunities for low-emission food transport (e.g., climate-friendly long-life packaging; more efficient deliveries).",Mitigation,sub,The City will examine how to transport food in the most emissions-efficient way.,Resource Efficiency,individual,0,0.7288,False,False,False,"The extracted policy matches the general intent of the ground-truth: examining lower-emission food transport. However, it is less specific. It omits the illustrative mechanisms in the ground-truth (e.g., climate-friendly long-life packaging and more efficient deliveries) and softens 'low-emission' to 'most emissions-efficient way' without preserving those concrete examples. With no source excerpt provided, this is directionally correct but vague rather than a full match."
Helsinki_FI,89,61,"Increase collaboration with grocery shops to reduce food waste, including transferring excess food to community initiatives and institutions (e.g., Shared Table).",Mitigation,sub,"The City will increase collaboration with grocery shops to reduce food waste, including redistributing surplus food.",Resource Efficiency,individual,1,0.8179,True,False,False,"The extracted policy closely matches the ground-truth in scope and commitment: it specifies increasing collaboration with grocery shops to reduce food waste and includes redistribution of surplus/excess food. While it omits the example of transfer to community initiatives and institutions such as Shared Table, that example is illustrative rather than essential to the core policy. No contradiction or hallucination is present."
Helsinki_FI,90,62,"Update environmental criteria for events, encourage use of the EcoCompass environmental management system, and develop tools to measure CO2 emissions of events.",Mitigation,sub,The City will update environmental criteria for events and develop tools for measuring event CO2 emissions.,Mitigation,individual,0,0.7745,False,False,True,"The extracted policy matches two core elements of the ground-truth: updating environmental criteria for events and developing tools to measure CO2 emissions of events. However, it omits the commitment to encourage use of the EcoCompass environmental management system, so the scope is incomplete. With no source excerpt provided, commitment strength cannot be verified. Overall, this is directionally correct but missing a specific delivery mechanism."
Helsinki_FI,47,70,Pilot emission-free construction sites in City projects and adopt a model and criteria for all sites based on pilot experiences; include criteria in project environmental documentation and steer other builders to use them.,Mitigation,sub,"The City will identify high-emissions and circular-economy-significant procurements and develop emissions calculations, lifecycle models, and climate impact assessments for them.",Mitigation,individual,-1,0.5931,False,False,True,"The extracted policy does not match the ground-truth policy. The ground truth is specifically about piloting emission-free construction sites in City projects, adopting a model and criteria based on those pilots, embedding the criteria in project environmental documentation, and steering other builders to use them. The extracted policy instead discusses identifying high-emissions procurements and developing emissions calculations, lifecycle models, and climate impact assessments. This is a different scope, mechanism, and commitment, with no meaningful overlap on construction-site pilots or criteria adoption."
Helsinki_FI,69,80,The City will purchase renewable/emission-free electricity and each purchasing unit will prepare a scheduled plan for switching to renewable electricity.,Mitigation,sub,"The City will use procurements, steering measures, and other means to support markets for products and services that help residents, companies, and communities reduce emissions.",Mitigation,individual,-1,0.6082,False,False,True,"The extracted policy does not match the ground-truth policy. The ground truth is specifically about the City purchasing renewable/emission-free electricity and requiring each purchasing unit to prepare a scheduled switching plan. The extracted policy instead describes broader market-support measures through procurement and steering to help others reduce emissions. It misses the core commitment (renewable electricity purchasing), the implementation mechanism (scheduled plans by purchasing units), and is materially different in scope."
Helsinki_FI,49,81,Pursue high energy efficiency in renovations of City-owned housing and implement measures where viable on a lifecycle cost basis.,Mitigation,sub,The City will give residents opportunities to influence and participate in developing new Smart & Clean solutions in an economically sustainable manner.,Mitigation,individual,-1,0.5732,False,False,True,"The extracted policy does not match the ground-truth policy. The ground truth is about pursuing high energy efficiency in renovations of City-owned housing and implementing measures based on lifecycle cost viability. The extracted policy instead concerns resident participation in developing new Smart & Clean solutions and says nothing about housing renovations, energy efficiency, or lifecycle cost-based implementation. This is a different topic and therefore not a meaningful match."
Helsinki_FI,80,84,"Offer educational institutions internships in Smart & Clean, join joint development projects, and support institutions/campuses in adopting low-carbon solutions.",Mitigation,sub,The City will systematically develop Smart & Clean joint development platforms and increase their effectiveness for climate and circular-economy solutions.,Mitigation,individual,0,0.6004,False,False,True,"The extracted policy is directionally related to Smart & Clean joint development efforts, but it misses the education-specific scope and support measures in the ground truth. The ground truth commits to offering internships to educational institutions, involving them in joint development projects, and supporting campuses in adopting low-carbon solutions. The extraction instead broadly states development of Smart & Clean joint development platforms and improving their effectiveness, omitting the institutional recipients, internships, and low-carbon campus support. With no source excerpt provided to verify wording, this is only a partial, generalized match rather than a specific one."
Helsinki_FI,94,85,"Require Helsinki Group subsidiary communities and joint municipal authorities to integrate emissions reduction policies into their control systems, with a minimum objective of carbon-neutrality by 2035.",Mitigation,individual,"The Helsinki Group's organizations, subsidiary communities, and joint municipal authorities will integrate emissions-reduction policies into their control systems and aim for carbon neutrality by 2035.",Mitigation,individual,1,0.9101,True,True,True,"The extracted policy closely matches the ground-truth on scope, mechanism, and target. It correctly states that Helsinki Group organizations/subsidiary communities and joint municipal authorities are to integrate emissions-reduction policies into their control systems, and it preserves the 2035 carbon-neutrality target. The only minor difference is wording: 'aim for carbon neutrality' is slightly softer than the ground-truth's 'minimum objective of carbon-neutrality by 2035,' but the commitment and specificity remain substantially aligned."
Helsinki_FI,55,90,"Include energy-efficiency requirements stricter than national level in City plot conveyance conditions, actively assess and update requirements as national requirements advance, and use requirements to promote energy conservation and renewable energy production in buildings.",Mitigation,sub,The City will use the green factor method in planning and implementing new plots to ensure sufficient green structures.,Nature-Based Solutions,individual,-1,0.5646,False,False,False,"The extracted policy does not match the ground-truth policy. The ground truth is about imposing stricter-than-national energy-efficiency requirements in plot conveyance conditions, updating them over time, and promoting energy conservation and renewable energy in buildings. The extracted policy instead refers to using a green factor method to ensure green structures in new plots, which is a different mechanism and policy focus. No meaningful match in scope, commitment, or specificity."
Hiroshima_JP,7,0,"Hiroshima City will set greenhouse gas emissions reduction targets of 80% by FY2050, 30% by FY2030, and 5% by FY2020 compared to FY2013 (with FY2020 also equivalent to 7% compared to FY2005).",Mitigation,individual,"The city will establish a greenhouse gas reduction target of 80% by FY2050 compared to FY2013, with mid-term and short-term targets also set.",Mitigation,individual,0,0.8032,False,True,True,"The extracted policy correctly captures the main commitment of setting a greenhouse gas reduction target of 80% by FY2050 compared to FY2013. However, it omits the specific mid-term and short-term quantified targets in the ground truth: 30% by FY2030 and 5% by FY2020 (also 7% compared to FY2005). Because those key deadlines and target levels are missing and replaced with vague language ('mid-term and short-term targets also set'), the match is only directionally correct rather than fully specific."
Hiroshima_JP,9,2,"For households, Hiroshima City sets KPIs including: newly-built ZEH share 50% by FY2020 and almost 100% by FY2030; low-carbon house share 50% by FY2020; household fuel cells total 15,000 by FY2020 and 56,000 by FY2030; and LED adoption (>80% of household lighting) 50% by FY2020 and almost 100% by FY2030.",Mitigation,individual,"The city will promote low-carbon houses using innovative technologies such as ZEH and ZEB, and energy-saving devices based on the state's Top Runner Program.",Mitigation,individual,0,0.5648,False,True,True,"The extracted policy is directionally related to the household/building efficiency theme in the ground truth (promotion of low-carbon houses and ZEH). However, it misses nearly all of the specific KPIs and timelines that define the actual policy: no quantified targets for ZEH share, low-carbon house share, household fuel cells, or LED adoption, and no FY2020/FY2030 deadlines. It also adds ZEB and the Top Runner Program mechanism, which are not reflected in the ground-truth policy as stated. So it captures general intent but is too vague and partially imprecise."
Hiroshima_JP,5,15,"As heat/heat-island adaptation measures, Hiroshima City will create a water and green network through conservation/creation of public open spaces and promote roof and wall greening of buildings (including via the green promotion system).",Adaptation,sub,The city will increase greenery on the tops and sides of buildings to counter the heat-island phenomenon using its network of water and greenery.,Nature-Based Solutions,individual,0,0.694,False,False,False,"Directionally correct but imprecise. The extracted policy captures the heat-island adaptation theme and mentions increasing greenery on roofs and walls/building sides, as well as a water/green network. However, it softens and conflates the mechanisms in the ground truth: the original specifies creating a water and green network through conservation/creation of public open spaces and promoting roof and wall greening of buildings, including via the green promotion system. Those delivery details are missing, and the commitment structure is less specific."
Hiroshima_JP,12,16,"Hiroshima City sets KPIs to increase introduced biomass boilers in city facilities to 3 by FY2020 and 9 by FY2030, and to increase area of park and green spaces to 1,000 ha by FY2020.",Mitigation,individual,The city will promote the use of woody biomass and introduce biomass boilers in city facilities.,Mitigation,individual,0,0.5599,False,True,True,"The extracted policy is directionally aligned with the ground-truth on promoting woody biomass and introducing biomass boilers in city facilities, but it omits the key quantified KPIs and deadlines (3 boilers by FY2020, 9 by FY2030) and completely misses the separate target to increase park and green space area to 1,000 ha by FY2020. It captures only the general intent, not the specificity or full scope of the policy."
Hiroshima_JP,13,20,Hiroshima City sets KPIs for cross-sectional measures: dispersed power introductions in city facilities (1 by FY2020; 8 by FY2030) and smart communities introduced (3 by FY2020; 10 by FY2030).,Mitigation,individual,"The city will share its achievements with neighboring municipalities and promote eco-friendly energy, including woody biomass, small hydroelectric generation, and hydrogen, across the greater Hiroshima area.",Mitigation,individual,-1,0.6032,False,True,True,"The extracted policy does not match the ground-truth KPI policy. The ground truth is a specific, quantified commitment for cross-sectional measures in Hiroshima City: dispersed power introductions in city facilities (1 by FY2020; 8 by FY2030) and smart communities introduced (3 by FY2020; 10 by FY2030). The extraction instead discusses regional sharing of achievements and promotion of eco-friendly energy types (woody biomass, small hydro, hydrogen) across the greater Hiroshima area. It lacks the core scope, numeric targets, deadlines, and mechanisms, and introduces different content not reflected in the ground-truth policy."
Hiroshima_JP,1,22,"Hiroshima City will promote creation of an environment for more accurate understanding of climate change and its effects through publicity/education via city media, school sub-readings, and delivery lectures.",Adaptation,sub,"The city will promote understanding of climate change through publicity, school materials, and lectures.",Adaptation,individual,1,0.7655,True,False,True,"The extracted policy matches the ground-truth closely in scope and mechanism: promoting understanding of climate change via publicity, school materials/sub-readings, and lectures. Although it omits minor specificity such as 'more accurate understanding,' 'its effects,' 'city media,' and 'delivery lectures,' the core commitment and delivery channels are accurately captured with no contradiction."
Hiroshima_JP,0,23,"Hiroshima City will implement an Adaptation Plan with two pillars: improving acknowledgement/understanding of climate change and improving regional comprehensive ability to deal with climate risks, and will comprehensively develop three measures under these pillars.",Adaptation,parent,"The city will build resilience against climate change by advancing disaster prevention, heat-health measures, and heat-island countermeasures.",Adaptation,individual,0,0.6167,False,False,True,"The extracted policy is directionally aligned with climate adaptation/resilience, but it does not match the ground-truth with sufficient specificity. The ground-truth states Hiroshima City will implement an Adaptation Plan organized around two explicit pillars—improving acknowledgement/understanding of climate change and improving regional comprehensive ability to deal with climate risks—and will comprehensively develop three measures under those pillars. The extracted policy instead lists example adaptation areas (disaster prevention, heat-health, heat-island countermeasures) without capturing the stated plan structure, the two pillars, or the commitment to comprehensively develop three measures. With no source excerpt provided to verify those listed measures, the match is only partial and imprecise."
Hiroshima_JP,3,24,"As adaptation measures for increased short-time heavy rain, Hiroshima City will implement city renovation for disaster prevention, construct a disaster information sharing system, and enhance disaster information delivery systems.",Adaptation,sub,"The city will implement disaster-prevention urban renewal, disaster information sharing, and improved disaster information delivery systems to address heavy rain.",Adaptation,individual,1,0.7885,True,False,True,"The extracted policy closely matches the ground-truth in scope, commitment, and mechanism. It captures all three core measures: disaster-prevention urban renewal/renovation, disaster information sharing, and improved disaster information delivery systems. It also correctly ties them to addressing heavy rain. Although wording is slightly condensed and omits 'short-time' and 'construct a' for the sharing system, there is no material loss of meaning or commitment."
Hiroshima_JP,4,25,"As adaptation measures for health impacts from temperature rise, Hiroshima City will publicize heat disorder risks and provide information for heat disorder prevention.",Adaptation,sub,The city will provide publicity and information on heat disorder prevention to address health impacts from rising temperatures.,Adaptation,individual,1,0.7903,True,False,True,"The extracted policy matches the ground-truth closely in scope and mechanism: both state that Hiroshima City will publicize/provide information on heat disorder prevention as an adaptation measure for health impacts from rising temperatures. Although the extracted wording slightly compresses 'publicize heat disorder risks and provide information for heat disorder prevention' into 'provide publicity and information on heat disorder prevention,' it preserves the core commitment and intent without adding unsupported details. No quantified targets or deadlines exist in the ground truth, so none are missing."
Hiroshima_JP,6,27,Hiroshima City will cooperate with the state and universities to consider a system to learn and evaluate climate change effects to time and advance adaptation measures appropriately.,Adaptation,sub,The city will cooperate with the national government and universities to build a system for learning about and evaluating climate change impacts.,Adaptation,individual,0,0.761,False,False,True,"The extracted policy matches the general intent and actors in the ground truth: cooperation with the national/state government and universities on a system for learning about and evaluating climate change impacts/effects. However, it omits key specificity from the ground truth: that the city will 'consider' such a system, and that the purpose is to 'time and advance adaptation measures appropriately.' The extracted version also shifts from considering a system to definitively 'build[ing]' one, which changes commitment strength. Directionally correct but incomplete and somewhat imprecise."
Hiroshima_JP,14,28,"For government operations, Hiroshima City sets targets to reduce greenhouse gas emissions by FY2020 by 5% in the city area and 5.1% for the city office (vs FY2013), and by FY2030 by 30% for both city area and city office (vs FY2013).",Mitigation,individual,"The city will reduce greenhouse gas emissions from municipal operations by changing procurement, applying energy-saving specifications to city-owned buildings, and using eco-friendly contracts and green purchasing.",Mitigation,individual,0,0.619,False,True,True,"The extracted policy is directionally related to reducing emissions from government operations and mentions plausible mechanisms (green procurement, energy-saving specifications, eco-friendly contracts). However, it does not capture the ground-truth policy’s specific quantified targets (5%/5.1% by FY2020 and 30% by FY2030), the FY2013 baseline, or the distinction between city area and city office. It also narrows the scope to municipal operations only and omits the stated reduction commitments themselves. With no source excerpt provided to verify wording, this is best graded as an imprecise partial match rather than a full match."
Hiroshima_JP,10,31,"For business activities, Hiroshima City sets KPIs including Eco Action 21/ISO14001 introductions (500 by FY2020; 1,000 by FY2030), LED lighting use in offices (88.1% by FY2020; almost 100% by FY2030), and BEMS introduction rate (13% by FY2020; 47% by FY2030).",Mitigation,individual,"The city will reduce emissions from municipal offices through staff actions, eco-friendly contracts, LED lighting, carbon management, ESCO renewal, next-generation vehicles, eco-driving, and solar power and woody biomass.",Mitigation,individual,-1,0.5581,False,True,True,"The extracted policy does not match the ground-truth policy. The ground truth is specifically about business-activity KPIs with quantified targets and deadlines: Eco Action 21/ISO14001 introductions (500 by FY2020; 1,000 by FY2030), LED lighting use in offices (88.1% by FY2020; almost 100% by FY2030), and BEMS introduction rate (13% by FY2020; 47% by FY2030). The extracted text instead describes a broad set of municipal office emission-reduction measures and omits the key quantified targets, timelines, and KPI structure. It also shifts scope from business activities to municipal offices and adds measures not reflected in the ground-truth policy."
Hiroshima_JP,11,32,"For waste, Hiroshima City sets KPIs including reducing waste per person per day to 826 g/person/day by FY2020 and reducing incineration amount to 295,000 ton/year by FY2020.",Mitigation,individual,"The city will reduce waste-processing emissions through waste reduction, recycling, and improved waste power generation efficiency.",Mitigation,individual,-1,0.5902,False,True,True,"The extracted policy does not match the ground-truth policy with sufficient specificity. The ground truth is a KPI-based waste policy with explicit quantified targets and deadline: reduce waste per person per day to 826 g/person/day by FY2020 and incineration amount to 295,000 ton/year by FY2020. The extraction instead gives a generic statement about reducing waste-processing emissions via waste reduction, recycling, and improved waste power generation efficiency. It omits both numeric targets, the FY2020 deadline, and the specific incineration metric, and introduces a broader emissions/efficiency framing not present in the ground-truth policy."
Hiroshima_JP,2,35,"Hiroshima City will advance adaptation measures focusing particularly on natural disaster/coast area, health, and people's life/city life, incorporating an additional 'adaptation' viewpoint into existing disaster prevention and healthcare measures, and steadily promoting selected effective measures from its FY2015 comprehensive strategy.",Adaptation,sub,"The city will train staff, prepare infrastructure and lifelines for disasters, operate public facilities with adaptation in mind, and encourage voluntary climate action by citizens and businesses.",Adaptation,individual,0,0.5901,False,False,True,"The extracted policy is directionally related to adaptation and disaster preparedness, but it only partially matches the ground-truth. It captures some implementation areas such as disaster infrastructure and public facilities, which align loosely with adding an adaptation perspective to disaster prevention and city life measures. However, it omits key scope elements explicitly stated in the ground truth: the focus on natural disaster/coast area, health, and people's life/city life; the integration into existing disaster prevention and healthcare measures; and the reference to steadily promoting selected effective measures from the FY2015 comprehensive strategy. It also adds 'encourage voluntary climate action by citizens and businesses,' which is not supported by the ground-truth text provided. With no source excerpt available, this is best scored as an imprecise partial match rather than a full match or contradiction."
Hiroshima_JP,8,38,Hiroshima City will set a short-term (FY2020) energy-use reduction target of 5% for total energy use not affected by the CO2 emission factor of electric utilities.,Mitigation,individual,"The city will review and revise the plan and greenhouse gas reduction targets in FY2020 based on domestic, international, and socioeconomic changes.",Mitigation,individual,-1,0.5549,False,True,True,"The extracted policy does not match the ground-truth policy. The ground truth is a specific commitment to set a short-term FY2020 target of a 5% reduction in total energy use excluding effects from electric utility CO2 emission factors. The extracted statement instead says the city will review and revise the plan and greenhouse gas reduction targets in FY2020 based on changing conditions. This changes both the action (setting a quantified energy-use reduction target vs. reviewing/revising plans) and the substance (energy-use reduction target vs. broader GHG target revision), and omits the 5% target entirely."
Hong_Kong_HK,2,0,"Hong Kong will increase the share of renewable energy in the electricity generation fuel mix from less than 1% to 7.5–10% by 2035, and to 15% before 2050.",Mitigation,sub,Hong Kong will achieve carbon neutrality before 2050 and reduce total carbon emissions by half from the 2005 level before 2035.,Mitigation,individual,-1,0.7067,False,False,True,"The extracted policy does not match the ground-truth policy. The ground truth is specifically about increasing the share of renewable energy in the electricity generation fuel mix to 7.5–10% by 2035 and 15% before 2050. The extracted policy instead describes economy-wide carbon neutrality before 2050 and halving carbon emissions by 2035 from 2005 levels. These are different targets, scopes, and mechanisms, so there is no meaningful match."
Hong_Kong_HK,3,1,"The Government will incorporate renewable energy technologies in all capital works projects, update the Green Government Buildings circular, and increase required roof space for installing RE systems in new government buildings from 10% to 25%, while continuing RE installation in existing government buildings where possible.",Mitigation,sub,"The Government will invest HK$240 billion over the next 15 to 20 years to support climate change actions, including renewable energy, energy efficiency, electrification of transport, and waste management.",Mitigation,individual,-1,0.5834,False,False,True,"The extracted policy does not match the ground-truth policy. The ground truth is a specific government buildings/renewable energy requirement: incorporating renewable energy in all capital works projects, updating the Green Government Buildings circular, and raising required roof space for RE systems in new government buildings from 10% to 25%, plus continuing installations in existing buildings. The extracted policy instead describes a broad HK$240 billion investment over 15–20 years across multiple climate areas. It misses the specific building-related commitment, target (10% to 25%), and mechanisms, so there is no meaningful match."
Hong_Kong_HK,13,2,Hong Kong targets ceasing new registration of fuel-propelled and hybrid private cars in 2035 or earlier.,Mitigation,sub,Hong Kong will strive to achieve carbon neutrality before 2050.,Mitigation,individual,-1,0.6614,False,False,True,"The extracted policy does not match the ground-truth policy. Ground truth is a specific transport-sector commitment: ceasing new registration of fuel-propelled and hybrid private cars in 2035 or earlier. The extracted policy is a different, broader climate goal about achieving carbon neutrality before 2050. It misses the sector, mechanism, and 2035 deadline, so there is no meaningful match."
Hong_Kong_HK,19,3,Hong Kong aims to reduce per capita municipal solid waste disposal by 40–45% and raise the recovery rate to about 55% through MSW charging and other waste reduction and recycling initiatives.,Mitigation,sub,Hong Kong will set out more proactive strategies and measures to reduce carbon emissions.,Mitigation,individual,-1,0.6249,False,False,True,"The extracted policy does not match the ground-truth policy. The ground truth is specifically about municipal solid waste: reducing per capita MSW disposal by 40–45%, increasing the recovery rate to about 55%, and doing so through MSW charging and recycling/waste reduction initiatives. The extracted statement instead refers vaguely to 'more proactive strategies and measures to reduce carbon emissions,' which is a different policy area, lacks the waste-specific targets and mechanisms, and omits the quantified commitments entirely."
Hong_Kong_HK,1,4,"By 2035, Hong Kong will cease using coal for daily electricity generation and keep coal only for backup; coal will be replaced by natural gas and zero-carbon energy (including renewables and nuclear).",Mitigation,sub,Hong Kong will use zero-carbon energy extensively for electricity generation to achieve carbon neutrality before 2050.,Mitigation,individual,0,0.7887,False,False,True,"The extracted policy is directionally related to decarbonizing electricity generation, but it does not match the ground-truth policy with sufficient specificity. It omits the core 2035 commitment to cease using coal for daily electricity generation, the limitation of coal to backup only, and the replacement mechanism via natural gas plus zero-carbon energy including renewables and nuclear. Instead, it gives a broader and vaguer statement about extensive use of zero-carbon energy before 2050, which softens and shifts both the target and timeline."
Hong_Kong_HK,7,5,Hong Kong will reduce electricity consumption of new and existing commercial buildings by 15–20% and residential buildings by 10–15% by 2035 (baseline: 2015 operational conditions).,Mitigation,sub,Hong Kong will set more stringent energy efficiency standards and enhance energy efficiency in both new and existing buildings.,Resource Efficiency,individual,0,0.7398,False,False,False,"The extracted policy is directionally aligned with the ground-truth because it concerns improving energy efficiency in new and existing buildings. However, it misses the core quantified commitments and specificity: no reduction percentages are given, no distinction between commercial (15–20%) and residential (10–15%) buildings is captured, no 2035 deadline is mentioned, and the 2015 baseline is omitted. It also shifts from a clear consumption-reduction target to a vaguer statement about setting stricter standards and enhancing efficiency."
Indonesia_ID,17,1,Indonesia commits to an updated First NDC target of 29% (unconditional) and up to 41% (conditional) GHG reduction versus BAU by 2030.,Mitigation,individual,"Indonesia will implement a long-term low-carbon and climate-resilient strategy through mitigation and adaptation pathways, with sectoral and regional actions aligned to the Paris Agreement and national development objectives.",Mitigation,parent,-1,0.6024,False,False,True,"The extracted policy does not match the ground-truth target. The ground truth is a specific NDC commitment: 29% unconditional and up to 41% conditional GHG reduction versus BAU by 2030. The extracted text instead describes a general long-term low-carbon and climate-resilient strategy with mitigation/adaptation pathways and alignment language, but provides no quantified target, no 2030 deadline, and no unconditional/conditional structure. This is too generic and misses the core commitment."
Indonesia_ID,6,2,"In forestry and other land uses, Indonesia identifies actions required to reduce emissions and achieve net sink (2050 under CPOS; 2030 under LCCP), including reducing deforestation/peat emissions, increasing sequestration via reduced degradation and enhanced regeneration, peatland restoration, forest restoration/sink enhancement, sustainable forest management, and maximizing use of unproductive lands.",Nature-Based Solutions,parent,"Indonesia will increase ambition on greenhouse gas reduction by peaking national emissions in 2030, achieving a forest and land-use net sink, reaching 540 Mton CO2e by 2050, and exploring net-zero emissions in 2060 or sooner.",Mitigation,individual,0,0.7734,False,False,False,"The extracted policy is directionally related but only partially matches the ground-truth. It correctly references a forest and land-use net sink and mentions the 2050 timing, but it misses the key sector-specific actions in forestry and land use that define the ground-truth policy: reducing deforestation and peat emissions, increasing sequestration through reduced degradation and regeneration, peatland restoration, forest restoration/sink enhancement, sustainable forest management, and use of unproductive lands. It also adds broader national emissions-peaking, a 540 MtCO2e figure, and net-zero by 2060, which are not part of the stated ground-truth policy. Because the core intent is partly captured but specificity and mechanism are largely missing or shifted, the match is imprecise rather than exact."
Indonesia_ID,20,3,Indonesia sets peatland restoration targets: CPOS 1.03 Mha by 2030 and 1.7 Mha by 2050; LCCP 2.7 Mha by 2030 and 4.2 Mha by 2050.,Nature-Based Solutions,individual,"Indonesia will increase renewable energy, improve energy efficiency, reduce coal consumption, and implement CCS, CCUS, and BECCS in the energy sector to achieve its long-term mitigation target.",Mitigation,individual,-1,0.5939,False,True,False,"The extracted policy does not match the ground-truth policy. The ground truth is specifically about quantified peatland restoration targets in Indonesia (CPOS 1.03 Mha by 2030 and 1.7 Mha by 2050; LCCP 2.7 Mha by 2030 and 4.2 Mha by 2050). The extracted policy instead discusses energy-sector mitigation actions (renewables, efficiency, coal reduction, CCS/CCUS/BECCS) and contains none of the peatland restoration scope, targets, or timelines. This is a different policy area and therefore not a meaningful match."
Indonesia_ID,18,4,"Indonesia sets an adaptation pathways goal to reduce climate change impacts on national GDP loss by 3.45% in 2050 by increasing resilience in food, water, energy, and environmental health across economic, social/livelihood, and ecosystem/landscape resilience areas.",Adaptation,individual,"Indonesia will pursue adaptation pathways that reduce climate change impacts on national GDP loss by 3.45% in 2050 through increased resilience in food, water, energy, and environmental health.",Adaptation,individual,0,0.9424,False,True,True,"The extracted policy correctly captures the main quantified target and deadline: reducing climate change impacts on national GDP loss by 3.45% in 2050 through adaptation pathways and resilience in food, water, energy, and environmental health. However, it omits important specificity from the ground truth: the resilience framework spans economic, social/livelihood, and ecosystem/landscape resilience areas. It also softens the commitment slightly by saying 'will pursue' rather than 'sets an adaptation pathways goal.' Directionally accurate but missing key scope details, so partial match."
Indonesia_ID,16,6,"Use Government Regulation No. 46/2016 on SEAs to guide integrated, comprehensive, spatially explicit land-use planning aimed at food, water, and energy security based on ecosystem management.",Adaptation,sub,"Indonesia will use strategic environmental assessment and integrated land-use planning to secure food, water, and energy security based on sound ecosystem management.",Adaptation,individual,0,0.5951,False,False,True,"The extracted policy matches the general intent of the ground-truth: using strategic environmental assessment and integrated land-use planning to support food, water, and energy security based on ecosystem management. However, it omits key specificity present in the ground-truth, notably the explicit reference to Government Regulation No. 46/2016 on SEAs and the requirement that planning be comprehensive and spatially explicit. With no source excerpt provided to verify wording, this is directionally correct but less specific and precise than the reference."
Indonesia_ID,0,8,"AFOLU-related policies and measures supporting REDD+ and forest governance include a peatland license moratorium, mandatory sustainable forest management certification, strategic environmental assessments (SEAs) via landscape approach, environmental economic instruments, and establishment of the Environmental Fund Management Agency (BPDLH).",Nature-Based Solutions,parent,"Indonesia will implement a set of policies and measures to reduce emissions from forestry and other land uses, including avoiding deforestation, conserving forests, restoring peatlands, and enhancing sinks.",Mitigation,parent,0,0.612,False,True,False,"The extracted policy is directionally aligned with AFOLU/forestry emissions reduction and mentions peatland restoration and forest conservation, which overlaps with the ground-truth REDD+/forest governance context. However, it misses nearly all of the specific policy instruments and mechanisms in the ground truth: peatland license moratorium, mandatory sustainable forest management certification, strategic environmental assessments via landscape approach, environmental economic instruments, and establishment of BPDLH. It is much more generic, with no concrete governance measures, institutions, or implementation tools, so it is only a vague match rather than a specific one."
Indonesia_ID,7,9,Reduce emissions from deforestation and peatland (peat decomposition and peat fire).,Nature-Based Solutions,sub,"Indonesia will reduce emissions from deforestation and peatland, including peat decomposition and peat fire.",Mitigation,sub,1,0.7665,True,True,False,"The extracted policy matches the ground-truth policy in scope and specificity: it identifies reducing emissions from deforestation and peatland, explicitly including peat decomposition and peat fire. Although no source excerpt is provided to verify wording against the document, relative to the ground truth this is an accurate restatement with no material omissions or contradictions."
Indonesia_ID,8,10,Increase natural forest carbon sequestration capacity by reducing degradation and enhancing regeneration.,Nature-Based Solutions,sub,Indonesia will increase the capacity of natural forests to sequester carbon by reducing degradation and enhancing regeneration.,Mitigation,sub,1,0.7357,True,True,False,"The extracted policy matches the ground-truth closely in scope and substance: it commits to increasing natural forest carbon sequestration capacity through the same mechanisms of reducing degradation and enhancing regeneration. It is essentially a faithful restatement, adding only the country reference. No source excerpt is provided to assess binding language, but relative to the ground-truth this is accurate and specific."
Indonesia_ID,9,11,Restore peatland.,Nature-Based Solutions,sub,Indonesia will restore peatlands.,Nature-Based Solutions,sub,1,0.657,True,True,True,"The extracted policy matches the ground-truth policy exactly in substance: both state a commitment to restore peatland/peatlands. Although no source excerpt is provided to verify wording or strength, relative to the ground truth this is an accurate match with the same core action and scope."
Indonesia_ID,10,12,Implement forest restoration (enrichment planting/sink enhancement).,Nature-Based Solutions,sub,"Indonesia will implement forest restoration, including enrichment planting and sink enhancement.",Nature-Based Solutions,sub,1,0.7526,True,True,True,"The extracted policy matches the ground-truth closely in scope and mechanism: it specifies implementing forest restoration and includes the same examples, enrichment planting and sink enhancement. There is no source excerpt to verify stronger details, but relative to the ground-truth this is an accurate match without contradiction."
Indonesia_ID,11,13,Adopt sustainable forest management practices.,Nature-Based Solutions,sub,Indonesia will adopt sustainable forest management practices.,Mitigation,sub,1,0.7427,True,True,False,"The extracted policy matches the ground-truth exactly in core commitment and scope: adopting sustainable forest management practices. The addition of ""Indonesia will"" is consistent with a policy attribution and does not alter meaning. While neither version includes quantified targets, deadlines, or mechanisms, the extraction fully matches the specificity present in the ground truth."
Indonesia_ID,12,14,Maximize the use of unproductive (idle) lands for establishing forest and agriculture plantations.,Nature-Based Solutions,sub,Indonesia will maximize the use of unproductive lands for forest and agriculture plantations.,Mitigation,sub,1,0.7474,True,True,False,"The extracted policy matches the ground-truth closely in scope and commitment: both state maximizing the use of unproductive/idle lands for establishing forest and agriculture plantations. The wording is slightly simplified ('for' instead of 'for establishing') but preserves the same policy intent, with no contradiction or missing core mechanism."
Italy_IT,15,0,Italy confirms a target of at least 1.1 billion m³ of advanced biomethane from agricultural waste and OFMSW by 2030 for transport.,Mitigation,individual,Italy will accelerate decarbonisation by setting 2030 as an interim milestone for achieving full decarbonisation of the energy sector by 2050.,Mitigation,individual,-1,0.5679,False,True,True,"The extracted policy does not match the ground-truth policy. The ground truth is a specific transport-sector biomethane target for Italy: at least 1.1 billion m³ of advanced biomethane from agricultural waste and OFMSW by 2030. The extracted policy instead describes a broad energy-sector decarbonisation milestone for 2030 on the path to full decarbonisation by 2050. It omits the biomethane commitment, the quantified target, the feedstocks, and the transport focus, and introduces a different policy objective."
Italy_IT,14,3,"Italy targets installed renewable electricity capacities by 2030 including 52,000 MW solar and 19,300 MW wind (including 900 MW offshore), alongside other RES capacity targets.",Mitigation,individual,"Italy will adopt measures to improve renewables' contribution to security while promoting frameworks, infrastructure, and market rules that support renewable integration.",Mitigation,individual,-1,0.636,False,True,True,"The extracted policy does not match the ground-truth policy’s specific 2030 installed capacity targets for renewable electricity in Italy (52,000 MW solar; 19,300 MW wind including 900 MW offshore). Instead, it gives only a generic statement about improving renewables’ contribution through supportive measures and market rules, with no quantified targets, no 2030 deadline, and no concrete capacity commitments. This is too vague and misses the core commitment and specificity of the ground-truth."
Italy_IT,16,5,"Italy will achieve cumulative end-use energy savings of about 50.98 Mtoe over 2021-2030 under EED Article 7, corresponding to annual incremental savings of 0.927 Mtoe/year and nearly 9.3 Mtoe/year by 2030, and will not use EED Article 7(2) options for 2021-2030.",Resource Efficiency,individual,"Italy will promote energy efficiency across all sectors to protect the environment, improve energy security, and reduce energy costs.",Resource Efficiency,individual,-1,0.5788,False,True,True,"The extracted policy does not match the ground-truth commitment. The ground truth is a specific Article 7 EED obligation with quantified targets (50.98 Mtoe cumulative savings over 2021-2030, 0.927 Mtoe/year incremental savings, nearly 9.3 Mtoe/year by 2030) and a clear mechanism/constraint (not using Article 7(2) options). The extracted text is only a generic aspiration to promote energy efficiency, with no targets, no deadline, no reference to Article 7, and no mention of the non-use of flexibilities. This is far too vague to count as a meaningful match."
Italy_IT,18,6,"Italy's PNIRE (National Plan for Electric Vehicle Charging Infrastructure) targets by 2020 include up to 13,000 slow/accelerated public charging stations and 6,000 fast charging stations, a 1:8 public-to-private ratio, and 130,000 electric vehicles in circulation, supported by a €72.2 million programme including €28.7 million government co-financing.",Mitigation,individual,"Italy will promote electrification of consumption, especially in the civil and transport sectors, to improve air and environmental quality.",Mitigation,individual,-1,0.5689,False,True,True,"The extracted policy does not meaningfully match the ground-truth PNIRE commitment. The ground truth is a specific infrastructure plan with quantified 2020 targets (13,000 slow/accelerated public chargers, 6,000 fast chargers, 1:8 public/private ratio, 130,000 EVs) and a defined funding programme (€72.2 million, including €28.7 million government co-financing). The extraction only states a broad intention to promote electrification in civil and transport sectors for air quality, with no charging infrastructure focus, no targets, no deadline, and no financing or delivery mechanism. This is far too vague and omits the core commitment."
Italy_IT,13,7,"By 2030, Italy expects renewables shares of 55.0% in electricity, 33.9% in heating and cooling, and 22.0% in transport (RED II accounting).",Mitigation,individual,"Italy will guide the energy system through research and innovation to develop solutions for sustainability, security, continuity, and cost-effective supply based increasingly on renewable energy.",Mitigation,individual,-1,0.6158,False,True,True,"The extracted policy does not match the ground-truth policy’s specificity or commitment. The ground truth contains concrete 2030 renewable energy share targets for electricity (55.0%), heating and cooling (33.9%), and transport (22.0%) under RED II accounting. The extracted policy is only a general aspiration about guiding the energy system through research and innovation toward increasing renewable energy, with no sectoral targets, no 2030 deadline, and no matching delivery framing. This is too vague to count as a meaningful match."
Italy_IT,19,8,"Italy proposes to accelerate implementation of Article 18(10) of Legislative Decree 257/2016 requiring that, in provinces with high PM10 pollution, when public administrations and related entities replace fleets, 30% of new vehicles purchased are low-emission vehicles by 2022, at least 50% by 2025, and 85% by 2030; non-compliant public tenders remain void.",Mitigation,individual,"Italy will adopt measures to reduce the negative impacts of the energy transition on air, water, soil consumption, and landscape protection.",Mitigation,individual,-1,0.6089,False,True,True,"The extracted policy does not match the ground-truth policy. The ground truth is a specific, binding fleet procurement requirement tied to Article 18(10) of Legislative Decree 257/2016, applying in high-PM10 provinces, with quantified targets (30% by 2022, 50% by 2025, 85% by 2030) and an enforcement mechanism (non-compliant tenders are void). The extracted policy instead gives a vague, general statement about reducing environmental impacts of the energy transition and omits the vehicle procurement scope, targets, deadlines, affected entities, and legal consequence."
Italy_IT,24,9,"Italy will complete the interconnection projects currently underway (Italy–France and Italy–Montenegro, first centre) by 2020 to contribute to achieving the 10% electricity interconnection target by 2020.",Mitigation,individual,Italy will continue the process of integrating the national energy system with the Energy Union.,Mitigation,individual,0,0.6278,False,True,True,"The extracted policy is directionally related to energy integration/interconnection, but it is far too vague compared with the ground truth. The ground truth specifies concrete interconnection projects (Italy–France and Italy–Montenegro, first centre), a completion deadline (by 2020), and the purpose of meeting the 10% electricity interconnection target by 2020. The extracted policy omits the projects, target, and deadline, and softens the commitment into a general statement about continuing integration with the Energy Union."
Italy_IT,23,10,"Italy’s Budget Law for 2018 obliges public bodies to redevelop public lighting systems by 31 December 2023, achieving at least a 50% reduction in electricity consumption relative to average 2015–2016.",Resource Efficiency,individual,"Italy will adopt horizontal policies and measures to support implementation of the plan, including governance, streamlined procedures, updated public-body roles, research on system integration, new technologies, possible energy-tax reform, and flexible mechanisms.",Mitigation,parent,-1,0.5889,False,False,False,"The extracted policy does not match the ground-truth measure. The ground truth is a specific binding obligation in Italy’s 2018 Budget Law requiring public bodies to redevelop public lighting systems by 31 Dec 2023 and achieve at least a 50% electricity-consumption reduction versus the 2015–2016 average. The extracted text instead describes broad, horizontal support measures (governance, procedures, research, possible tax reform, flexible mechanisms) with no mention of public lighting, no quantified 50% target, no deadline, and no binding obligation on public bodies. This is a different policy scope and mechanism."
Italy_IT,17,13,Italy will continue and enhance the Energy Renovation Programme for the Central Public Administration (PREPAC) for 2021-2030 and plans to renovate 3.2 million m² of central public administration buildings over 2021-2030 to meet the 3% annual renovation obligation.,Mitigation,individual,Italy will update the tasks of public bodies working on energy and environmental matters so their roles are coordinated with the plan and full decarbonisation by 2050.,Mitigation,sub,-1,0.5828,False,False,True,"The extracted policy does not match the ground-truth policy. The ground truth is a specific building-renovation commitment under PREPAC for 2021-2030, with a quantified target of renovating 3.2 million m² of central public administration buildings to satisfy the 3% annual renovation obligation. The extracted policy instead discusses updating the tasks of public bodies and coordinating roles toward decarbonisation by 2050, which is a different governance/administrative measure with no matching renovation target, timeframe, or mechanism."
Italy_IT,22,16,"From July 2020, Italy tightens fringe benefit taxation on newly registered company cars based on CO2 emissions, including higher tax rates for high-emitting vehicles and lower rates for vehicles below 60 gCO2/km.",Mitigation,individual,Italy will consider additional instruments such as a review of energy taxation based on polluting and climate-changing emissions.,Mitigation,sub,-1,0.5963,False,False,True,"The extracted policy does not match the ground-truth policy. The ground truth is a specific enacted tax change for company cars starting July 2020, tied to CO2 emissions with differentiated fringe benefit rates and a clear threshold below 60 gCO2/km. The extracted policy instead refers vaguely to considering additional instruments and reviewing energy taxation based on emissions. It misses the company-car scope, the July 2020 timing, the fringe benefit taxation mechanism, and the specific CO2-based differentiation."
Japan_JP,0,0,Japan has legally positioned net-zero (carbon neutrality) by 2050 as a basic principle through the Act Partially Amending the Act on Promotion of Global Warming Countermeasures (Act No. 54 of 2021).,Mitigation,individual,"Japan aims to reduce its greenhouse gas emissions by 46 percent in fiscal year 2030 from fiscal year 2013 levels, aligned with the long-term goal of achieving net-zero by 2050.",Mitigation,individual,0,0.7662,False,True,True,"The extracted policy is directionally related to Japan’s climate targets and correctly mentions the 2050 net-zero goal, but it does not match the ground-truth policy’s key specificity and legal framing. The ground truth is specifically about Japan legally positioning carbon neutrality by 2050 as a basic principle through the 2021 amendment to the Act on Promotion of Global Warming Countermeasures. The extracted policy instead emphasizes a separate 46% emissions reduction target for FY2030 and only says net-zero by 2050 is a long-term goal, omitting the legal basis and the 'basic principle' commitment. This is broadly correct in intent but misses the core mechanism and strength of commitment."
Japan_JP,1,3,"Japan will establish and implement the Joint Crediting Mechanism (JCM) to quantitatively evaluate and use international emission reductions/removals toward its NDC, aiming to secure approximately 100 million t-CO2 of accumulated emission reductions and removals by fiscal year 2030 through public-private collaborations, and will appropriately count acquired credits while ensuring environmental integrity and avoiding double-counting.",Mitigation,individual,"Japan will establish and implement the Joint Crediting Mechanism to quantify emission reductions and removals achieved through diffusion of decarbonizing technologies and measures in developing countries, and use those contributions to achieve its NDC.",Mitigation,individual,0,0.8922,False,True,True,"The extracted policy captures the core mechanism and intent: Japan will establish and implement the Joint Crediting Mechanism and use resulting international emission reductions/removals toward achieving its NDC. However, it omits several key specifics from the ground truth, including the quantified target of approximately 100 million t-CO2, the deadline of fiscal year 2030, the public-private collaboration delivery mechanism, and the safeguards on environmental integrity and avoiding double-counting. The added detail about diffusion in developing countries is plausible for JCM but is not sufficient to recover the missing specificity. Therefore this is directionally correct but materially less specific than the reference policy."
Kuwait_KW,0,4,"Projects and National Initiatives: Kuwait lists ongoing and past climate change adaptation projects and initiatives across sectors (water, agriculture, fisheries, coastal, health, waste, awareness).",Adaptation,parent,Kuwait will prepare and implement a National Adaptation Plan that includes short-term and long-term programs and projects to adapt to climate change.,Adaptation,individual,-1,0.7513,False,False,True,"The extracted policy does not match the ground-truth. The ground-truth is a descriptive inventory of ongoing and past adaptation projects and national initiatives across multiple sectors. The extraction instead introduces a forward-looking commitment to prepare and implement a National Adaptation Plan with short- and long-term programs, which is a different policy concept and adds unsupported specificity. With no source excerpt provided to substantiate this NAP commitment, this is not a meaningful match."
Kuwait_KW,2,22,"Undertake agricultural projects to develop crops adapted to high temperatures and resistant to salinity and drought, including introducing more than 50 tree types under an Agriculture Master Plan and implementing varieties such as Conocarpus, Ficus, Prosopis, and date palm trees.",Adaptation,sub,"Kuwait will develop new crop varieties and landscape trees that can tolerate high temperatures, salinity, and drought.",Nature-Based Solutions,individual,0,0.6885,False,False,False,"The extracted policy captures the general adaptation intent—developing crops/trees tolerant to high temperatures, salinity, and drought—which aligns directionally with the ground truth. However, it omits key specifics and mechanisms: the agricultural projects framing, the Agriculture Master Plan, the quantified commitment to introduce more than 50 tree types, and the named examples (Conocarpus, Ficus, Prosopis, date palm). Commitment is also softened relative to the fuller ground-truth formulation. With no source excerpt provided, this is best graded as partially correct but insufficiently specific."
Kuwait_KW,7,23,"Establish the electronic environmental Monitoring Information System of Kuwait (eMISK) to build and maintain a comprehensive geo-environmental database and GIS system for updating and analyzing environmental data (started 2015, ongoing).",Adaptation,sub,Kuwait will establish eMISK as a comprehensive geo-environmental database and GIS system to support environmental data updating and analysis.,Adaptation,individual,1,0.884,True,False,True,"The extracted policy matches the core commitment and mechanism of the ground-truth: establishing eMISK as a comprehensive geo-environmental database and GIS system for updating and analyzing environmental data. It preserves the scope and specificity of the system’s purpose. The only omission is the timing/status detail ('started 2015, ongoing'), but this does not materially change the policy substance."
Kuwait_KW,1,24,"Implement green belts and increase protected areas to adapt to dust storms, including the 'Kuwait Green Wall Project' to plant 315,000 trees for a 420 km wall along the borderline; started in 2015 and ongoing.",Nature-Based Solutions,sub,"Kuwait will establish the Kuwait Green Wall Project to plant 315,000 trees along a 420 km border wall to hold back moving sand.",Nature-Based Solutions,individual,1,0.8287,True,False,True,"The extracted policy closely matches the ground-truth on the core commitment, target, and mechanism: it identifies the Kuwait Green Wall Project, specifies planting 315,000 trees, and notes the 420 km border wall as the delivery mechanism to reduce moving sand/dust. It omits the broader framing about green belts/increasing protected areas and the timing detail that it started in 2015 and is ongoing, but the main policy commitment is captured accurately and specifically."
Kuwait_KW,3,25,"Establish a 'Food security' project with FAO in cooperation with Kuwait to undertake twelve projects across fisheries, water resources, natural resources, animal production, animal health, and technical capacity development, with a budget of $850,000 and 1–5 year timeframe.",Adaptation,sub,"Kuwait will establish a food security program with projects in fisheries management, water resource management, natural resource management, animal production, animal health, and technical capacity development.",Adaptation,individual,0,0.7917,False,False,True,"The extracted policy matches the general scope of the ground-truth: a food security initiative covering fisheries, water resources, natural resources, animal production, animal health, and technical capacity development. However, it omits key specifics that make the ground-truth policy precise and stronger: the partnership with FAO, the fact that it consists of twelve projects, the budget of $850,000, and the 1–5 year timeframe. It also softens the framing from a defined project arrangement to a generic program. With no source excerpt provided, this is directionally correct but insufficiently specific."
Kuwait_KW,4,26,"Establish a regional database and information center to support fisheries management and aquaculture development (FAO/PAAFR), with budget of $250,000/year (joint project initiated December 2016).",Adaptation,sub,Kuwait and FAO will establish a regional database and information center to support fisheries management and aquaculture development.,Adaptation,individual,0,0.6982,False,False,True,"The extracted policy matches the core action and scope: establishing a regional database and information center to support fisheries management and aquaculture development. However, it omits key specifics present in the ground truth, including the FAO/PAAFR framing, the quantified budget of $250,000/year, and the initiation timing in December 2016. It is directionally correct but less specific."
Kuwait_KW,5,27,"Establish fisheries farms as an adaptation step under food security, including Nile tilapia culture in farms using brackish water (5–8 ppt) in Al-Wafra, Abdali and Al-Sulybia areas; budget $250,000/year.",Adaptation,sub,Kuwait will establish fisheries farms using brackish water to support food security.,Adaptation,individual,0,0.6586,False,False,True,"The extracted policy captures the general intent of establishing fisheries farms using brackish water for food security, which aligns directionally with the ground-truth adaptation measure. However, it omits key specifics: Nile tilapia culture, the salinity range (5–8 ppt), the named locations (Al-Wafra, Abdali, Al-Sulybia), the framing as an adaptation step, and the budget of $250,000/year. Because the core idea is right but the target details and implementation specificity are missing, this is only a partial match."
Kuwait_KW,6,28,Assess historic climate records for the past 70 years and develop future projection climatic scenarios until 2100 (project started 2012 by Kuwait University and UN Environment).,Adaptation,sub,Kuwait will assess historic climate records and future climate projections through a project led by Kuwait University and UN Environment.,Adaptation,individual,0,0.8383,False,False,True,"The extracted policy matches the general intent and key actors of the ground-truth: assessing historic climate records and future climate projections via a project led by Kuwait University and UN Environment. However, it omits important specificity present in the ground-truth, namely the 70-year historic scope, the projection horizon until 2100, and the project start date in 2012. It is therefore directionally correct but less specific."
Kuwait_KW,8,29,Establish eMISK Industry as a national program to collect an environmental inventory of industrial facilities in Kuwait.,Adaptation,sub,Kuwait will establish eMISK Industry to collect an environmental inventory of industrial facilities.,Adaptation,individual,1,0.9002,True,False,True,"The extracted policy matches the ground-truth closely in scope and core commitment: establishing eMISK Industry to collect an environmental inventory of industrial facilities in Kuwait. The only omitted detail is that it is a 'national program,' but this does not materially change the policy substance. Commitment strength is preserved through 'will establish,' and there is no contradiction or hallucination."
Kuwait_KW,9,30,Implement eMISK Waste to manage the fleet of industrial liquid waste vehicles and organize the logistics process.,Mitigation,sub,Kuwait will establish eMISK Waste to manage industrial liquid waste vehicles and logistics.,Resource Efficiency,individual,1,0.7248,True,False,False,"The extracted policy matches the ground-truth closely in scope and mechanism: it identifies establishing/implementing eMISK Waste and its purpose of managing industrial liquid waste vehicles and logistics. Although the source document excerpt is not provided, relative to the ground truth the extraction preserves the core commitment and operational focus with no material contradiction."
Kuwait_KW,10,31,Implement eMISK Marine to promote and facilitate an information management system supporting policies and programs for integrated coastal and ocean management in Kuwait.,Adaptation,sub,Kuwait will establish eMISK Marine to support policies and programs for integrated coastal and ocean management.,Adaptation,individual,1,0.8805,True,False,True,"The extracted policy closely matches the ground-truth in scope and commitment: both state that Kuwait will establish/implement eMISK Marine to support policies and programs for integrated coastal and ocean management. The only omission is the phrasing 'promote and facilitate an information management system,' but 'establish eMISK Marine' effectively captures the core delivery mechanism and purpose. No contradiction or hallucination is present."
Kuwait_KW,11,32,"Build additional desalination capacity: Kuwait produced around 3.85 MCM/d of desalinated water in 2016; eight additional plants were being commissioned and additional IWPP/plant projects are planned, including Al-Zour North (250 MGD), Al-Zour South (145 MGD), Al Khiran (125 MGD), and Doha (60 MGD), with further projects planned to be tendered as of 2019 (~285 MGD additional).",Adaptation,sub,Kuwait will continue constructing desalination plants and water distribution systems to protect freshwater sources and maintain ecological stability.,Adaptation,individual,0,0.6929,False,False,True,"The extracted policy is directionally related to expanding desalination infrastructure, but it is much less specific than the ground truth. It omits the quantified existing capacity (3.85 MCM/d), the named projects and their capacities (Al-Zour North, Al-Zour South, Al Khiran, Doha), the commissioning/tendering details, and the scale of additional planned capacity. It also adds unsupported rationale about protecting freshwater sources and ecological stability. Because the general intent matches but key targets, project details, and specificity are missing, this is only a partial match."
Kuwait_KW,12,33,"Invest USD 5.5 million jointly with MIT to research updates to current desalination plants and next-generation desalination plants (since 2016, ongoing).",Adaptation,sub,Kuwait will invest jointly with MIT to update current desalination plants and develop next-generation desalination plants.,Adaptation,individual,0,0.736,False,False,True,"The extracted policy matches the core action and partnership in the ground truth: a joint investment with MIT to improve current desalination plants and develop next-generation plants. However, it omits key specificity present in the ground truth, notably the quantified amount (USD 5.5 million) and the timing/status ('since 2016, ongoing'). It also softens the mechanism slightly by leaving out that this is for research. Directionally correct but missing important details, so partial credit."
Kuwait_KW,13,34,"Provide education on 'in-house water desalination techniques' for rural households, implemented jointly with the United Nations (started 2016).",Adaptation,sub,Kuwait will teach rural households in-house water desalination techniques to provide freshwater at low cost and short time.,Adaptation,individual,0,0.6647,False,False,True,"The extracted policy matches the core action and target group: teaching rural households in-house water desalination techniques. However, it omits key specifics from the ground truth, namely that implementation is joint with the United Nations and that it started in 2016. It also adds rationale ('to provide freshwater at low cost and short time') not present in the ground truth. With no source excerpt provided to verify exact wording or commitment strength, this is directionally correct but lacks important specificity."
Kuwait_KW,14,35,"Implement Kuwait Integrated Environmental Information Network Phase-IV (KIEIN-IV), a GIS-based system compiling environmental indicator data and serving as a spatial decision support tool (run 2012–2014; budget $1,200,000).",Adaptation,sub,"Kuwait will implement KIEIN-IV as a GIS-based environmental information network to compile indicators, disseminate data, and support climate monitoring and adaptation.",Adaptation,individual,0,0.851,False,False,True,"The extracted policy matches the core measure: implementing KIEIN-IV as a GIS-based environmental information network that compiles indicators and supports decision-making/monitoring. However, it misses key specificity from the ground truth, notably the Phase-IV framing details, the implementation period (2012–2014), the budget ($1,200,000), and the explicit role as a spatial decision support tool. It also adds slightly broader functions like climate monitoring and adaptation rather than the more precise environmental indicator and spatial support description. Directionally correct but incomplete."
Kuwait_KW,15,36,"Implement the Kuwait Environmental Governance Initiative (KEGI) to support design of the National Adaptation Plan (NAP) and relevant initiatives linked to water, city planning, and other sectors (2017–2018; budget $2,000,000).",Adaptation,sub,"Kuwait will implement the Kuwait Environmental Governance Initiative to support the National Adaptation Plan and related initiatives in water, city planning, and other sectors.",Adaptation,individual,0,0.8357,False,False,True,"The extracted policy matches the core action and scope of the ground-truth: implementing the Kuwait Environmental Governance Initiative to support the National Adaptation Plan and related sectoral initiatives such as water and city planning. However, it omits key specificity present in the ground-truth, notably the 2017–2018 timeframe, the budget of $2,000,000, and the detail that it supports the design of the NAP. With no source excerpt provided to verify wording, this is directionally correct but incomplete rather than a full match."
Kuwait_KW,16,37,"Establish land and marine nature reserves to safeguard marine and land ecosystems, including reserves in Sabah Al-Ahmed natural reserve area and Jahra pool natural reserve area (2011–2016).",Nature-Based Solutions,sub,Kuwait will establish land and marine nature reserves to safeguard marine and land ecosystems.,Nature-Based Solutions,individual,0,0.6838,False,False,True,"The extracted policy captures the core intent and action from the ground truth: establishing land and marine nature reserves to protect ecosystems. However, it omits key specificity present in the ground truth, including the named reserve areas (Sabah Al-Ahmed and Jahra pool) and the implementation timeframe (2011–2016). It is therefore directionally correct but less specific."
Kuwait_KW,17,38,Apply water conservation technologies as an adaptation option to reduce water consumption by 20% (project started in 2012 and ongoing).,Resource Efficiency,sub,Kuwait will apply water conservation technologies to reduce water consumption by 20 percent.,Resource Efficiency,individual,0,0.6351,False,False,True,"The extracted policy matches the core action and quantified target: applying water conservation technologies to reduce water consumption by 20%. However, it omits the timing/detail present in the ground truth ('project started in 2012 and ongoing'). With no source excerpt provided, commitment strength cannot be further verified. Directionally correct but missing implementation timeframe, so not fully specific."
Kuwait_KW,18,39,Establish a Coastal Information System (CIS) to provide coastal area information to planners and decision makers as an adaptation measure; started in 2006 and ongoing.,Adaptation,sub,Kuwait will establish a Coastal Information System to protect coastal zones and marine environments and support planners and decision makers.,Adaptation,individual,0,0.6149,False,False,True,"The extracted policy matches the core action of establishing a Coastal Information System and correctly notes its role in supporting planners and decision makers. However, it omits key ground-truth specifics: that this is explicitly framed as an adaptation measure, that it provides coastal area information, and especially the timing/status detail that it started in 2006 and is ongoing. The added purpose of protecting coastal zones and marine environments is plausible but not supported by the provided ground truth. Overall, it is directionally correct but less specific."
Kuwait_KW,19,40,Construct tidal barriers in new developments (Sabah Al Ahmad Sea City) including a tidal gate system and offshore breakwater to cope with rising sea levels and protect from erosion; completed in 2016.,Adaptation,sub,Kuwait will construct tidal barriers in new developments to protect against erosion and rising sea levels.,Adaptation,individual,0,0.6833,False,False,True,"The extracted policy matches the general action and purpose in the ground truth: constructing tidal barriers in new developments to address rising sea levels and erosion. However, it omits key specificity present in the ground truth, including the named development (Sabah Al Ahmad Sea City), the delivery mechanisms (tidal gate system and offshore breakwater), and the completion timing (completed in 2016). It is directionally correct but less specific."
Kuwait_KW,20,41,"Conduct awareness campaigns and symposiums regarding sea level rise, including the 2017 'Our Seas: Theories, Data, and Policies' symposium to increase awareness among stakeholders and the public.",Adaptation,sub,Kuwait will conduct awareness campaigns and symposiums to increase public and stakeholder awareness of sea level rise adaptation.,Adaptation,individual,1,0.7058,True,False,True,"The extracted policy matches the ground-truth closely in scope and mechanism: it identifies conducting awareness campaigns and symposiums aimed at increasing awareness among stakeholders and the public about sea level rise. The only omission is the specific example of the 2017 'Our Seas: Theories, Data, and Policies' symposium, but that functions as an illustrative detail rather than a separate commitment. The extracted version is slightly more general and adds 'adaptation,' but it remains accurate and aligned with the core commitment."
Kuwait_KW,21,42,Implement the Coastal Management Program (CMP) to produce Integrated Coastal Zone Management (ICZM) for Kuwait (Phase 1 completed; Phase 2 ongoing; started 1979).,Adaptation,sub,Kuwait will implement the Coastal Management Program to produce integrated coastal zone management and best-practice guidelines for coastal development.,Adaptation,individual,0,0.7629,False,False,True,"The extracted policy matches the core action and scope of the ground-truth: implementing the Coastal Management Program to produce Integrated Coastal Zone Management for Kuwait. However, it adds 'best-practice guidelines for coastal development,' which is not present in the ground-truth, and it omits the temporal/status details ('started 1979,' 'Phase 1 completed; Phase 2 ongoing'). With no source excerpt to verify against, this is directionally correct but less specific and slightly embellished."
Kuwait_KW,22,43,"Initiate a Water Resources Development and Management Program (WRDM) to develop integrated water policies, management options, and action plans to solve water scarcity and increase water security and resilience (ongoing).",Adaptation,sub,Kuwait will implement the Water Resources Development and Management Program to optimize water use and develop integrated water policies and action plans.,Adaptation,individual,0,0.5965,False,False,True,"The extracted policy is directionally aligned with the ground truth: it identifies implementation of the Water Resources Development and Management Program and mentions developing integrated water policies and action plans. However, it omits important scope and specificity from the ground truth, including the management options component, the purpose of solving water scarcity, and increasing water security and resilience. It also changes the framing slightly to 'optimize water use,' which is plausible but not present in the ground truth. With no source excerpt provided, this is a partial but imprecise match rather than a full one."
Kuwait_KW,23,44,Construct desalination using Multi-Stage Flash (MSF) technology: operate 40 MSF units with total production capacity of 234 MGD (completed).,Adaptation,sub,Kuwait will use multi-stage flash desalination technology to expand desalination capacity.,Adaptation,individual,0,0.6576,False,False,True,"The extracted policy matches the general direction and mechanism (use of multi-stage flash desalination technology) but misses the key specifics in the ground truth: 40 MSF units, total capacity of 234 MGD, and that the project was completed. It is therefore directionally correct but too vague on target, scale, and status."
Kuwait_KW,24,45,Implement a Wastewater Treatment and Reclamation Technologies Program to research reclaiming and reusing wastewater for irrigation; MPW reported about 65% of treated wastewater is reused in irrigation (ongoing).,Adaptation,sub,Kuwait will research wastewater treatment and reclamation technologies to reuse wastewater for irrigation.,Resource Efficiency,individual,0,0.6514,False,False,False,"The extracted policy captures the core intent—researching wastewater treatment and reclamation technologies to enable reuse of wastewater for irrigation—but it misses important specificity from the ground truth. It omits that this is framed as a formal program, leaves out the reported figure that about 65% of treated wastewater is reused in irrigation, and does not reflect the ongoing status. With no source excerpt provided, there is no basis to verify stronger wording. Overall, it is directionally correct but less specific than the ground truth."
Kuwait_KW,25,46,"Conduct an awareness campaign on KEPA Articles 76 (ambient air and air quality zone compliance actions) and 79 (emission sources and evaluation), completed in 2010.",Mitigation,sub,Kuwait will conduct awareness campaigns on KEPA Articles 76 and 79 regarding ambient air quality compliance and emission source evaluation.,Mitigation,individual,0,0.7828,False,False,True,"The extracted policy matches the core action and subject matter: an awareness campaign on KEPA Articles 76 and 79 related to ambient air quality compliance and emission source evaluation. However, it loses specificity from the ground truth by pluralizing 'campaign' to 'campaigns' and, more importantly, omitting the completion timing ('completed in 2010'). With no source excerpt provided to verify wording, this is directionally correct but less specific than the ground-truth policy."
Kuwait_KW,26,47,"Implement the Beatona initiative (EPA website) to increase public awareness by sharing real-time environmental news and information and providing GIS map layers (started 2012, ongoing).",Adaptation,sub,Kuwait will maintain the Beatona Initiative as a public awareness website sharing real-time environmental news and information.,Adaptation,individual,0,0.6645,False,False,True,"The extracted policy matches the general intent of the ground-truth: it identifies the Beatona initiative as a public awareness website sharing real-time environmental news and information. However, it omits a key delivery mechanism from the ground-truth—providing GIS map layers—and does not capture the timing detail ('started 2012, ongoing'). It is directionally correct but less specific and slightly softened by saying 'maintain' rather than 'implement'."
Kuwait_KW,27,48,Implement the Tarsheed campaign to reduce per-capita consumption of electricity and water (completed 2007).,Resource Efficiency,sub,Kuwait will implement the Tarsheed Campaign to reduce per-capita electricity and water consumption.,Resource Efficiency,individual,1,0.7301,True,False,True,"The extracted policy matches the ground-truth on the core commitment and mechanism: implementing the Tarsheed campaign to reduce per-capita electricity and water consumption. It preserves the correct scope and intent. The only missing detail is the completion timing ('completed 2007'), but this does not change the substantive match."
Kuwait_KW,28,49,"Implement Tarsheed Campaign II to encourage 'Reduce, Reuse and Recycle' waste management (completed 2013).",Mitigation,sub,"Kuwait will implement the Tarsheed Campaign II to encourage reduce, reuse, and recycle waste management.",Resource Efficiency,individual,1,0.7469,True,False,False,"The extracted policy accurately matches the ground-truth policy in scope and mechanism: it identifies implementation of Tarsheed Campaign II and its purpose to encourage 'reduce, reuse, and recycle' waste management. The only omission is the completion timing '(completed 2013)', but the core commitment is otherwise captured correctly, so this is a strong match."
Kuwait_KW,29,50,Utilize treated sewage effluent (TSE) from Umm Al-Hayman WWTP for irrigation of green and agricultural areas (project implemented 2012–2018 by MPW).,Adaptation,sub,Kuwait will use treated sewage effluent from Umm Al-Hayman WWTP for irrigation purposes.,Resource Efficiency,individual,0,0.7326,False,False,False,"The extracted policy matches the core intent of the ground-truth: using treated sewage effluent from Umm Al-Hayman WWTP for irrigation. However, it is less specific. It omits the scope ('green and agricultural areas'), the implementation details and timeframe (project implemented 2012–2018), and the responsible entity (MPW). It is therefore directionally correct but lacks key specificity and delivery details."
Kuwait_KW,30,51,Issue and enforce a national law to stop outdoor work from 11:00 AM to 16:00 during June through August (issued 2005; cited as started by EPA in 2018 under public health sector).,Adaptation,sub,Kuwait will restrict outdoor work from 11:00 AM to 4:00 PM during June through August.,Adaptation,individual,0,0.6126,False,False,True,"The extracted policy matches the core measure and timing: restricting outdoor work from 11:00 AM to 4:00 PM during June through August aligns with the ground-truth policy. However, it omits key specificity and commitment details present in the ground truth, namely that this is a national law and that it is to be issued and enforced. Without the legal/enforcement mechanism, the extraction is directionally correct but less specific and weaker in commitment."
Kuwait_KW,31,52,"Support Kuwait to prepare and submit its Second National Communication (SNC) and first Biennial Update Report (BUR) to UNFCCC via a GEF-funded project (started 2014; budget $1,517,000).",Adaptation,sub,Kuwait will support preparation of its Second National Communication and Biennial Update Report to the UNFCCC.,Adaptation,individual,0,0.808,False,False,True,"The extracted policy matches the general intent of the ground-truth: support for Kuwait’s preparation of its Second National Communication and Biennial Update Report to the UNFCCC. However, it omits important specificity present in the ground truth, including that this is the first BUR, that submission is part of the commitment, and the implementation details of the GEF-funded project (start year 2014 and budget of $1,517,000). With no source excerpt provided, there is no basis to verify stronger precision, so this is directionally correct but incomplete."
Kuwait_KW,32,53,"Operate the Environmental Pollution and Climate (EPC) Program to assess pollution and climate change challenges in atmospheric, aquatic, and terrestrial environments (ongoing).",Adaptation,sub,"Kuwait will implement the Environmental Pollution and Climate Program to assess pollution and climate change challenges across atmospheric, aquatic, and terrestrial environments.",Adaptation,individual,1,0.6569,True,False,True,"The extracted policy matches the ground-truth closely in scope and mechanism: it refers to implementing/operating the Environmental Pollution and Climate Program to assess pollution and climate change challenges across atmospheric, aquatic, and terrestrial environments. The only minor difference is omission of the explicit '(ongoing)' timeframe, but the core commitment and specificity are preserved without contradiction."
Las_Vegas_US,0,4,Urban Forestry (green infrastructure for heat mitigation): take steps to reduce heat hazards with appropriate green infrastructure.,Adaptation,parent,The City will use smart growth development practices to protect limited resources and mitigate the urban heat island.,Adaptation,individual,0,0.5639,False,False,True,"The extracted policy is directionally related to heat mitigation, but it does not match the ground-truth closely. The ground-truth specifically focuses on taking steps to reduce heat hazards through appropriate green infrastructure/urban forestry, while the extracted policy instead emphasizes smart growth development practices and protecting limited resources, only mentioning mitigation of the urban heat island more generally. Because the mechanism (green infrastructure) is missing and replaced with a different approach, this is an imprecise partial match rather than a full one."
Las_Vegas_US,9,8,Eliminate brownfields within the City through redevelopment.,Mitigation,sub,The City will shift land use strategy toward infill and redevelopment as land supply declines.,Resource Efficiency,individual,0,0.5882,False,False,False,"The extracted policy is directionally related to redevelopment, but it does not match the ground-truth commitment to eliminate brownfields through redevelopment. It reframes the policy as a broader land-use shift toward infill and redevelopment due to declining land supply, omitting the specific brownfields focus and the stronger elimination outcome. With no source excerpt provided, the comparison rests on ground-truth specificity, which is only partially captured."
Las_Vegas_US,2,12,"Plant at least 100,000 public and private high-quality native and adaptive trees to increase canopy to 20%.",Adaptation,sub,"The City will reduce heat hazards through green infrastructure and tree canopy expansion, including zoning amendments and planting at least 100,000 native and adaptive trees to raise canopy cover to 20%.",Adaptation,individual,1,0.6848,True,False,True,"The extracted policy matches the ground-truth on the key quantified commitments: planting at least 100,000 native/adaptive trees and increasing canopy cover to 20%. It preserves the core scope and target accurately. The added context about reducing heat hazards, green infrastructure, and zoning amendments may be broader than the ground-truth, but it does not contradict it. Commitment strength is comparable, and specificity on target and mechanism is retained."
Las_Vegas_US,4,13,Develop a Parks System Plan and achieve CAPRA certification.,Adaptation,sub,"The City will develop a Parks System Plan, achieve CAPRA certification, increase park acreage to 7 acres per 1,000 residents, and ensure 85% of dwelling units are within a short walk of a park or trail.",Nature-Based Solutions,individual,0,0.7801,False,False,False,"The extracted policy correctly captures the core ground-truth commitment to develop a Parks System Plan and achieve CAPRA certification. However, it adds additional specific targets on park acreage and access that are not present in the ground-truth provided. Because the main policy matches but includes unsupported extra commitments, this is directionally correct but not an exact match."
Las_Vegas_US,8,15,Ensure an air quality index of 100 or better.,Adaptation,sub,"The City will ensure an air quality index of 100 or better, eliminate brownfields through redevelopment, improve stormwater pollution prevention, and engage all residents in planning and transportation decisions.",Adaptation,individual,0,0.6798,False,False,True,"The extracted policy includes the ground-truth commitment verbatim: ensuring an air quality index of 100 or better. However, it also bundles in several additional commitments not present in the ground-truth (brownfields redevelopment, stormwater pollution prevention, resident engagement). With no source excerpt to verify whether these are supported, the air quality portion is accurate and specific, but the overall extraction is less cleanly aligned to the single target policy. Directionally correct but overinclusive."
Liberia_LR,0,6,"Liberia will implement proposed adaptation strategies through sectoral strategies under the NAP Process for priority sectors (agriculture, coastal zones, forestry, energy, waste management, fisheries) and cross-cutting sectors (water resources, biodiversity).",Adaptation,parent,"The NAP process will implement a sectoral-based approach to climate change adaptation planning in Liberia, with priorities identified for agriculture, forestry, energy, fisheries, coastal zones, and waste management.",Adaptation,individual,0,0.8581,False,False,True,"The extracted policy is directionally aligned with the ground truth: it correctly identifies that Liberia’s NAP process uses a sectoral approach to adaptation planning and lists the main priority sectors (agriculture, forestry, energy, fisheries, coastal zones, waste management). However, it omits key specificity from the ground truth: implementation through sectoral strategies, and the inclusion of cross-cutting sectors (water resources, biodiversity). It also softens the formulation from a commitment to implement proposed adaptation strategies to a more general statement about planning. With no source excerpt provided, this is a partial but incomplete match."
London_GB,0,0,"London is committed to being a zero carbon city by 2050, with the Mayor setting out actions within his powers to achieve this as soon as possible.",Mitigation,individual,London is committed to being a zero carbon city by 2050.,Mitigation,individual,1,0.9267,True,True,True,"The extracted policy matches the core ground-truth commitment exactly on scope and target: London being a zero carbon city by 2050. It omits the additional nuance that the Mayor will set out actions within his powers and pursue the goal 'as soon as possible,' but the main commitment and deadline are captured accurately without contradiction. This is a sufficiently specific and correct match."
London_GB,1,1,London will follow an emissions pathway aligned with IPCC recommendations to reduce emissions by 60% on 1990 levels by 2030 and by nearly 80% by 2040.,Mitigation,individual,London will reduce emissions by 60 per cent on 1990 levels by 2030 and by nearly 80 per cent by 2040.,Mitigation,individual,1,0.8754,True,True,True,"The extracted policy matches the ground-truth target and deadlines exactly: 60% below 1990 levels by 2030 and nearly 80% by 2040. It preserves the core emissions-reduction commitment with the same quantitative specificity. The only omission is the framing that this is an 'emissions pathway aligned with IPCC recommendations,' but the substantive policy commitment is accurately captured."
London_GB,2,4,At least 70% of London's buildings need to reach energy performance level EPC C by 2030.,Mitigation,individual,At least 70 per cent of London's buildings need to reach EPC C by 2030 through energy efficiency retrofits.,Resource Efficiency,individual,1,0.9337,True,True,False,"The extracted policy matches the ground-truth on the quantified target (at least 70%), scope (London's buildings), required standard (EPC C), and deadline (by 2030). The added phrase 'through energy efficiency retrofits' is consistent with how such a target would typically be delivered and does not materially change or contradict the policy. Commitment strength and specificity are preserved."
London_GB,3,10,"By 2050, all of London's motorised road transport will need to be battery electric or fuel cell electric vehicles.",Mitigation,individual,London should decarbonise transport by increasing sustainable modes and ensuring all motorised road transport is battery electric or fuel cell electric by 2050.,Mitigation,individual,1,0.8232,True,True,True,"The extracted policy matches the ground-truth on the core quantified target and deadline: all of London's/London's motorised road transport is to be battery electric or fuel cell electric by 2050. It preserves the main delivery mechanism and technology specificity. The added phrase about increasing sustainable modes is extra context not present in the ground-truth, but it does not contradict it. Although 'should decarbonise transport' is slightly more aspirational than 'will need to be,' the key commitment is still captured accurately and specifically."
Luxor_EG,35,1,Egypt’s sustainable energy policy roadmap targets 22% of total electricity consumption from renewables by 2022 and 80% of electricity demand from local generation by 2020.,Mitigation,individual,Egypt set a target for 20% of total new electricity generation from renewables and 80% of electricity demand from local generation by 2020.,Mitigation,individual,0,0.853,False,True,True,"The extraction partially matches the ground-truth by correctly capturing the 80% of electricity demand from local generation by 2020 target. However, it misstates the renewable electricity target: the ground-truth specifies 22% of total electricity consumption from renewables by 2022, while the extraction says 20% of total new electricity generation from renewables and omits the 2022 deadline. This is directionally related but materially less specific and inaccurate on both the percentage, scope, and timing."
Luxor_EG,37,3,"Egypt’s Energy Efficiency Plan in the Electricity Sector targeted savings of 5,566 GWh between 2012 and 2015 via efficient household lighting (distribution of 60 million bulbs), appliance standards and labelling, and street-lighting energy savings (1,200 GWh).",Mitigation,individual,"Egypt's Energy Efficiency Plan in the electricity sector aims to save electricity through lighting improvements, appliance standards and street lighting efficiency.",Resource Efficiency,individual,0,0.906,False,True,False,"The extracted policy is directionally correct: it identifies the same general policy area and mechanisms (lighting improvements, appliance standards, street-lighting efficiency). However, it omits the key quantified target (5,566 GWh), the timeframe (2012–2015), and important delivery specifics such as distribution of 60 million efficient household bulbs and the 1,200 GWh street-lighting savings target. It also softens specificity by saying 'aims to save electricity' without the concrete commitments in the ground truth."
Luxor_EG,38,4,Luxor’s SECAP sets short-term (2020) targets to reduce energy consumption by around 10–15% and reduce GHG emissions by 10% versus the 2015 BAU scenario.,Mitigation,individual,Egypt's National Energy Efficiency Action Plan targets a 5% reduction in electricity consumption by 2020 and a 4.96% annual reduction in primary energy consumption.,Resource Efficiency,individual,-1,0.6375,False,True,False,"The extracted policy does not match the ground-truth policy. The ground truth is specifically about Luxor’s SECAP, with short-term 2020 targets of roughly 10–15% energy consumption reduction and 10% GHG emissions reduction versus a 2015 BAU scenario. The extracted policy instead refers to Egypt’s National Energy Efficiency Action Plan and gives different targets (5% electricity consumption reduction by 2020 and 4.96% annual primary energy reduction). This is a different policy, different scope, and different commitments, with no matching GHG target."
Luxor_EG,36,5,"Egypt plans to increase the share of renewable energies in electricity supply from 9% to 20% by 2020, supported by laws, regulations, and decrees.",Mitigation,individual,"Egypt's National Renewable Energy Action Plan aims for 20% of total energy generation from renewable sources, including wind, solar and hydropower.",Mitigation,individual,0,0.763,False,True,True,"The extracted policy matches the general intent and target level of expanding renewables to 20%, but it is less specific and not fully aligned with the ground truth. It omits the baseline increase from 9%, the deadline of 2020, and the stated implementation mechanism of support through laws, regulations, and decrees. It also shifts from 'share of renewable energies in electricity supply' to 'total energy generation,' which is a meaningful imprecision in scope."
Luxor_EG,8,16,"The Governorate of Luxor will set up a dedicated Environmental Awareness Unit (EAU) to raise awareness across key publics on energy, water, waste, and climate issues, and will launch actions including materials, an annual energy festival/day, and targeted campaigns (e.g., positive energy schools, mosque campaigns, tourism operators).",Mitigation,sub,"The Governorate of Luxor will implement a Sustainable Energy Activity Unit to manage energy-related questions, develop projects, assemble financial packages, and coordinate the SECAP.",Mitigation,parent,-1,0.7314,False,False,True,"The extracted policy does not match the ground-truth policy. The ground-truth is specifically about creating an Environmental Awareness Unit focused on public awareness and outreach on energy, water, waste, and climate, with concrete actions such as materials, an annual energy festival/day, and targeted campaigns for schools, mosques, and tourism operators. The extracted policy instead describes a Sustainable Energy Activity Unit with a managerial/project-development role: handling energy-related questions, developing projects, assembling finance, and coordinating the SECAP. This is a different unit with different scope, mechanisms, and purpose, so there is no meaningful match."
Luxor_EG,2,19,"For municipal buildings, the Governorate will implement a long-term programme to replace equipment with energy-efficient systems, including switching to LED lighting and installing motion sensors, and improving heating/cooling management systems.",Mitigation,sub,"The Governorate will appoint an elected official in charge of sustainable energy to provide political leadership, visibility, and coordination for energy transition issues.",Mitigation,individual,-1,0.581,False,False,True,"The extracted policy does not match the ground-truth policy. The ground truth is a specific implementation programme for municipal buildings to replace equipment with energy-efficient systems (LED lighting, motion sensors, improved heating/cooling management). The extracted policy instead describes governance/leadership arrangements by appointing an elected official for sustainable energy. This is a different policy area, with no overlap in scope, mechanism, or specific measures."
Luxor_EG,12,21,"For tourism, the Governorate will establish a 'Green tourism support unit' to provide advice and audits to hotels/resorts investing in energy efficiency and renewable energy, and may set up an investment fund providing attractive loans to support these investments.",Mitigation,sub,"The Governorate will build relationships with regional actors involved in energy resource exploitation, management, and use across the territory.",Mitigation,individual,-1,0.5585,False,False,True,"The extracted policy does not match the ground-truth. The ground-truth is specifically about tourism-sector support: establishing a 'Green tourism support unit' to advise and audit hotels/resorts on energy efficiency and renewable energy investments, and possibly creating an investment fund with attractive loans. The extracted policy instead refers generally to building relationships with regional actors involved in energy resource exploitation, management, and use. It misses the tourism scope, the support unit, audits/advice mechanism, and the potential loan fund, so there is no meaningful match."
Luxor_EG,28,24,Priority Action #5: Green Governorate Buildings Plan (GGBP/GMBP) to reduce energy consumption and GHG emissions in Governorate buildings through energy efficiency measures and renewable energy (solar PV and solar water heating).,Mitigation,parent,The Governorate will undertake sustainable energy priority actions and communication campaigns in its annual budget and seek national and international financing for SECAP implementation.,Mitigation,individual,-1,0.5984,False,False,True,"The extracted policy does not match the ground-truth action. The ground-truth is a specific building-sector measure: a Green Governorate Buildings Plan focused on reducing energy use and GHG emissions in Governorate buildings via energy efficiency and renewable energy (solar PV and solar water heating). The extracted policy instead refers broadly to budgeting, communication campaigns, and seeking financing for SECAP implementation. It omits the core scope (Governorate buildings), the substantive commitment (efficiency and on-site renewables), and the delivery mechanisms named in the ground truth. This is not a meaningful match."
Memphis_US,0,0,"Improve energy efficiency of buildings and key infrastructure through a package of priority actions (green building standards, low-income efficiency, outreach/education, LED streetlights, and residential retrofit financing).",Mitigation,parent,"Implement green building standards for all new municipal buildings and major renovations, adopt stronger green building and energy codes, and create incentives for innovative green building design.",Resource Efficiency,parent,0,0.6593,False,True,False,"The extracted policy partially matches the ground-truth on the buildings/green building standards component, but it misses much of the full policy package: low-income efficiency measures, outreach/education, LED streetlights, and residential retrofit financing. It also narrows scope to municipal buildings and code adoption/incentives, which may be directionally consistent but is not clearly the same breadth as improving energy efficiency of buildings and key infrastructure through multiple priority actions. Because the source document excerpt is not provided, this cannot be verified against exact wording, but relative to the ground-truth it is incomplete and less specific on the overall package."
Memphis_US,1,1,"Implement green building standards by 2022 with 100% compliance by 2025, including requiring new municipal buildings and major renovations to meet LEED Silver or Net Zero Energy standards and adopting improved green building/energy codes.",Mitigation,sub,Require that all new municipal buildings and major renovations for the City and County meet LEED Silver or Net Zero Energy standards.,Resource Efficiency,sub,0,0.7791,False,True,False,"The extracted policy captures the core mechanism for municipal buildings and major renovations meeting LEED Silver or Net Zero Energy standards, which matches part of the ground-truth. However, it omits key specificity and scope: the implementation by 2022, the 100% compliance target by 2025, and the adoption of improved green building/energy codes. Because it is directionally correct but missing major deadlines and complementary measures, the match is only partial."
Memphis_US,2,4,Expand weatherization/retrofit programs for low-income housing to increase the number of low-income residences served annually by 500% over 10 years and target a 30% reduction in household energy use.,Mitigation,sub,Expand low-income housing weatherization and retrofit programs to increase participation and reduce household energy use.,Resource Efficiency,parent,0,0.8428,False,False,False,"The extracted policy matches the general intent of the ground-truth: expanding low-income housing weatherization/retrofit programs and reducing household energy use. However, it omits the key quantitative and time-bound commitments that make the ground-truth specific: increasing the number of low-income residences served annually by 500% over 10 years and targeting a 30% reduction in household energy use. It also softens the delivery detail from residences served to vague 'increase participation.' With no source excerpt provided, this is directionally correct but materially less specific."
Memphis_US,3,7,Enhance and expand energy outreach and education programs to achieve a 10% or greater reduction in average electricity consumption in the residential and commercial sectors.,Mitigation,sub,Expand energy outreach and education programs to reduce electricity consumption in residential and commercial sectors.,Resource Efficiency,parent,0,0.8922,False,False,False,"The extracted policy matches the general scope and mechanism of the ground truth: expanding energy outreach and education programs aimed at reducing electricity consumption in the residential and commercial sectors. However, it omits the key quantified target of achieving a 10% or greater reduction in average electricity consumption. It also softens the commitment slightly by dropping 'enhance' and the specificity around 'average' consumption. With no source excerpt provided, this is directionally correct but insufficiently specific."
Memphis_US,4,9,"Replace all existing non-LED streetlights and leased outdoor lighting with LED bulbs by 2030 or sooner, beginning in 2025.",Mitigation,sub,Retrofit all existing non-LED streetlights and leased outdoor lighting with LED bulbs by 2030 or sooner.,Resource Efficiency,parent,1,0.9168,True,False,False,"The extracted policy matches the ground-truth core commitment, scope, and deadline: all existing non-LED streetlights and leased outdoor lighting are to be converted to LED bulbs by 2030 or sooner. 'Retrofit' is consistent with 'replace' in this context. The only omitted detail is 'beginning in 2025,' but the main target and delivery mechanism are preserved, so this is a strong match."
Memphis_US,5,11,"Expand financing options for residential energy efficiency retrofits so that by 2025, 15% of all residences have energy-efficient space heating/cooling equipment and major appliances (including tariffed on-bill financing and advocacy for residential PACE and rebates).",Mitigation,sub,"Expand financing options for residential energy efficiency retrofits, including tariffed on-bill financing, local PACE, and utility rebates.",Resource Efficiency,parent,0,0.8839,False,False,False,"The extracted policy matches the general policy direction and several key mechanisms: expanding financing for residential energy efficiency retrofits, including tariffed on-bill financing, PACE, and rebates. However, it omits important specificity from the ground truth: the 2025 deadline, the quantified target that 15% of all residences have energy-efficient space heating/cooling equipment and major appliances, and the nuance that PACE is framed as advocacy for residential PACE rather than simply implementation. Because the intent is correct but key target and timing details are missing, this is directionally correct but too vague for a full match."
Memphis_US,7,14,"Increase the percentage of carbon-free energy in the electricity supply to 80% by 2035 and 100% by 2050, focusing on renewable sources such as solar and wind, including implementing at least one community shared solar project with low-income subsidies by 2022.",Mitigation,sub,Decarbonize the electric grid by increasing carbon-free electricity to 80% by 2035 and 100% by 2050.,Mitigation,parent,0,0.7834,False,False,True,"The extracted policy correctly captures the main quantitative electricity decarbonization targets of 80% carbon-free power by 2035 and 100% by 2050. However, it omits important specificity present in the ground truth: the focus on renewable sources such as solar and wind, and especially the concrete implementation mechanism and near-term commitment to develop at least one community shared solar project with low-income subsidies by 2022. Because the core target matches but key delivery details are missing, this is directionally correct but incomplete."
Memphis_US,30,16,Adopt local government operations (City of Memphis and Shelby County) GHG reduction targets of 20% (buildings) and 15% (fleet) by 2020; 55% (buildings) and 45% (fleet) by 2035; and 80% for both buildings and fleet by 2050.,Mitigation,individual,"Commit to a Renewable Portfolio Standard for City of Memphis and Shelby County local government operations and explore options such as RECs, community shared solar, and green tariff products.",Mitigation,sub,-1,0.674,False,False,True,"The extracted policy does not match the ground-truth policy. The ground truth is a specific GHG reduction target for local government operations with quantified reductions for buildings and fleet by 2020, 2035, and 2050. The extracted policy instead describes a Renewable Portfolio Standard and exploratory renewable energy procurement options (RECs, community shared solar, green tariffs), which is a different mechanism and omits the actual emissions targets, sector-specific percentages, and deadlines. With no source excerpt provided to support equivalence, this is a materially different policy."
Memphis_US,6,17,"Transform the community energy supply through priority actions, including decarbonizing the electric grid with renewable energy.",Mitigation,parent,Implement at least one local community shared solar project with subsidies for low-income household participation by 2022.,Mitigation,sub,-1,0.557,False,False,True,"The extracted policy does not match the ground-truth policy. The ground truth is a broad priority action to transform community energy supply by decarbonizing the electric grid with renewable energy. The extracted policy instead specifies a particular local shared solar project, low-income subsidies, and a 2022 deadline—details not supported by the ground truth and much narrower in scope. With no source excerpt provided to validate these specifics, this is a mismatched and likely hallucinated policy rather than a correct capture of the stated commitment."
Memphis_US,9,18,Increase urban tree canopy coverage countywide to 60% by 2050 through tree planting/replanting and related program and code measures.,Adaptation,sub,Nurture and expand the urban tree canopy to 60% countywide by 2050.,Nature-Based Solutions,parent,0,0.8564,False,False,False,"The extracted policy matches the main target and deadline: expand urban tree canopy countywide to 60% by 2050. However, it omits important delivery details in the ground truth, namely that this is to be achieved through tree planting/replanting and related program and code measures. With no source excerpt provided, this is directionally correct but less specific on mechanism, so partial credit is appropriate."
Memphis_US,8,21,"Increase green infrastructure and community resilience through priority actions, including expanding the urban tree canopy and aligning mitigation and adaptation efforts.",Adaptation,parent,"Align climate mitigation and adaptation efforts by prioritizing cross-cutting strategies, resilience projects, and afforestation/reforestation.",Adaptation,parent,0,0.7312,False,True,True,"The extracted policy is directionally aligned with the ground truth in emphasizing alignment of mitigation and adaptation efforts and resilience-oriented actions. However, it is less specific and not a full match: it replaces the ground-truth focus on 'green infrastructure' and 'community resilience' with broader 'cross-cutting strategies' and 'resilience projects,' and it shifts 'expanding the urban tree canopy' to the more general 'afforestation/reforestation.' With no source excerpt provided, there is no basis to verify stronger specificity or commitment. Overall, the intent is right but key scope details are softened or altered."
Memphis_US,10,22,"Identify and prioritize cross-cutting strategies that address climate change mitigation and adaptation, including implementing Mid-South Regional Resilience Plan projects upon completion and adoption and developing neighborhood-scale demonstration projects.",Adaptation,sub,Implement projects and practices recommended in the Mid-South Regional Resilience Plan upon completion and adoption.,Adaptation,sub,0,0.783,False,True,True,"The extracted policy captures a key component of the ground-truth: implementing Mid-South Regional Resilience Plan projects upon completion and adoption. However, it omits the broader cross-cutting strategy commitment and the additional mechanism of developing neighborhood-scale demonstration projects. Because it matches only part of the full policy and lacks that broader scope, it is directionally correct but incomplete."
Memphis_US,12,24,"Implement land use patterns that support active transportation and transit by implementing the Memphis 3.0 growth strategy and updating zoning/development codes to support walkable infill, mixed-use development and transit-oriented development.",Mitigation,sub,"Implement land use patterns that support active transportation and transit, including denser mixed-use development and zoning updates.",Resource Efficiency,parent,0,0.7731,False,False,False,"The extracted policy matches the general intent of the ground-truth: land use patterns supporting active transportation and transit through mixed-use development and zoning updates. However, it omits key specific elements present in the ground-truth, namely implementation of the Memphis 3.0 growth strategy, support for walkable infill, and transit-oriented development. Because the scope is directionally correct but less specific on mechanisms and named strategy, this is a partial match rather than a fully specific one."
Memphis_US,13,27,"Create Complete Streets to convert 10% of vehicle trips to walking/bicycling by 2030 (starting in 2020) and increase to 40% of vehicle trips by 2050, including establishing a dedicated annual funding source of $20 million for pedestrian and bicycle safety improvements.",Mitigation,sub,"Create complete streets that prioritize walking and bicycling and convert 10% of vehicle trips to active modes by 2030, rising to 40% by 2050.",Resource Efficiency,parent,0,0.883,False,False,False,"The extracted policy matches the core policy direction and preserves the main quantified mode-shift targets and deadlines: 10% by 2030 and 40% by 2050 through complete streets prioritizing walking/bicycling. However, it omits key specificity from the ground truth: the 2020 start point and, most importantly, the dedicated annual funding mechanism of $20 million for pedestrian and bicycle safety improvements. Because the central targets are captured but an important implementation commitment is missing, this is directionally correct but incomplete."
Memphis_US,14,29,"Enhance public transit by fully implementing the Memphis 3.0 Transit Vision by 2022, increasing ridership/frequency to meet long-range objectives, and converting MATA’s entire fleet to electric by 2050, supported by increasing immediate annual funding by $30 million.",Mitigation,sub,"Enhance public transit by fully implementing the Memphis 3.0 Transit Vision, increasing ridership, and converting MATA's fleet to electric by 2050.",Resource Efficiency,parent,0,0.9567,False,False,False,"The extracted policy matches the general policy direction and includes two core elements: implementing the Memphis 3.0 Transit Vision and converting MATA’s fleet to electric by 2050. However, it omits important specificity from the ground truth: the 2022 deadline for full implementation, the detail that ridership/frequency should increase to meet long-range objectives, and the supporting mechanism of increasing immediate annual funding by $30 million. Because the intent is correct but key targets, timing, and funding mechanism are missing, this is directionally correct but incomplete."
Memphis_US,15,32,Reduce drive-alone commute trips by 10% by 2022 and 40% by 2050 by expanding Transportation Demand Management programs at major employers and implementing smart parking and related measures.,Mitigation,sub,Reduce commute trips through transportation demand management programs and policies at major employers.,Resource Efficiency,parent,0,0.7706,False,False,False,"The extracted policy matches the general direction of the ground-truth by referencing reduction of commute trips through Transportation Demand Management programs at major employers. However, it omits the key quantified targets (10% by 2022 and 40% by 2050), the specific focus on drive-alone commute trips, and the additional implementation mechanism of smart parking and related measures. This makes it directionally correct but significantly less specific and weaker in commitment."
Memphis_US,11,33,"Shift to low-carbon transportation modes and reduce reliance on motor vehicles through a package of priority actions (land use, complete streets, public transit, and demand management).",Mitigation,parent,"Implement Transportation Demand Management programs at all major employers and encourage incentives for multimodal travel, carpooling, transit passes, shared mobility, and flexible work options.",Resource Efficiency,sub,0,0.6092,False,False,False,"The extracted policy partially matches the ground-truth by capturing one delivery mechanism within the broader package: transportation demand management to reduce reliance on motor vehicles and support multimodal travel. However, it omits the wider scope of the ground-truth policy, which includes a package of priority actions spanning land use, complete streets, public transit, and demand management. It is therefore directionally correct but narrower and less complete than the reference policy. No source excerpt is available to verify wording or strength of commitment."
Memphis_US,16,34,Set the stage for vehicle electrification through a priority action to encourage electric vehicle adoption and develop charging infrastructure.,Mitigation,parent,"Encourage electric vehicle adoption and develop charging infrastructure, including fleet electrification and community-wide EV strategy.",Mitigation,parent,0,0.8129,False,True,True,"The extracted policy matches the core direction of the ground-truth: encouraging electric vehicle adoption and developing charging infrastructure. However, the source document excerpt is not provided, so accuracy to the document cannot be verified directly. Relative to the ground truth, the added details about fleet electrification and a community-wide EV strategy may be reasonable elaborations, but they are not explicitly present in the reference policy. Because the main commitment is captured but with extra, unverified specificity and without source support, this is directionally correct but imprecise rather than an exact match."
Memphis_US,17,36,"Increase passenger EV travel to 5% by 2025, 30% by 2035, and 50% by 2050; and increase freight EV travel to 3% by 2025, 20% by 2035, and 50% by 2050, including developing a comprehensive community-wide EV strategy and committing to transition local government fleets to electric with charging infrastructure.",Mitigation,sub,Develop a comprehensive community-wide electric vehicle strategy that identifies barriers and policies for an effective charging network.,Mitigation,sub,0,0.6171,False,True,True,"The extracted policy matches one delivery mechanism in the ground-truth: developing a comprehensive community-wide EV strategy related to charging/barriers. However, it omits the core quantified commitments and deadlines for passenger and freight EV travel (5%/30%/50% and 3%/20%/50% by 2025/2035/2050) and does not capture the commitment to transition local government fleets to electric with charging infrastructure. Because it is directionally correct but much less specific and incomplete, the appropriate grade is 0."
Memphis_US,19,37,"By 2035, cut the portion of yard and wood waste in municipal solid waste destined for landfills in half relative to 2016, including implementing municipal curbside composting for yard waste and advocating for updated state landfill regulations on organic waste.",Mitigation,sub,Divert greater amounts of organic waste from landfills by cutting yard and wood waste landfilling in half by 2035.,Resource Efficiency,parent,0,0.8397,False,False,False,"The extracted policy captures the main quantitative target and deadline: cutting yard and wood waste landfilling in half by 2035. However, it omits important specificity from the ground truth, including the baseline year (relative to 2016) and the implementation mechanisms (municipal curbside composting for yard waste and advocating for updated state landfill regulations on organic waste). It is directionally correct but incomplete."
Memphis_US,18,39,"Reduce waste and move toward a zero-waste future through priority actions focused on organic waste diversion, overall waste reduction, and inorganic materials diversion.",Mitigation,parent,"Reduce the overall amount of waste generated, including paper, cardboard, and food waste sent to landfills.",Resource Efficiency,parent,0,0.6897,False,True,False,"The extracted policy is directionally aligned with the ground-truth because it focuses on reducing waste and specifically mentions food waste and landfill diversion. However, it omits key scope and structure from the ground-truth: there is no reference to the broader zero-waste future, no mention of priority actions, and it only partially captures the three focus areas (overall waste reduction and some organic waste) while missing inorganic materials diversion as a distinct component. With no source excerpt provided, the match is only partial rather than exact."
Memphis_US,20,40,"By 2030, reduce landfill disposal from commercial/institutional/industrial sectors by achieving a 20% reduction in the share of paper/cardboard and a 10% reduction in the share of food waste in the municipal solid waste stream, including considering regulations requiring private waste haulers to offer recycling and food-waste composting services.",Mitigation,sub,"Explore programs and incentives to increase paper/cardboard recycling and food waste composting for commercial, institutional, and industrial sectors.",Resource Efficiency,sub,0,0.7268,False,True,False,"The extracted policy is directionally aligned with the ground-truth because it focuses on increasing paper/cardboard recycling and food waste composting in the commercial/institutional/industrial sectors. However, it omits the key quantified targets (20% paper/cardboard reduction, 10% food waste reduction), the 2030 deadline, and the landfill-disposal/MSW-share framing. It also weakens the commitment and mechanism: the ground-truth includes considering regulations requiring private waste haulers to offer recycling and composting services, while the extraction only says 'explore programs and incentives,' which is more aspirational and less specific."
Memphis_US,21,42,"Increase diversion of inorganic materials (construction and demolition waste and plastics) from municipal solid waste landfills, including revising the building code so permitting requires reduction, reuse, and recycling of materials and advocating for state policies on single-use plastics and recycling/reuse incentives.",Mitigation,sub,"Divert greater amounts of inorganic materials from landfills by revising building codes to require reduction, reuse, and recycling of materials.",Resource Efficiency,parent,0,0.8446,False,False,False,"The extracted policy matches the core landfill-diversion mechanism of revising building codes to require reduction, reuse, and recycling of inorganic materials, which aligns with part of the ground-truth. However, it omits important scope and specificity: the ground-truth explicitly covers construction and demolition waste and plastics, references municipal solid waste landfills, and includes an additional advocacy component for state policies on single-use plastics and recycling/reuse incentives. Because it captures the main direction but not the full scope or delivery mechanisms, the match is only partial."
Memphis_US,23,44,"Increase the use of recycled tire materials in building projects and reduce improper tire disposal through targeted programs, including reworking pickup practices, incentivizing recycling, and considering more stringent tracking requirements for tire handling/disposal companies.",Mitigation,sub,Improve tire management and collection practices to increase recycled tire use and reduce improper tire disposal.,Resource Efficiency,parent,0,0.8742,False,False,False,"The extracted policy matches the general intent of the ground-truth: improve tire management/collection to boost recycled tire use and reduce improper disposal. However, it is less specific and weaker on mechanisms. It omits key delivery details from the ground-truth such as reworking pickup practices, incentivizing recycling, and considering stricter tracking requirements for tire handling/disposal companies, as well as the building-projects context. With no source excerpt provided, this is best scored as directionally correct but vague rather than a full match."
Memphis_US,22,45,Promote a cultural shift in the community’s approach to waste through priority actions on tire management/collection and waste education/outreach.,Mitigation,parent,Reduce improper tire disposal through reworking current pickup practices and incentivizing recycling programs.,Resource Efficiency,sub,0,0.6787,False,False,False,"The extracted policy partially matches the ground-truth on the tire-management component: both focus on improving handling/collection of tires and reducing improper disposal. However, it misses the broader core commitment to promote a community-wide cultural shift and omits the explicit waste education/outreach element. It also introduces 'incentivizing recycling programs,' which is plausible but not present in the ground-truth. With no source excerpt to verify wording or strength, this is directionally correct but incomplete and somewhat imprecise."
Memphis_US,24,47,"Launch waste outreach and education campaigns to inform and support residents about waste management (programs available and proper disposal), including conducting needs assessments in 2020 and monitoring and reassessing campaigns.",Mitigation,sub,Expand education and outreach efforts to encourage behavior change in waste management and disposal.,Resource Efficiency,parent,0,0.725,False,False,False,"The extracted policy matches the general intent of the ground-truth—education and outreach on waste management/disposal—but it is significantly less specific. It omits key elements: informing residents about available programs and proper disposal, conducting needs assessments in 2020, and monitoring/reassessing campaigns. It also softens the implementation detail into a generic encouragement of behavior change. Directionally correct, but too vague for a full match."
Memphis_US,25,49,"Priority Action W.6 will enhance methane recovery and landfill gas destruction by extending biogas controls to Class III/IV landfills, improving Class I landfill biogas capture from 75% to 85% by 2020, and installing methane recovery systems in all Shelby County wastewater treatment plants by 2035 while promoting methane recovery over flaring.",Mitigation,parent,Enhance methane recovery and landfill gas destruction by extending biogas controls and improving capture rates at landfills and wastewater plants.,Mitigation,parent,0,0.8058,False,True,True,"The extracted policy is directionally aligned with the ground-truth: it covers enhancing methane recovery and landfill gas destruction and mentions landfills and wastewater plants. However, it omits nearly all key specifics that make the policy concrete: extending controls specifically to Class III/IV landfills, increasing Class I landfill biogas capture from 75% to 85% by 2020, installing methane recovery systems in all Shelby County wastewater treatment plants by 2035, and the preference for methane recovery over flaring. Because the core intent is correct but the quantified targets, deadlines, scope details, and mechanism preferences are missing, this is an imprecise match rather than a full one."
Memphis_US,26,50,"Starting in 2020, DPD staff will assess Class I landfill biogas capture performance versus the 75% national average and, if feasible, launch an implementation and monitoring plan to achieve an 85% landfill biogas capture rate by 2020.",Mitigation,sub,"Starting in 2020, coordinate a plan to achieve an 85% landfill biogas capture rate at Class I landfills.",Mitigation,sub,0,0.7858,False,True,True,"The extracted policy captures the main target (85% landfill biogas capture at Class I landfills) and timing reference (starting in 2020), but it omits important specificity and commitment details from the ground truth. Missing elements include the assessment against the 75% national average, the role of DPD staff, the feasibility condition, and the implementation and monitoring components. It is directionally correct but less specific and slightly stronger/simpler than the original conditional formulation."
Memphis_US,27,51,"Starting in 2020, City of Memphis Public Works and DPD will initiate discussions to install biogas controls at Class III and IV landfills, targeting completion by 2035.",Mitigation,sub,Initiate installation of biogas controls at Class III and IV landfills with targeted completion by 2035.,Mitigation,sub,0,0.7285,False,True,True,"The extracted policy captures the main action (biogas controls at Class III and IV landfills) and the completion target of 2035, but it omits important specificity from the ground truth: that discussions to install biogas controls begin in 2020, and that City of Memphis Public Works and DPD are the responsible entities. It also slightly strengthens the commitment by implying direct initiation of installation rather than initiation of discussions. Directionally correct, but missing key mechanism and timing details."
Memphis_US,29,52,"WWTP operators will plan to install methane recovery systems in all Shelby County facilities by the end of 2035, with feasibility evaluation beginning in 2020 and an implementation and monitoring plan launched if feasible.",Mitigation,sub,Install methane recovery systems in all wastewater treatment facilities within Shelby County by the end of 2035.,Mitigation,sub,0,0.8188,False,True,True,"The extracted policy matches the main action, scope, and deadline: installing methane recovery systems in all Shelby County wastewater treatment facilities by the end of 2035. However, it omits important commitment and mechanism details from the ground truth: the policy is framed as operators will plan to install, feasibility evaluation begins in 2020, and implementation/monitoring proceeds if feasible. By stating a direct installation commitment, the extraction loses conditionality and the planning/feasibility components, so it is directionally correct but not fully specific or accurate."
Miami_Dade_US,28,0,Reduce greenhouse gas emissions from Miami International Airport and PortMiami operations by 50% by 2030.,Mitigation,sub,Miami-Dade County will reduce greenhouse gas emissions 50 percent by 2030 from 2019 levels and achieve net zero by 2050.,Mitigation,individual,-1,0.7384,False,False,True,"The extracted policy does not match the ground-truth in scope. The ground-truth is specifically about reducing greenhouse gas emissions from Miami International Airport and PortMiami operations by 50% by 2030. The extracted policy instead describes a countywide emissions target from 2019 levels and adds a net-zero-by-2050 commitment that is not in the ground-truth. Because it changes the covered entities and introduces different policy content, it is not a meaningful match."
Miami_Dade_US,53,1,"Implement the Climate Action Strategy (CAS) to cut Miami-Dade communitywide greenhouse gas emissions 50% by 2030 from 2019 levels, with the goal of achieving net zero by 2050.",Mitigation,individual,Miami-Dade County will pursue the Race to Zero pledge to reduce greenhouse gas emissions 50% by 2030 compared to 2019 levels and reach net zero by 2050.,Mitigation,individual,0,0.7803,False,True,True,"The extracted policy captures the same quantified targets and timelines as the ground truth: a 50% reduction in communitywide greenhouse gas emissions by 2030 from 2019 levels and net zero by 2050. However, it does not match the core policy mechanism/scope exactly. The ground truth is specifically to implement the Climate Action Strategy (CAS), whereas the extraction substitutes a different framing—pursuing the Race to Zero pledge. Without source text, this cannot be verified as equivalent, so the extraction is directionally correct on targets but imprecise on the actual commitment and delivery mechanism."
Miami_Dade_US,7,7,Update Miami-Dade County Government's Electricity Master Plan.,Mitigation,sub,"Miami-Dade County will continue to update emissions inventories and forecasts to reflect changes in standards, best practices, and regulations related to the utility electricity grid, vehicles, and buildings.",Mitigation,individual,-1,0.6307,False,False,True,"The extracted policy does not match the ground-truth policy. The ground truth is specifically about updating Miami-Dade County Government's Electricity Master Plan. The extraction instead refers to updating emissions inventories and forecasts across the electricity grid, vehicles, and buildings. This is a different action, with different scope and mechanism, and does not capture the specific commitment to revise the Electricity Master Plan."
Miami_Dade_US,0,8,"Approach 1: Benchmark, retune, and retrofit existing buildings to reduce emissions from energy use in buildings.",Mitigation,parent,"Miami-Dade County will benchmark, retune, and retrofit existing buildings to improve energy performance and reduce emissions.",Resource Efficiency,parent,1,0.6565,True,True,False,"The extracted policy matches the ground-truth closely in scope and mechanism: it identifies benchmarking, retuning, and retrofitting existing buildings as the approach, and preserves the intent to reduce emissions through improved building energy performance. There are no quantified targets or deadlines in the ground-truth to miss, and the slight wording change ('improve energy performance and reduce emissions' vs. 'reduce emissions from energy use in buildings') does not materially alter the meaning."
Miami_Dade_US,1,9,Benchmark 1.3 billion square feet of communitywide buildings by 2026.,Mitigation,sub,Miami-Dade County will benchmark 1.3 billion square feet of communitywide buildings by 2026.,Resource Efficiency,sub,1,0.7481,True,True,False,"The extracted policy matches the ground-truth exactly in target, scope, and deadline: benchmarking 1.3 billion square feet of communitywide buildings by 2026. The added jurisdiction reference does not alter the substance. Although the source excerpt is not provided, relative to the ground-truth this is a precise and accurate match."
Miami_Dade_US,2,11,"Retrofit 167,500 homes by 2030 to reduce energy costs 28%, prioritizing Low- to Moderate-Income (LMI) homes.",Mitigation,sub,"Miami-Dade County will retrofit 167,500 homes to reduce energy costs 28% by 2030, prioritizing low- to moderate-income homes.",Resource Efficiency,sub,1,0.727,True,True,False,"The extracted policy matches the ground-truth on the key quantified target (167,500 homes), deadline (by 2030), intended outcome (reduce energy costs 28%), and priority population (low- to moderate-income homes). Commitment and specificity are effectively equivalent. Although the source excerpt is not provided, relative to the ground-truth this is an accurate match."
Miami_Dade_US,13,12,Establish the Solar Energy Loan Fund program and similar financial mechanisms in Miami-Dade County.,Mitigation,sub,Miami-Dade County will expand renewable energy generation through solar installations and utility-scale renewable energy participation.,Mitigation,parent,0,0.6477,False,False,True,"The extracted policy is directionally related to renewable/solar energy, but it does not match the ground-truth policy’s specific mechanism: establishing a Solar Energy Loan Fund program and similar financial mechanisms in Miami-Dade County. It shifts from financing/program creation to general expansion of renewable generation through installations and utility-scale participation. With no source excerpt provided to support this broader wording, the match is too vague and misses the core delivery mechanism."
Miami_Dade_US,9,13,"Install 61,725 kW of solar energy by 2030 on County buildings, land, and water (equivalent to 7,498 homes' electricity use for one year).",Mitigation,sub,"Miami-Dade County will install 61,725 kW of solar energy by 2030 on county buildings, land, and water.",Mitigation,sub,1,0.7518,True,True,True,"The extracted policy matches the ground-truth closely on scope, target, deadline, and mechanism: it specifies installing 61,725 kW of solar energy by 2030 on County buildings, land, and water. The only omission is the explanatory equivalence to 7,498 homes' electricity use for one year, which is supplementary context rather than a core policy commitment. Commitment strength and specificity are preserved."
Miami_Dade_US,10,14,"Install 794,000 kW of solar energy by 2030 on commercial and residential buildings (equivalent to 104,014 homes' electricity use for one year).",Mitigation,sub,"Miami-Dade County will install 794,000 kW of solar energy by 2030 on commercial and residential buildings.",Mitigation,sub,1,0.7205,True,True,True,"The extracted policy matches the ground-truth on the core commitment, quantified target, deadline, and delivery mechanism: install 794,000 kW of solar energy by 2030 on commercial and residential buildings. It omits the equivalence note about 104,014 homes' annual electricity use, but that is supplementary context rather than a core policy element."
Miami_Dade_US,11,15,Maximize participation in utility-scale renewable energy programs.,Mitigation,sub,Miami-Dade County will maximize participation in utility-scale renewable energy programs.,Mitigation,sub,1,0.7115,True,True,True,"The extracted policy matches the ground-truth exactly in scope and commitment: both state the goal to maximize participation in utility-scale renewable energy programs. There are no added contradictions or missing core elements. Although the statement is broad and lacks quantified targets or deadlines, that limitation is shared by the ground-truth, so this is still a precise match."
Miami_Dade_US,18,16,Reduce energy use of new buildings 20% by 2030 below 2020 levels.,Mitigation,sub,Miami-Dade County will reduce the energy use intensity of new buildings 20% by 2030 below 2020 levels.,Resource Efficiency,individual,1,0.6993,True,False,False,"The extracted policy matches the ground-truth on target, baseline, deadline, and scope: a 20% reduction in energy use for new buildings by 2030 relative to 2020 levels. The addition of 'energy use intensity' is consistent with how building energy targets are commonly framed and does not materially alter the commitment. No contradiction or meaningful omission is present."
Namibia_NA,0,0,Namibia commits to reduce its GHG emissions conditionally by at least 91% of BAU scenario emissions by 2030.,Mitigation,individual,Namibia commits to reduce its GHG emissions conditionally by at least 91% of its BAU scenario emissions by 2030.,Mitigation,individual,1,0.9969,True,True,True,"The extracted policy matches the ground-truth exactly in scope, commitment strength, target, baseline, conditionality, and deadline: Namibia, conditional commitment, at least 91% reduction relative to BAU scenario emissions, by 2030. No material differences or omissions."
Namibia_NA,4,1,"Namibia targets zero waste by 2050 through re-use and recycling, achieving 75% of the target by 2030.",Mitigation,individual,Namibia will aim to reach net-zero beyond 2030 if sufficient foreign funding and aid are obtained.,Mitigation,individual,-1,0.6997,False,True,True,"The extracted policy does not match the ground truth. The ground truth is a waste-management commitment: zero waste by 2050 via re-use and recycling, with 75% achieved by 2030. The extracted policy instead refers to 'net-zero' beyond 2030 and conditions it on foreign funding and aid, which changes the policy domain, omits the 2050 and 75% by 2030 targets, and invents conditionality not present in the ground-truth statement."
Namibia_NA,1,4,Namibia will implement economy-wide targets to reduce greenhouse gas emissions by 91% below 2015 levels by 2030.,Mitigation,individual,Namibia will implement an economy-wide target to reduce greenhouse gas emissions from 91 per cent below 2015 levels by 2030.,Mitigation,individual,1,0.9834,True,True,True,"The extracted policy matches the ground-truth on scope, target level, baseline year, and deadline: economy-wide emissions reduction of 91% below 2015 levels by 2030. Commitment strength is also aligned through 'will implement.' The phrasing 'an economy-wide target' versus 'economy-wide targets' is a minor grammatical variation and does not change the substantive meaning. Although 'from 91 per cent below' is slightly awkward wording, the intended target is still accurately captured."
Namibia_NA,2,8,"Namibia commits to reduce its GHG emissions by 14% (limited support) and towards 77% (substantial international support) in 2030 compared to BAU, corresponding to a total reduction of 21.996 MtCO2e.",Mitigation,individual,Namibia will use renewable energy sources and energy-efficient technology to reduce current and future emissions under Vision 2030.,Mitigation,individual,-1,0.6984,False,True,True,"The extracted policy does not match the ground-truth commitment. The ground truth specifies a quantified 2030 NDC target—14% emissions reduction with limited support and up to 77% with substantial international support relative to BAU, totaling 21.996 MtCO2e. The extraction instead gives a vague statement about using renewable energy and energy-efficient technology under Vision 2030, with no quantified target, no BAU reference, no conditional support structure, and no clear 2030 emissions commitment. This is too imprecise and misses the core policy."
Namibia_NA,3,10,Namibia will reduce the deforestation rate by 75% from 0.9% per year to below 0.25% per year to drive achievement of the 2030 target.,Mitigation,individual,Namibia will maintain an intermediate emissions reduction target of 30% below business-as-usual by 2022 under NDP5 and apply domestic monitoring and annual reporting.,Mitigation,individual,-1,0.7039,False,True,True,"The extracted policy does not match the ground-truth policy. The ground truth is specifically about reducing the deforestation rate by 75%, from 0.9% per year to below 0.25% per year, tied to a 2030 target. The extracted policy instead discusses an emissions reduction target of 30% below business-as-usual by 2022 under NDP5, with monitoring and annual reporting. This is a different sector, target, baseline, and timeframe, so there is no meaningful match."
New_York_US,317,0,"DEC promulgated 6 NYCRR Part 496 establishing statewide GHG emission limits: 2030 limit equal to 60% of 1990 levels and 2050 limit equal to 15% of 1990 levels, and will publish annual statewide GHG emissions reports updating the inventory.",Mitigation,individual,"New York will achieve 40% economywide GHG reductions by 2030, 85% by 2050, 70% renewable electricity by 2030, 100% zero-emission electricity by 2040, and net zero emissions statewide by 2050.",Mitigation,individual,0,0.6718,False,True,True,"The extracted policy is directionally related to New York climate targets, but it does not match the ground-truth policy with sufficient specificity or accuracy. The ground truth is specifically about DEC promulgating 6 NYCRR Part 496, which establishes statewide GHG emission limits of 60% of 1990 levels by 2030 and 15% of 1990 levels by 2050, plus an annual statewide GHG emissions reporting requirement. The extracted policy instead states equivalent reduction percentages (40% by 2030, 85% by 2050) but omits the regulatory mechanism (6 NYCRR Part 496), omits the framing relative to 1990 emissions levels, and entirely misses the annual emissions inventory/reporting requirement. It also adds several extra targets not in the ground truth (70% renewable electricity by 2030, 100% zero-emission electricity by 2040, net zero by 2050). Because the core emissions limits are broadly aligned but key legal/mechanistic details are missing and additional unrelated targets are introduced, the best score is 0."
New_York_US,7,2,"Provide workforce training and transition support for gas sector workers to install/operate thermal energy networks, coordinating PSC/DPS, DOL, Office of Just Transition, utilities and unions.",Mitigation,sub,"New York will create an Office of Just Transition and a Worker Support and Community Assurance Fund to support displaced workers, host communities, and new workers during the clean energy transition.",Mitigation,individual,0,0.5555,False,False,True,"The extracted policy is directionally related to just-transition support for workers, but it does not match the ground-truth policy’s specific commitment. The ground truth focuses on workforce training and transition support for gas sector workers to install and operate thermal energy networks, with coordination among PSC/DPS, DOL, the Office of Just Transition, utilities, and unions. The extracted policy instead mentions creating an Office of Just Transition and a Worker Support and Community Assurance Fund for displaced workers, communities, and new workers more generally. It misses the thermal energy network training focus, the gas-sector specificity, and the named coordination mechanism. With no source excerpt provided, this cannot be verified further, but the match is only partial and imprecise."
New_York_US,308,3,"Adopt and implement New York State's Climate Leadership and Community Protection Act (Climate Act) emission reduction requirements: reduce economywide GHG emissions 40% by 2030 and 85% by 2050 from 1990 levels, and achieve net zero emissions statewide by 2050.",Mitigation,individual,"New York will implement an economywide cap-and-invest program to meet Climate Act emission limits, with at least 35% of proceeds benefiting Disadvantaged Communities and rebates for low- and moderate-income households.",Mitigation,individual,0,0.7031,False,True,True,"The extracted policy is directionally related to the Climate Act but does not match the ground-truth policy’s core commitment and specificity. The ground truth is the adoption and implementation of the Climate Act’s binding statewide emissions targets: 40% below 1990 levels by 2030, 85% by 2050, and net zero statewide by 2050. The extracted policy instead focuses on a delivery mechanism—an economywide cap-and-invest program—and adds equity/rebate details not present in the ground-truth statement. Because it omits the quantified emissions targets and deadlines that define the policy commitment, it is only a partial, indirect match."
New_York_US,313,4,"DEC must draft and promulgate enforceable regulations by January 1, 2024 to ensure New York meets the statewide GHG emission limits (40% by 2030 and 85% by 2050 from 1990 levels).",Mitigation,individual,"DEC will draft and promulgate enforceable regulations by January 1, 2024 to ensure New York meets statewide GHG emission limits.",Mitigation,individual,0,0.9607,False,True,True,"The extracted policy matches the core action, actor, and deadline: DEC must draft and promulgate enforceable regulations by January 1, 2024 to ensure New York meets statewide GHG emission limits. However, it omits the specific quantified targets in the ground truth (40% by 2030 and 85% by 2050 from 1990 levels). Because the commitment and mechanism are captured but key specificity is missing, this is directionally correct but incomplete."
New_York_US,316,5,"Governor-directed policy: DEC must adopt regulations requiring all new passenger cars, pickup trucks, and SUVs sold in New York State to be zero-emission by 2035, modeled on California's Advanced Clean Cars II.",Mitigation,individual,"Governor Hochul directed DEC to adopt regulations requiring all new passenger cars, pickup trucks, and SUVs sold in New York to be zero-emission by 2035.",Mitigation,individual,1,0.918,True,True,True,"The extracted policy matches the ground-truth on scope, commitment, and target: it identifies a governor-directed policy requiring DEC to adopt regulations, covers all new passenger cars, pickup trucks, and SUVs sold in New York, and includes the 2035 zero-emission deadline. The only omitted detail is that it is modeled on California's Advanced Clean Cars II, but the core commitment, target, and mechanism are captured accurately."
New_York_US,234,7,Establish a Community GHG Working Group led by NYSERDA and DEC to develop/standardize local community GHG emissions inventories and secure New York-specific data.,Adaptation,sub,New York will establish a statewide dashboard of community GHG emissions inventories to support local climate action planning and equity monitoring.,Mitigation,individual,0,0.749,False,False,False,"The extracted policy is directionally related to community GHG inventories, but it does not match the ground-truth's core mechanism or institutional commitment. The ground-truth specifically calls for establishing a Community GHG Working Group led by NYSERDA and DEC to develop and standardize local inventories and secure New York-specific data. The extracted policy instead describes a statewide dashboard for supporting planning and equity monitoring, which is a different delivery mechanism and omits the working group, agency leadership, standardization role, and data-development function. Because the general topic aligns but key specifics are missing or altered, this is only a partial match."
New_York_US,319,8,"By 2024, commence a statewide energy benchmarking and disclosure program requiring owners of multifamily and commercial properties >10,000 sq ft to annually report whole-building energy and water data to NYSERDA for public disclosure, and require utilities to provide automatic aggregated whole-building uploads to ENERGY STAR Portfolio Manager.",Mitigation,individual,New York will develop model above-minimum energy conservation codes and construction policies to accelerate local energy efficiency with an equity focus.,Resource Efficiency,individual,-1,0.5923,False,True,False,"The extracted policy does not match the ground-truth policy in scope, mechanism, or specificity. The ground truth is a specific statewide benchmarking and disclosure program by 2024 for multifamily and commercial buildings over 10,000 sq ft, with annual reporting to NYSERDA, public disclosure, and utility-provided automatic aggregated uploads to ENERGY STAR Portfolio Manager. The extracted policy instead refers to developing model above-minimum energy conservation codes and construction policies, which is a different policy area and omits the target buildings, reporting requirement, deadline, disclosure mechanism, and utility data-upload requirement."
New_York_US,239,9,"Within one year, promote local adoption of the New York State Solar Permit and other actions to streamline permitting for clean energy technologies including energy storage.",Mitigation,sub,New York will support renewable energy growth by promoting model local laws and streamlined permitting for renewable energy and storage technologies.,Mitigation,individual,0,0.7544,False,False,True,"The extracted policy is directionally aligned with the ground-truth: it captures promoting local/model laws and streamlined permitting for renewable energy and storage technologies. However, it misses key specificity and commitment details present in the ground-truth, notably the explicit deadline ('within one year') and the named mechanism ('New York State Solar Permit'). It also broadens/softens the action to general support for renewable energy growth rather than the more specific commitment to promote local adoption of a particular permit framework and related permitting streamlining actions."
New_York_US,248,10,"Provide policy guidance and financial support to municipalities adopting building electrification and energy efficiency policies informed by city decarbonization plans (e.g., Ithaca).",Mitigation,sub,"New York will support local governments with incentives, technical assistance, financial support, and centralized procurement to improve municipal assets such as LED lighting, heat pumps, solar, methane recovery, and fleet electrification.",Mitigation,individual,0,0.646,False,False,True,"The extracted policy is directionally aligned with the ground-truth in that it describes support for local governments through technical and financial assistance to advance decarbonization measures. However, it misses key specificity and scope from the ground-truth: there is no mention of policy guidance, municipalities adopting building electrification and energy efficiency policies, or that these efforts are informed by city decarbonization plans. Instead, it shifts toward support for improving municipal assets and lists technologies and procurement mechanisms not present in the ground-truth. With no source excerpt provided to verify wording, this is a partial but imprecise match rather than a full one."
New_Zealand_NZ,6,0,Produce guidance on integrating mātauranga Māori into adaptive planning and working with mana whenua.,Adaptation,sub,Establish a platform for Māori climate action to enable Māori participation in climate policy design and support Māori-led adaptation and mitigation actions.,Adaptation,individual,0,0.6277,False,False,True,"The extracted policy is directionally related to Māori involvement in climate policy and adaptation/mitigation, but it does not match the ground-truth closely enough in scope or specificity. The ground-truth is specifically about producing guidance on integrating mātauranga Māori into adaptive planning and working with mana whenua. The extraction instead describes establishing a platform for Māori climate action and enabling participation, which shifts the mechanism and omits the key elements of guidance, mātauranga Māori integration, and mana whenua engagement. With no source excerpt provided, this is at best a partial, imprecise match."
New_Zealand_NZ,1,1,Promote the use of updated Aotearoa New Zealand Climate Change Projections guidance highlighting changes from AR6 to support updated risk management plans.,Adaptation,sub,Provide access to the latest climate projections data so New Zealanders can assess future climate risk and make adaptation decisions.,Adaptation,individual,0,0.7547,False,False,True,"The extracted policy is directionally aligned with the ground truth because both concern providing updated climate projections to support climate risk assessment and adaptation/risk management decisions. However, it is less specific and weakens key elements: it omits the explicit reference to the updated Aotearoa New Zealand Climate Change Projections guidance, does not mention highlighting changes from AR6, and replaces the more concrete purpose of supporting updated risk management plans with the broader and vaguer idea of helping New Zealanders make adaptation decisions. With no source excerpt provided, this is a partial but imprecise match rather than a full one."
New_Zealand_NZ,5,2,"Regularly update adaptation guidance for local government to support adaptation in planning and decisions, including communicating technical information and making climate decisions.",Adaptation,sub,"Design and develop risk and resilience and climate adaptation information portals to provide public access to natural hazard risk information, climate data, and climate decision-making information.",Adaptation,individual,0,0.5741,False,False,True,"The extracted policy is directionally related to adaptation information and climate decision-making support, but it does not match the ground-truth closely enough on scope or mechanism. The ground-truth is specifically about regularly updating adaptation guidance for local government to support planning and decisions, including communicating technical information. The extracted policy instead focuses on designing and developing public information portals for hazard risk, climate data, and decision-making information. This overlaps in providing information, but misses the target audience (local government), the action of regularly updating guidance, and the planning/decision-support framing. With no source excerpt provided to verify stronger alignment, this is a partial but imprecise match."
Perugia_IT,30,1,"Law 388/2000 establishes a fund for the reduction of atmospheric emissions and for promotion of energy efficiency and renewable energy sources, financing national and regional programs and including incentives such as 80% support for solar panels (as described).",Mitigation,sub,"Italy allocated 25 million euro per year for 2002-2004 to support pilot projects for energy efficiency, clean fuels and engines, and increased carbon sinks.",Mitigation,individual,-1,0.569,False,False,True,"The extracted policy does not match the ground-truth policy in scope or mechanism. The ground truth is about Law 388/2000 establishing a broader emissions-reduction and energy-efficiency/renewables fund, including national and regional programs and specific incentives such as 80% support for solar panels. The extracted policy instead describes a different, narrower funding allocation of 25 million euro per year for 2002–2004 for pilot projects on energy efficiency, clean fuels/engines, and carbon sinks. Because the core commitment, delivery mechanism, and cited incentive are not captured, this is not a meaningful match."
Perugia_IT,15,7,"Agreement Protocol (Turin, 5 June 2001) by the Conference of Presidents of Regional Governments and Autonomous Provinces coordinates policies aimed at reducing greenhouse gas emissions, including preparing an Environmental Energy Plan by end-2002.",Mitigation,parent,"The Conference of Regional Governments and Autonomous Provinces agreed to orient policies toward greenhouse gas reduction, coordinate financing for sustainability, and prepare an Environmental Energy Plan by the end of 2002.",Mitigation,individual,1,0.7739,True,False,True,"The extracted policy closely matches the ground truth in scope, commitment, and specificity. It correctly identifies the actor (Conference of Regional Governments and Autonomous Provinces), the core commitment to coordinate/orient policies toward reducing greenhouse gas emissions, and the specific delivery mechanism and deadline of preparing an Environmental Energy Plan by the end of 2002. The added reference to coordinating financing for sustainability is not in the ground-truth summary, but it does not contradict it. Overall, the main commitment, target area, and timeline are captured accurately."
Perugia_IT,17,9,Regions and Autonomous Provinces commit to formulate optimal GHG reduction strategies within Plans for the Safeguarding and Reclamation of Air Quality.,Adaptation,sub,The regions are responsible for formulating regional energy plans and coordinating territorial pacts and negotiated planning.,Mitigation,individual,-1,0.5794,False,False,False,"The extracted policy does not match the ground-truth commitment. The ground truth is specifically about Regions and Autonomous Provinces committing to formulate optimal GHG reduction strategies within Plans for the Safeguarding and Reclamation of Air Quality. The extracted policy instead refers to regional energy plans and coordinating territorial pacts/negotiated planning, which is a different scope and mechanism. It omits the GHG reduction strategy commitment and the specific planning instrument, so there is no meaningful match."
Perugia_IT,16,10,Regions and Autonomous Provinces commit to orient their policies as far as possible toward reducing greenhouse gases and to coordinate central-state and local initiatives/financing with sustainability as a priority objective.,Mitigation,sub,The provinces are responsible for planning environmental and energy initiatives and optimizing water and energy resources.,Resource Efficiency,individual,-1,0.6135,False,False,False,"The extracted policy does not capture the core commitment in the ground truth. The ground truth says Regions and Autonomous Provinces should orient their policies toward reducing greenhouse gases and coordinate central-state and local initiatives/financing with sustainability as a priority. The extraction instead states that provinces are responsible for planning environmental and energy initiatives and optimizing water and energy resources, which omits the greenhouse-gas reduction objective, the coordination/financing mechanism, and the sustainability priority. It is therefore not a meaningful match."
Perugia_IT,5,12,"Italy implements Law 449/97 allowing 41% tax deductibility of building retrofitting expenses, including renewable-energy-based plants.",Mitigation,sub,Italy's Kyoto implementation law requires the Ministry for the Environment and Territory to present a national action plan for reducing greenhouse gas emissions and increasing removals.,Mitigation,individual,-1,0.5536,False,False,True,"The extracted policy does not match the ground-truth policy. The ground truth is a specific fiscal incentive under Law 449/97: a 41% tax deductibility for building retrofitting expenses, including renewable-energy-based plants. The extracted policy instead describes a different measure about requiring the Ministry to present a national action plan on emissions reductions/removals. It misses the core scope, quantified target (41%), and mechanism (tax deductibility), so there is no meaningful match."
Perugia_IT,3,13,Italy increases the use of coal in power plants from 9% to 14% (as part of measures already adopted under the trend scenario).,Mitigation,sub,Italy's Kyoto implementation plan includes measures already approved and additional measures under discussion to close the emissions gap.,Mitigation,parent,-1,0.5892,False,False,True,"The extracted policy does not match the ground-truth policy. The ground truth is a specific trend-scenario measure: increasing coal use in power plants from 9% to 14%. The extraction instead gives a vague, high-level statement about Kyoto implementation plans and measures to close an emissions gap, with no mention of coal, the power sector, or the quantified 9% to 14% change. It misses the core commitment, target, and mechanism."
Perugia_IT,22,14,"Increase efficiency of existing plants and convert 15,000 MW to combined-cycle plants under the Enel voluntary agreement to cut CO2 emissions.",Mitigation,sub,"Expand combined-cycle electricity capacity by 3,200 MW.",Mitigation,sub,-1,0.6731,False,True,True,"The extracted policy does not match the ground-truth in scope or specificity. The ground-truth is about increasing efficiency of existing plants and converting 15,000 MW to combined-cycle plants under the Enel voluntary agreement, with the purpose of cutting CO2 emissions. The extraction instead states expansion of combined-cycle capacity by 3,200 MW, which changes the scale substantially, omits the conversion/efficiency component, omits the voluntary agreement mechanism, and drops the emissions objective. With no source excerpt to support the 3,200 MW figure, this is an inaccurate mismatch rather than a vague partial match."
Perugia_IT,4,17,Italy implements Ministry of Industry Decrees of 24 April 2001 to increase end-use energy efficiency.,Mitigation,sub,Implement decrees on end-use efficiency in the residential and tertiary sectors.,Resource Efficiency,sub,0,0.6164,False,True,False,"The extracted policy is directionally aligned with the ground-truth because it refers to implementing decrees on end-use efficiency, which matches the core subject of the Ministry of Industry Decrees of 24 April 2001. However, it is less specific and somewhat narrower than the ground-truth: it omits the date, the Ministry of Industry attribution, and reframes the scope as only the residential and tertiary sectors rather than the broader commitment to increase end-use energy efficiency. With no source excerpt provided, this cannot be verified further. Overall, it captures the general intent but misses key specificity and institutional detail."
Perugia_IT,8,22,"Under the reference scenario, Italy will progressively phase out landfills and increase energy production from waste.",Mitigation,sub,"Italy identified additional measures for industry, residential and tertiary, agriculture, transport, research, and waste to reduce emissions beyond the reference scenario.",Mitigation,parent,-1,0.6425,False,False,True,"The extracted policy does not match the ground-truth policy. The ground truth is specific to waste policy under the reference scenario: progressively phasing out landfills and increasing energy production from waste. The extraction instead gives a broad, generic statement that Italy identified additional measures across multiple sectors to reduce emissions beyond the reference scenario. It misses the core waste-sector commitments, lacks the landfill phase-out and waste-to-energy elements, and even shifts the scope from the reference scenario to measures beyond it."
Perugia_IT,21,30,"Enel voluntary agreement aims to reduce emissions by 22 MtCO2 by 2006 compared to 1990 through power plant efficiency/CC conversion, renewables obligation, distribution leak reductions, and DSM measures.",Mitigation,parent,Extend end-use efficiency decrees and regional measures to achieve 1.5-2.9 Mtoe/year in savings.,Resource Efficiency,sub,-1,0.6176,False,False,False,"The extracted policy focuses narrowly on extending end-use efficiency decrees and regional measures to achieve 1.5–2.9 Mtoe/year savings, which does not match the ground-truth policy. The ground truth is a voluntary agreement by Enel to reduce emissions by 22 MtCO2 by 2006 versus 1990, using multiple mechanisms: power plant efficiency/combined-cycle conversion, renewables obligations, distribution leak reductions, and DSM. The extraction omits the central emissions target, deadline, baseline, actor, and most delivery mechanisms, and instead substitutes a different energy-savings policy metric."
Perugia_IT,12,31,Implement revegetation of farmlands and grazing lands to support increased carbon sinks.,Nature-Based Solutions,sub,Reduce CO2 emissions from agricultural energy consumption.,Mitigation,sub,-1,0.6076,False,True,False,"The extracted policy does not match the ground-truth policy. The ground truth is about implementing revegetation on farmlands and grazing lands as a land-use/carbon-sink measure. The extracted policy instead concerns reducing CO2 emissions from agricultural energy consumption, which is a different mitigation approach, scope, and mechanism. With no source excerpt provided to support equivalence, this is a non-match."
Perugia_IT,10,32,"Under the reference scenario, Italy promotes the production and use of high-efficiency vehicles and fuels.",Mitigation,sub,"Italy identified additional transport measures covering technological, infrastructure, and research interventions to reduce emissions.",Mitigation,parent,0,0.6091,False,False,True,"The extracted policy is directionally aligned with the ground truth because it refers to additional transport measures aimed at reducing emissions, which is broadly consistent with promoting cleaner transport. However, it does not capture the specific focus on promoting the production and use of high-efficiency vehicles and fuels. It is also vague on mechanisms, contains no quantified targets or deadlines, and weakens the specificity of the reference policy by broadening it to generic technological, infrastructure, and research interventions."
Perugia_IT,35,35,"Italy plans biodiesel blending in diesel up to 5%, with blending forecast to begin in 2006 at 1–1.5% and reach 4–5% by 2010, supported by a voluntary agreement and rules on diesel formulation (and possible tax reductions).",Mitigation,individual,Blend diesel with biodiesel up to 5% in transportation-grade diesel.,Mitigation,sub,0,0.6416,False,False,True,"The extracted policy captures the core measure of biodiesel blending in diesel up to 5%, matching the general scope of the ground-truth. However, it omits key specifics: the phased timeline (starting in 2006 at 1–1.5% and reaching 4–5% by 2010), the voluntary agreement, diesel formulation rules, and possible tax reductions. Without those target dates and delivery mechanisms, it is directionally correct but too vague for a full match."
Perugia_IT,37,52,"Italy plans to reduce SF6 leakage from electrical equipment by 2010 through an agreement between manufacturers and the Ministry for the Environment (including users for disposal), under assumptions including reducing installed-equipment leakage rate to 0.5% and end-of-life leakage rate to 1% by 2010.",Mitigation,individual,Reduce SF6 leaks from electrical equipment.,Mitigation,sub,0,0.6558,False,False,True,"The extracted policy captures the general intent of the ground truth—reducing SF6 leakage from electrical equipment—but omits nearly all of the specific and important details. It lacks the 2010 deadline, the implementation mechanism (an agreement between manufacturers, users for disposal, and the Ministry for the Environment), and the quantified leakage-rate assumptions (0.5% for installed equipment and 1% at end of life). Because it is directionally correct but too vague on specificity and commitment, the appropriate grade is 0."
Perugia_IT,31,53,ENEL signed a voluntary agreement (20 July 2000) with relevant ministries committing to reduce its CO2 emissions by 20% by 2006.,Mitigation,individual,The Ministry for the Environment and Territory and the Ministry of Production Activities signed a voluntary agreement with Enel to reduce CO2 emissions by 20% by 2006.,Mitigation,individual,1,0.7818,True,True,True,"The extracted policy matches the ground-truth on the core commitment and specificity: it is a voluntary agreement with Enel/ENEL, includes the 20% CO2 emissions reduction target, and the 2006 deadline. It also correctly identifies the relevant ministries as signatories. The omission of the exact signing date (20 July 2000) is minor and does not change the substance."
Perugia_IT,32,54,"Legislative Decree No. 79 of 16 March 1999 requires that starting in 2002 producers and importers supply at least 2% of prior-year thermoelectricity as electricity from new renewable plants, with compliance possible via purchasing GRTN-issued green certificates.",Mitigation,individual,Producers and importers must supply electricity from new renewable plants equal to at least 2% of the thermoelectricity produced or imported in the previous year.,Mitigation,individual,0,0.7474,False,True,True,"The extracted policy captures the core obligation and target accurately: producers and importers must supply at least 2% of prior-year thermoelectricity from new renewable plants. However, it omits key specificity present in the ground truth, namely that the requirement starts in 2002 and that compliance can be achieved through purchasing GRTN-issued green certificates. Because the main commitment is correct but important timing and mechanism details are missing, this is directionally correct but incomplete."
Perugia_IT,38,61,"Italy plans reforestation in hydrogeologically unstable areas under Law No. 183/1989 at about 6,000 hectares per year for 2003–2012 (total 60,000 hectares).",Nature-Based Solutions,individual,Italy will create a National Forestry Inventory on Carbon and other Carbon Reservoirs by 31 May 2005.,Nature-Based Solutions,individual,-1,0.6356,False,True,True,"The extracted policy does not match the ground-truth policy. The ground truth is a reforestation commitment in hydrogeologically unstable areas under Law No. 183/1989, with a quantified annual target of about 6,000 hectares per year for 2003–2012 (60,000 hectares total). The extracted policy instead refers to creating a National Forestry Inventory on Carbon and other Carbon Reservoirs by 31 May 2005, which is a different action, mechanism, and timeline. It misses the reforestation scope, target, and delivery details entirely."
Perugia_IT,11,62,Implement management of existing forests as part of agricultural and forestry measures to increase carbon sinks.,Nature-Based Solutions,sub,Italy will create a National Register of agro-forestry carbon reservoirs by 31 December 2006 to certify carbon flows from land-use and forestry activities.,Nature-Based Solutions,individual,0,0.5682,False,False,True,"The extracted policy is directionally related to land-use/forestry carbon sinks, but it does not match the ground-truth policy closely. The ground truth is about implementing management of existing forests as an agricultural/forestry measure to increase carbon sinks. The extraction instead focuses on creating a National Register by a specific date to certify carbon flows from agro-forestry reservoirs. This captures an administrative mechanism around accounting/certification, not the core commitment of managing existing forests to enhance sinks. Because the source document excerpt is not provided, this cannot be confirmed directly, but relative to the stated ground truth the match is only partial and misses the main measure."
Perugia_IT,39,63,"A national plan to reduce greenhouse-gas emissions targets a reduction of 93 million tonnes by 2008–2012 and identifies interventions across energy, agriculture/forestry sinks, transport, and cooperation, with financing via fuel excise tax re-modulation, use of an emissions-reduction/energy-efficiency fund, and revenues from energy-sector reform.",Mitigation,individual,"The National Action Plan on climate change will be financed through fuel excise tax re-modulation, the emissions reduction fund, and revenues from energy-sector reform.",Mitigation,individual,0,0.6538,False,True,True,"The extracted policy accurately captures the financing mechanisms from the ground truth—fuel excise tax re-modulation, an emissions reduction fund, and revenues from energy-sector reform. However, it omits the core quantified commitment to reduce greenhouse-gas emissions by 93 million tonnes by 2008–2012 and does not mention the intervention areas (energy, agriculture/forestry sinks, transport, cooperation). Thus it is directionally correct but incomplete and less specific than the ground-truth policy."
Perugia_IT,0,66,"Italy implements programmes and initiatives in agriculture and forestry to increase and better manage forest areas/woodlands, reclaim abandoned territories, and protect areas at instability or desertification risk to increase carbon sinks.",Nature-Based Solutions,parent,The Ministry of the Environment and Territory will coordinate projects under JI and CDM and support Italian participation in emissions trading.,Mitigation,individual,-1,0.5702,False,False,False,"The extracted policy does not match the ground-truth policy. The ground truth is about agriculture/forestry land-management measures to expand and better manage forests, reclaim abandoned land, protect vulnerable areas, and increase carbon sinks. The extracted policy instead concerns coordinating JI/CDM projects and supporting emissions trading, which is a different policy area and mechanism. With no overlap in scope or delivery mechanism, this is not a meaningful match."
Portugal_PT,5,3,NAP target: target population of awareness/dissemination campaigns on climate impacts and adaptation measures to reach 5% by 2020 and 25% by 2030.,Adaptation,sub,Portugal's Adaptation to Climate Change Action Programme complements ENAAC 2020 and focuses on implementing adaptation measures.,Adaptation,individual,-1,0.5675,False,False,True,"The extracted policy does not match the ground-truth policy. The ground truth is a specific NAP target: awareness/dissemination campaigns on climate impacts and adaptation measures reaching 5% of the population by 2020 and 25% by 2030. The extracted text only gives a general statement that Portugal's Adaptation to Climate Change Action Programme complements ENAAC 2020 and focuses on implementing adaptation measures, with no mention of awareness campaigns, target population shares, or the 2020/2030 deadlines. It is therefore too generic and misses the core commitment and quantified targets."
Portugal_PT,64,8,"Develop decision support tools and information systems (including modelling and scenarisation, reporting) and develop a National Adaptation Platform to systematise and facilitate access to climate change information.",Adaptation,sub,"Portugal's National Adaptation Strategy aims to improve climate knowledge, implement adaptation measures, and integrate adaptation into sectoral policies.",Adaptation,individual,0,0.5531,False,False,True,"The extracted policy is directionally related to adaptation and improving climate knowledge, but it does not capture the specific commitment in the ground truth: developing decision support tools and information systems, including modelling/scenarisation/reporting, and creating a National Adaptation Platform to systematise and facilitate access to climate information. It is broader and vaguer, omits the key delivery mechanisms, and adds general aims not present in the ground-truth formulation."
Qatar_QA,0,0,Qatar intends to reduce 25% of its GHG emissions by 2030 relative to a Business-As-Usual (BAU) baseline scenario.,Mitigation,individual,Qatar intends to reduce 25% of its GHG emissions by 2030 relative to the business-as-usual baseline scenario.,Mitigation,individual,1,0.9648,True,True,True,"The extracted policy matches the ground-truth exactly in scope, target, timeframe, and baseline: Qatar intends to reduce 25% of its GHG emissions by 2030 relative to a BAU/business-as-usual scenario. Commitment strength and specificity are preserved with no material omissions or contradictions."
Qatar_QA,1,1,"Qatar Petroleum (QP) is committed to zero routine flaring by 2030 and to reducing onshore flaring to the absolute minimum, including technically feasible non-routine flaring.",Mitigation,individual,Qatar Petroleum is committed to zero routine flaring by 2030 and to reducing flaring in onshore facilities to the absolute minimum.,Mitigation,individual,1,0.9535,True,True,True,"The extracted policy matches the ground-truth closely on the main commitment and target: zero routine flaring by 2030 and reducing onshore flaring to the absolute minimum. It preserves the commitment strength ('is committed'). The only omission is the qualifier 'including technically feasible non-routine flaring,' but the core scope, deadline, and delivery intent are still captured accurately enough for a full match."
Qatar_QA,2,2,Qatar commissioned a CO2 recovery and sequestration facility at Ras Laffan in 2019 with a design capacity of 2.2 MTPA of CO2 capture and storage.,Mitigation,individual,"Qatar will use carbon capture and storage to reduce greenhouse gas emissions from the oil and gas sector, including new LNG facilities.",Mitigation,individual,0,0.7305,False,True,True,"The extracted policy is directionally aligned with the ground truth because both concern carbon capture and storage in Qatar’s oil and gas/LNG sector. However, it misses the key specifics that make the ground-truth policy precise: the Ras Laffan facility, its commissioning in 2019, and the quantified design capacity of 2.2 MTPA of CO2 capture and storage. It also shifts from a completed action ('commissioned') to a general future-oriented statement ('will use'), weakening accuracy and commitment strength."
San_Francisco_US,148,0,"Reduce San Francisco sector-based greenhouse gas emissions by at least 61% below 1990 levels by 2030 and achieve net-zero sector-based emissions by 2040 (at least a 90% reduction below 1990), sequestering any residual emissions through nature-based solutions.",Mitigation,individual,San Francisco will reduce sector-based emissions 61% below 1990 levels by 2030 and reach net-zero sector-based emissions by 2040.,Mitigation,individual,1,0.899,True,True,True,"The extracted policy matches the ground-truth on the core quantified targets and deadlines: 61% below 1990 levels by 2030 and net-zero sector-based emissions by 2040. It preserves the same scope (San Francisco sector-based emissions) and commitment strength. It omits the added specificity that net-zero is defined as at least a 90% reduction below 1990 levels with residual emissions sequestered through nature-based solutions, but the main commitment is still captured accurately."
San_Francisco_US,149,1,Reduce consumption-based emissions by 40% below 1990 levels by 2030 and by 80% below 1990 levels by 2050 (expressed as less than 30 mtCO2e per household by 2030 and less than 10 mtCO2e per household by 2050).,Mitigation,individual,San Francisco will reduce consumption-based emissions 40% by 2030 and 80% by 2050.,Mitigation,individual,0,0.6634,False,True,True,"The extracted policy matches the core quantitative targets and deadlines in the ground truth (40% by 2030 and 80% by 2050 for consumption-based emissions). However, it omits key specificity: the baseline of 1990 levels and the equivalent household-based emissions thresholds (less than 30 mtCO2e per household by 2030 and less than 10 mtCO2e per household by 2050). With no source excerpt provided to verify wording or commitment strength, this is directionally correct but less specific than the ground truth."
San_Francisco_US,150,2,Supply 100% renewable electricity in San Francisco by 2025 and supply 100% renewable energy (no more fossil fuels) by 2040.,Mitigation,individual,"San Francisco will supply 100% renewable electricity by 2025 and 100% renewable energy, with no fossil fuels, by 2040.",Mitigation,individual,1,0.9342,True,True,True,"The extracted policy matches the ground-truth nearly verbatim in scope, targets, and deadlines: 100% renewable electricity by 2025 and 100% renewable energy with no fossil fuels by 2040. Commitment strength is equivalent, and there are no material omissions or contradictions."
San_Francisco_US,154,3,"To meet San Francisco's goal of zero emissions by 2040, all existing buildings must be renovated or replaced by 2040.",Mitigation,individual,"San Francisco will require zero-emissions new construction by 2021, all large commercial buildings to be zero emissions by 2035, and all buildings to be zero emissions by 2040.",Mitigation,individual,0,0.85,False,True,True,"The extracted policy is directionally aligned with the ground truth on the key endpoint that all buildings are to be zero emissions by 2040, which corresponds to the ground-truth requirement that all existing buildings be renovated or replaced by 2040 to meet zero emissions. However, it does not accurately capture the specific mechanism for existing buildings ('renovated or replaced') and adds extra commitments not present in the ground truth (zero-emissions new construction by 2021 and large commercial buildings by 2035). Because it mixes a correct overall target with unsupported additional details and misses the precise delivery mechanism, this is only a partial match."
San_Francisco_US,147,4,"By 2025, SFO will expand its carbon mitigation and offset program to include soil carbon sequestration projects where viable (HE.7-4).",Nature-Based Solutions,sub,San Francisco will sequester residual emissions through nature-based solutions.,Nature-Based Solutions,individual,0,0.6781,False,False,True,"The extracted policy is directionally aligned with the ground truth because both concern addressing residual emissions through nature-based carbon sequestration. However, it is too vague and misses key specifics: the source policy is specifically about SFO expanding its existing carbon mitigation and offset program by 2025 to include soil carbon sequestration projects where viable. The extraction omits the 2025 deadline, the airport/SFO scope, the expansion of an existing program, and the specific mechanism of soil carbon sequestration projects, replacing it with the broader phrase 'nature-based solutions.'"
San_Francisco_US,89,5,"Expand tenant services (education, outreach, counseling, legal and rent assistance) to keep residents and workers housed in San Francisco (H.1-3).",Adaptation,sub,"San Francisco will build at least 5,000 new housing units per year, with no less than 30 percent affordable, and focus on rehabilitation of existing housing.",Resource Efficiency,individual,-1,0.5794,False,False,False,"The extracted policy does not match the ground-truth. The ground-truth is about expanding tenant services—education, outreach, counseling, legal assistance, and rent assistance—to help residents and workers remain housed. The extracted policy instead describes a housing production target (5,000 new units per year, 30% affordable, rehabilitation focus). This is a different policy area, with different mechanisms and commitments, and appears hallucinated relative to the stated ground-truth."
San_Francisco_US,3,6,Ensure 100% renewable electricity is the only option for San Francisco residents and businesses by 2025 by supporting regulatory requirements and/or acquiring PG&E grid assets serving San Francisco (ES.1-3).,Mitigation,sub,"San Francisco will supply 100% renewable electricity to residents and businesses, invest in local renewable energy and energy resilience projects, design a reliable and flexible grid, build clean energy workforce capacity, and plan for equitable decommissioning of the natural gas system.",Mitigation,parent,0,0.7993,False,False,True,"The extracted policy matches the general intent of transitioning San Francisco residents and businesses to 100% renewable electricity, but it misses key specificity and commitment details from the ground truth. In particular, it omits the 2025 deadline, the exclusivity language ('the only option'), and the delivery mechanisms of supporting regulatory requirements and/or acquiring PG&E grid assets serving San Francisco. It also adds broader related actions not present in the ground-truth statement. Directionally correct, but too vague and incomplete for a full match."
San_Francisco_US,0,7,ES.1: Supply 100% renewable electricity to residents and businesses.,Mitigation,parent,San Francisco will provide 100% renewable electricity to residents and businesses.,Mitigation,sub,1,0.6512,True,False,True,"The extracted policy matches the ground-truth exactly in scope and commitment: supplying/providing 100% renewable electricity to residents and businesses. It preserves the quantified target (100%) and beneficiary scope (residents and businesses). No deadline or mechanism is present in either statement, so nothing material is omitted relative to the ground truth."
San_Francisco_US,2,8,"Promote early adoption of 100% renewable electricity products to all San Franciscans, with a preference for City programs (ES.1-2).",Mitigation,sub,San Francisco will invest in local renewable energy and energy resilience projects.,Mitigation,sub,-1,0.6583,False,True,True,"The extracted policy does not match the ground-truth policy. The ground truth is specifically about promoting early adoption of 100% renewable electricity products for all San Franciscans, with a preference for City programs. The extracted statement instead refers to investing in local renewable energy and resilience projects, which is a different action, lacks the 100% renewable electricity product focus, omits the all-residents scope, and misses the delivery mechanism/preference for City programs."
San_Francisco_US,5,9,ES.3: Design and develop the reliable and flexible grid of the future.,Mitigation,parent,San Francisco will design and develop the reliable and flexible grid of the future.,Mitigation,sub,1,0.6623,True,False,True,"The extracted policy matches the ground-truth closely in scope and commitment: both state the policy to 'design and develop the reliable and flexible grid of the future.' The only difference is adding 'San Francisco will,' which preserves the intended commitment rather than changing it. No source excerpt is provided to assess further specificity, but relative to the ground-truth this is an accurate match."
San_Francisco_US,9,10,ES.4: Develop workforce capacity to deliver clean energy resources.,Mitigation,parent,San Francisco will develop workforce capacity to deliver clean energy resources.,Mitigation,sub,1,0.6465,True,False,True,"The extracted policy matches the ground-truth policy exactly in scope and core commitment: developing workforce capacity to deliver clean energy resources. Although neither version includes quantified targets, deadlines, or mechanisms, the extraction accurately reflects the same level of specificity and commitment as the ground truth, with only the added jurisdictional subject ('San Francisco')."
San_Francisco_US,18,11,"By 2026, establish an MOU between the City, state regulators, and utilities stating mutual intent to decommission natural gas transmission and distribution in San Francisco (ES.5-4).",Mitigation,sub,San Francisco will plan for the equitable decommissioning of the City's natural gas system.,Mitigation,sub,0,0.7897,False,True,True,"The extracted policy is directionally aligned with the ground-truth because both concern decommissioning San Francisco’s natural gas system. However, it misses key specifics: the 2026 deadline, the concrete mechanism of establishing an MOU, the involved parties (the City, state regulators, and utilities), and the commitment framing of mutual intent. It also adds 'equitable,' which is not supported by the ground-truth provided. Because the general intent is right but the target, timeline, and mechanism are omitted, this is only a partial match."
Santiago_CL,1,1,"Invite members to prepare written descriptions on the design, organization, and exercise of climate policy and the role of finance ministries in those arrangements.",Adaptation,sub,Build Finance Ministry expertise and capacity on climate policy by preparing written descriptions of climate policy design and the role of Finance Ministries in mitigation and adaptation/resilience arrangements.,Mitigation,parent,0,0.7722,False,False,False,"The extracted policy is directionally aligned with the ground truth: both concern preparing written descriptions about climate policy design and the role of finance ministries. However, it changes the scope and framing in ways that reduce accuracy and specificity. The ground truth specifically says to 'invite members to prepare written descriptions' on the 'design, organization, and exercise of climate policy' and the role of finance ministries. The extraction omits 'invite members,' drops 'organization and exercise,' and adds a new purpose ('Build Finance Ministry expertise and capacity') plus mitigation/adaptation-resilience language not present in the ground truth. Because the general intent is captured but key mechanism and scope details are altered or missing, this merits a 0 rather than a full match."
Santiago_CL,2,2,"Share national approaches and good practices to help members develop capacities and roles in policy-making, including in NDC processes.",Adaptation,sub,"Share national approaches and good practices to help Members develop their capacities and roles in climate policy-making, including NDC processes.",Mitigation,sub,1,0.9218,True,True,False,"The extracted policy matches the ground-truth closely in scope, commitment, and specificity. It preserves the core action ('share national approaches and good practices'), the purpose ('help members develop capacities and roles in policy-making'), and the mechanism/reference to 'including in NDC processes.' The only differences are minor paraphrases ('Members' capitalization and 'climate policy-making' vs 'policy-making'), which do not materially change meaning. No source excerpt is available to test against the document text, but relative to the ground truth this is an accurate match."
Santiago_CL,3,3,"Review practices, resources, and competencies across different governance and organizational models for climate policy in finance ministries.",Adaptation,sub,"Review practices, resources, and competencies across different governance and organizational models for climate policy.",Mitigation,sub,0,0.9162,False,True,False,"The extracted policy is directionally correct and closely matches the main action ('Review practices, resources, and competencies across different governance and organizational models for climate policy'), but it omits the important qualifier 'in finance ministries.' With no source excerpt provided, this missing scope detail makes the extraction less specific and slightly broader than the ground truth rather than a full match."
Santiago_CL,4,4,Collaborate with partners to leverage expertise and bridge the gap between finance ministries and climate-action lead institutions.,Adaptation,sub,Work with partners to leverage expertise and bridge the gap between Finance Ministries and climate action leaders.,Mitigation,sub,1,0.9462,True,True,False,"The extracted policy closely matches the ground-truth in scope and commitment. It preserves the core action ('work/collaborate with partners'), mechanism ('leverage expertise'), and objective ('bridge the gap between finance ministries and climate-action lead institutions/leaders'). The wording is slightly paraphrased but not meaningfully altered, and there are no missing quantified targets or deadlines in the ground truth to penalize."
Santiago_CL,5,9,"Implement the Santiago Action Plan 2020 workstream to mainstream climate change in macroeconomic management and public finance (Helsinki Principle 4), including tool development, guides for green budgeting/procurement/investment management, and assessments of policies including NDCs.",Resource Efficiency,parent,"Mainstream climate mitigation and adaptation into macro-fiscal planning, budgeting, public investment management, and public procurement.",Mitigation,parent,0,0.6602,False,True,False,"The extracted policy is directionally aligned with the ground truth on mainstreaming climate into macro-fiscal planning, budgeting, public investment management, and procurement. However, it omits key specificity and commitment elements from the ground truth: there is no mention of implementing the Santiago Action Plan 2020 workstream, Helsinki Principle 4, tool development, guides, or assessments of policies including NDCs. Because the core intent is captured but important mechanisms and framing are missing, this is an imprecise match rather than a full one."
Santiago_CL,6,10,"Develop tools to address gaps in macroeconomic forecasting and fiscal planning for climate change impacts, including disaster risk management.",Adaptation,sub,Develop tools to address knowledge and expertise gaps in macroeconomic forecasting and fiscal planning for climate change impacts and disaster risk management.,Adaptation,sub,1,0.9469,True,True,True,"The extracted policy closely matches the ground-truth in scope and mechanism: both commit to developing tools for macroeconomic forecasting and fiscal planning related to climate change impacts, including disaster risk management. The phrasing differs slightly—'knowledge and expertise gaps' versus 'gaps'—but this is a compatible elaboration rather than a contradiction. No quantified targets or deadlines are present in either version, so specificity is aligned."
Santiago_CL,7,11,"Prepare toolkits and guides on whole-of-government approaches to integrate climate into policy and budget processes, including green budgeting (where appropriate), green procurement, and climate-informed public investment management.",Adaptation,sub,"Prepare toolkits and guides for whole-of-government approaches that integrate climate into policy and budget processes, including green budgeting, green procurement, and climate-informed public investment management.",Resource Efficiency,sub,1,0.99,True,True,False,"The extracted policy matches the ground-truth closely in scope, mechanism, and specificity. It preserves the core commitment to prepare toolkits and guides for whole-of-government approaches integrating climate into policy and budget processes, and includes the same delivery mechanisms: green budgeting, green procurement, and climate-informed public investment management. The only minor omission is the qualifier 'where appropriate' attached to green budgeting, but this does not materially change the overall policy meaning."
Santiago_CL,8,12,"Support macroeconomic and fiscal assessments of adaptation, resilience, and mitigation policies, including NDCs.",Adaptation,sub,"Support macroeconomic and fiscal assessments of adaptation, resilience, and mitigation policies, including NDCs.",Mitigation,sub,1,1.0,True,True,False,"The extracted policy exactly matches the ground-truth policy in scope, commitment, and specificity. It captures the same commitment to support macroeconomic and fiscal assessments of adaptation, resilience, and mitigation policies, including NDCs, with no omissions or added inaccuracies."
Santiago_CL,0,20,"Implement the Santiago Action Plan 2020 workstream to strengthen finance ministries’ roles and capacities in climate policy (Helsinki Principle 2), including sharing practices, reviewing governance/competency models, and collaborating with partners.",Adaptation,parent,Improve Finance Ministries' ability to evaluate the macro-fiscal impacts of NDCs and long-term climate strategies and provide guidance to the NDC development process.,Mitigation,parent,0,0.6094,False,True,False,"The extracted policy is directionally related to strengthening finance ministries’ climate-policy capacity, but it does not match the ground-truth with sufficient specificity. The ground truth is specifically about implementing the Santiago Action Plan 2020 workstream under Helsinki Principle 2, including sharing practices, reviewing governance/competency models, and collaborating with partners. The extraction narrows this to evaluating macro-fiscal impacts of NDCs and providing guidance to NDC development, which captures only a possible sub-area and omits the named action plan, principle, and key mechanisms. With no source excerpt provided, this is a partial but imprecise match rather than a full one."
Seattle_US,103,0,"Assessment & Planning (Adaptation): conduct citywide climate impact assessment and develop a comprehensive adaptation strategy, and apply sea level rise planning guidance to impacted capital projects (by 2015).",Adaptation,parent,The City will update the Seattle Climate Action Plan to outline actions City government should take in the near and long term to achieve community climate action goals.,Mitigation,individual,-1,0.6002,False,False,False,"The extracted policy does not match the ground-truth policy. Ground truth is an adaptation-focused commitment with specific actions and timing: conduct a citywide climate impact assessment, develop a comprehensive adaptation strategy, and apply sea level rise planning guidance to impacted capital projects by 2015. The extracted policy instead refers generally to updating the Seattle Climate Action Plan to outline near- and long-term actions to achieve community climate goals. It misses the adaptation scope, the specific assessment/strategy/sea level rise mechanisms, and the 2015 deadline."
Seattle_US,107,1,Adopt a citywide climate protection vision to reach zero net greenhouse gas emissions by 2050 and prepare for likely climate change impacts (Resolution 31312).,Mitigation,individual,Seattle's climate vision is to reach zero net greenhouse gas emissions by 2050 and prepare for the likely impacts of climate change.,Mitigation,individual,1,0.7041,True,True,True,"The extracted policy matches the ground-truth closely in scope, target, and intent: it states a citywide climate vision to reach zero net greenhouse gas emissions by 2050 and to prepare for likely climate change impacts. The only minor omission is the explicit action verb 'Adopt' and citation to Resolution 31312, but the substantive commitment is accurately captured without contradiction."
Seattle_US,104,2,"Conduct a citywide assessment of impacts of temperature, precipitation, and sea level rise on City infrastructure/operations/facilities/services, including human health, with attention to vulnerable communities (by 2015).",Adaptation,sub,"The City will monitor implementation of 2015 and 2030 actions annually, track outcome indicators every other year, and report local community greenhouse gas inventories every three years.",Mitigation,individual,-1,0.5868,False,False,False,"The extracted policy does not match the ground-truth policy. Ground truth is a specific adaptation commitment to conduct a citywide assessment of climate impacts (temperature, precipitation, sea level rise) on infrastructure, operations, facilities, services, and human health, with attention to vulnerable communities, by 2015. The extracted policy instead describes monitoring and reporting schedules for implementation actions, outcome indicators, and greenhouse gas inventories. This is a different topic, mechanism, and scope, with no meaningful overlap."
Seattle_US,1,3,"Renew and extend the time frame of the Bridging the Gap levy and prioritize investments in transit, pedestrian, and bicycling improvements and system maintenance.",Mitigation,sub,"The City will renew and extend the Bridging the Gap levy and prioritize investments in transit, pedestrian, cycling improvements, and system maintenance.",Resource Efficiency,individual,1,0.8672,True,False,False,"The extracted policy matches the ground-truth closely in scope, commitment, and mechanism. It preserves the core action to renew and extend the Bridging the Gap levy and to prioritize investments in transit, pedestrian, bicycling/cycling improvements, and system maintenance. The wording is essentially equivalent, with only a minor paraphrase ('bicycling' to 'cycling') and no loss of specificity or commitment strength."
Seattle_US,2,4,Secure local or transit agency authority to levy a motor vehicle excise tax (MVET) at the City or County level.,Mitigation,sub,The City will seek authority to levy a motor vehicle excise tax at the City or County level.,Resource Efficiency,individual,1,0.8027,True,False,False,"The extracted policy closely matches the ground-truth in scope and commitment: both describe securing/seeking authority to levy a motor vehicle excise tax at the City or County level. Although the extracted version omits the explicit mention of 'local or transit agency' authority, it preserves the core action, tax instrument, and jurisdictional level without adding contradictory detail. With no source excerpt provided, there is no basis to identify inaccuracy."
Seattle_US,3,5,"Work with regional and state partners to adopt a transportation funding strategy, including mechanisms such as a city development authority, a tax on unpaid off-street parking in commercial areas, and comprehensive congestion pricing on limited access highways (and potentially arterials).",Mitigation,sub,The City will work with regional and state partners to adopt a funding strategy to meet current and future transportation needs.,Resource Efficiency,individual,0,0.7406,False,False,False,"The extracted policy matches the general intent of the ground-truth: working with regional and state partners to adopt a transportation funding strategy. However, it omits the key specificity that defines the policy in the ground-truth, including the proposed mechanisms (city development authority, tax on unpaid off-street parking in commercial areas, and comprehensive congestion pricing on limited access highways and possibly arterials). It also softens the policy by framing it broadly as meeting transportation needs rather than capturing the concrete funding instruments. With no source excerpt provided, this is directionally correct but too vague for a full match."
Seattle_US,5,6,Begin construction of 23rd Avenue priority bus corridor.,Mitigation,sub,The City will begin construction of the 23rd Avenue priority bus corridor.,Resource Efficiency,individual,1,0.9022,True,False,False,"The extracted policy matches the ground-truth exactly in scope and commitment: both state that construction of the 23rd Avenue priority bus corridor will begin. It preserves the specific corridor and the action to begin construction, with no added or conflicting details."
Seattle_US,6,7,Complete the preliminary engineering and environmental analysis for the Center City Transit Connector.,Mitigation,sub,The City will complete preliminary engineering and environmental analysis for the Center City Transit Connector.,Resource Efficiency,individual,1,0.9386,True,False,False,"The extracted policy matches the ground-truth exactly in scope and commitment: both state completion of the preliminary engineering and environmental analysis for the Center City Transit Connector. No source excerpt is provided to assess further, but relative to the ground truth this is a precise match with no missing target, deadline, or mechanism from the reference statement."
Seattle_US,7,8,Develop a Freight Master Plan with goals to make freight movement more efficient and reduce its impact on greenhouse gas emissions.,Mitigation,sub,The City will develop a Freight Master Plan to make freight movement more efficient and reduce its impact on greenhouse gas emissions.,Mitigation,individual,1,0.8589,True,False,True,"The extracted policy matches the ground-truth closely in scope, commitment, and mechanism. It includes the core action ('develop a Freight Master Plan') and the intended outcomes ('make freight movement more efficient' and 'reduce its impact on greenhouse gas emissions'). Although no quantified targets or deadlines are present, none are present in the ground truth either, so this is still a specific and accurate match rather than a vague paraphrase."
Singapore_SG,0,1,"Strategy package: Improve energy and carbon efficiency across industry, buildings, households, transport, water and waste sectors.",Mitigation,parent,"Singapore will continue to improve energy efficiency across industry, transport, buildings, households, waste, and water sectors through awareness-building, enhanced regulations, capability building, and government support.",Resource Efficiency,individual,0,0.6077,False,False,False,"The extracted policy is directionally aligned with the ground-truth: both cover improving energy efficiency across the same broad sectors (industry, buildings, households, transport, water, and waste). It also adds plausible mechanisms like awareness-building, regulations, capability building, and government support. However, compared with the ground-truth, it omits the carbon-efficiency component and therefore does not fully match the strategy package scope. With no source excerpt provided to verify the added mechanisms or commitment language, this is best graded as an imprecise but generally correct match rather than a full match."
Singapore_SG,16,5,Singapore pledged to reduce emissions by 16% from business-as-usual levels by 2020.,Mitigation,individual,Singapore pledged to reduce emissions by 16 per cent from business-as-usual levels by 2020.,Mitigation,individual,1,0.9968,True,True,True,"The extracted policy exactly matches the ground-truth policy in target (16% reduction), baseline (business-as-usual levels), deadline (by 2020), and commitment framing ('pledged'). There are no missing or contradictory details."
Singapore_SG,15,6,Singapore pledged to reduce emissions intensity by 36% from 2005 levels by 2030 and stabilise emissions with the aim of peaking around 2030.,Mitigation,individual,Singapore pledged to reduce emissions intensity by 36 per cent from 2005 levels by 2030 and stabilise emissions with the aim of peaking around 2030.,Mitigation,individual,1,0.9984,True,True,True,"The extracted policy matches the ground-truth exactly in target, baseline, deadline, and accompanying peaking/stabilisation aim. It preserves the same commitment strength ('pledged' and 'with the aim of peaking around 2030') and includes the key quantified detail of a 36% emissions-intensity reduction from 2005 levels by 2030."
Singapore_SG,1,9,Increase industrial energy efficiency.,Mitigation,sub,"Singapore will improve industrial energy efficiency, reduce non-CO2 greenhouse gases from industrial processes, and adopt cleaner fuels.",Mitigation,individual,0,0.6193,False,False,True,"The extracted policy partially matches the ground-truth by including a commitment to improve industrial energy efficiency. However, it adds additional elements not present in the ground-truth ('reduce non-CO2 greenhouse gases' and 'adopt cleaner fuels'), and neither the ground-truth nor the extraction includes specific targets, deadlines, or mechanisms. With no source excerpt to verify wording or scope, this is directionally correct but imprecise rather than a clean match."
Singapore_SG,4,10,Achieve BCA Green Mark standards for 80% of buildings by 2030.,Mitigation,sub,"Singapore will achieve BCA Green Mark standards for 80 per cent of buildings by 2030, improve energy efficiency of building tenants, and improve energy efficiency of data centres.",Resource Efficiency,individual,1,0.7592,True,False,False,"The extracted policy fully captures the ground-truth commitment: achieving BCA Green Mark standards for 80% of buildings by 2030. It matches the quantified target, deadline, and commitment strength. The additional mentions of improving energy efficiency of building tenants and data centres go beyond the ground-truth but do not contradict it."
Singapore_SG,7,11,Raise Minimum Energy Performance Standards (MEPS) for household appliances and introduce MEPS for more appliances.,Resource Efficiency,sub,"Singapore will raise Minimum Energy Performance Standards for household appliances, introduce MEPS for more appliances, encourage adoption of efficient appliance models, and introduce smart home technology.",Resource Efficiency,individual,0,0.7665,False,False,True,"The extraction correctly captures the core policy to raise MEPS for household appliances and extend MEPS to more appliances, matching the ground-truth on scope and mechanism. However, it adds unsupported elements ('encourage adoption of efficient appliance models' and 'introduce smart home technology') that are not in the ground-truth, and no source excerpt is available to verify them. Because the main commitment is right but the extraction includes extra unverified content, this is directionally correct but imprecise rather than an exact match."
Singapore_SG,10,12,Achieve 75% use of public transport by 2030.,Mitigation,sub,"Singapore will achieve 75 per cent use of public transport by 2030, encourage cycling and walking, and improve vehicle fuel efficiency.",Resource Efficiency,individual,1,0.7336,True,False,False,The extracted policy correctly captures the core quantified target and deadline from the ground truth: achieving 75% use of public transport by 2030. The added mentions of encouraging cycling and walking and improving vehicle fuel efficiency do not contradict the ground-truth policy; they are extra context. The main commitment is stated with matching specificity and strength.
Singapore_SG,13,13,Reduce plastics incineration.,Mitigation,sub,Singapore will reduce plastics incineration and improve energy efficiency in desalination and used water treatment.,Resource Efficiency,individual,0,0.5629,False,False,False,"The extracted policy includes the ground-truth commitment to reduce plastics incineration, so it is directionally correct. However, no source excerpt is provided to verify exact wording or strength, and the extraction adds an additional policy on energy efficiency in desalination and used water treatment that is not part of the ground-truth. It matches in broad scope but is less precise as a standalone match."
Singapore_SG,2,15,Reduce non-CO2 GHGs from industrial processes.,Mitigation,sub,"Singapore will improve industrial energy efficiency, reduce non-CO2 greenhouse gases from industrial processes, and adopt cleaner fuels in industry.",Mitigation,individual,0,0.5623,False,False,True,"The extracted policy includes the core element from the ground truth: reducing non-CO2 greenhouse gases from industrial processes. However, it adds additional commitments not present in the ground truth ('improve industrial energy efficiency' and 'adopt cleaner fuels in industry'), and without the source excerpt there is no basis to verify those additions. The match on the relevant clause is correct, but the overall extraction is broader and less precise than the ground-truth policy."
Singapore_SG,20,16,Singapore will quadruple sheltered walkways from 56 km to 200 km by 2018; expand cycling paths to more than 700 km by 2030; and require private developers (from July 2016) to consider pedestrians’ and cyclists’ needs in development plans.,Mitigation,individual,"Singapore will achieve BCA Green Mark standards for 80 per cent of buildings by 2030, improve energy efficiency of building tenants, and improve energy efficiency of data centres.",Resource Efficiency,individual,-1,0.5544,False,True,False,"The extracted policy does not match the ground-truth policy. The ground truth is about active mobility and urban transport infrastructure: quadrupling sheltered walkways to 200 km by 2018, expanding cycling paths to over 700 km by 2030, and requiring private developers from July 2016 to consider pedestrians’ and cyclists’ needs. The extracted policy instead discusses BCA Green Mark building standards, tenant energy efficiency, and data centres, which is a different policy area entirely. With no source excerpt provided to support the extraction, this is a clear mismatch."
Singapore_SG,14,19,Improve energy efficiency in desalination and used water treatment.,Mitigation,sub,Singapore will reduce plastics incineration and improve energy efficiency in desalination and used water treatment.,Resource Efficiency,individual,0,0.655,False,False,False,"The extracted policy includes the ground-truth commitment to improve energy efficiency in desalination and used water treatment, matching the core scope. However, it adds an extra commitment on reducing plastics incineration that is not part of the ground-truth. With no source excerpt provided to verify whether that addition is supported, the match is directionally correct but not exact, so it is best graded as partial rather than full."
Singapore_SG,3,30,Adopt cleaner fuels in industry.,Mitigation,sub,Singapore will study policy options to facilitate the switch from fuel oil to cleaner fuels such as natural gas in industry.,Mitigation,individual,0,0.5835,False,False,True,"The extracted policy is directionally aligned with the ground truth because it concerns shifting industry from fuel oil to cleaner fuels such as natural gas. However, it weakens the commitment: the ground-truth says to 'adopt cleaner fuels in industry,' while the extraction says Singapore 'will study policy options to facilitate' the switch, which is more tentative and procedural rather than an adoption commitment. No quantified targets, deadlines, or concrete mechanisms are provided. With no source excerpt available to verify exact wording, this is best graded as an imprecise but related match."
Singapore_SG,5,32,Improve energy efficiency of building tenants.,Mitigation,sub,BCA will step up efforts to encourage retrofitting of tenanted spaces with energy-efficient fittings and support zero-capital energy efficiency retrofits for buildings.,Resource Efficiency,individual,0,0.611,False,False,False,"The extracted policy is directionally aligned with the ground-truth because it concerns improving energy efficiency in tenant/tenanted building spaces. However, it is more specific about retrofitting tenanted spaces and zero-capital retrofit support, while the ground-truth is broader ('Improve energy efficiency of building tenants'). Without the source excerpt, this cannot be confirmed as an exact match in scope or commitment. The intent matches, but the extraction adds mechanisms not present in the ground truth, so this is a partial rather than exact match."
Singapore_SG,6,34,Improve energy efficiency of data centres.,Resource Efficiency,sub,"IDA will implement initiatives to encourage energy efficiency in the design, operation, and management of data centres, including standards, Green Mark certification, investment allowances, and the Green Data Centre Programme.",Resource Efficiency,individual,1,0.6535,True,False,True,"The extracted policy matches the ground-truth policy in scope and mechanism: both are about improving energy efficiency of data centres. The extraction is more specific, adding implementation details such as standards, Green Mark certification, investment allowances, and the Green Data Centre Programme, which are all consistent with the stated objective rather than contradictory. Although no source excerpt is provided to verify exact wording or binding strength, the extracted policy accurately captures and elaborates the core commitment."
Singapore_SG,8,40,Encourage adoption of efficient appliance models.,Mitigation,sub,NEA will consider including other appliances under the Mandatory Energy Labelling Scheme in the future and will continue public campaigns to promote energy-efficient appliances.,Resource Efficiency,individual,0,0.623,False,False,False,"The extracted policy is directionally aligned with the ground-truth because it concerns promoting/adopting energy-efficient appliances. However, it is more specific to a possible future expansion of the Mandatory Energy Labelling Scheme and public campaigns, while using weak commitment language ('will consider'). This only partially matches the broad ground-truth policy to encourage adoption of efficient appliance models, and no source excerpt is provided to verify exact wording or strength."
Singapore_SG,17,44,NEA aims to increase Singapore’s overall recycling rate from 61% (2015) to 70% in 2030.,Mitigation,individual,NEA aims to increase the overall recycling rate from 61 per cent in 2015 to 70 per cent in 2030.,Resource Efficiency,individual,1,0.8915,True,True,False,"The extracted policy matches the ground-truth exactly in target, baseline, and deadline: increasing the overall recycling rate from 61% in 2015 to 70% in 2030. Although it omits 'Singapore’s,' there is no substantive change in scope given the NEA context. Commitment strength ('aims to increase') is also consistent."
Singapore_SG,18,52,Singapore plans to raise solar power adoption to 350 MWp by 2020 (about 5% of peak electricity demand).,Mitigation,individual,"Singapore will raise solar adoption in its system to 350MWp by 2020 and support the SolarNova programme through deployment, R&D, policy enhancements, and engagement.",Mitigation,individual,1,0.8071,True,True,True,"The extracted policy matches the ground-truth on the core quantified target and deadline: raising solar adoption to 350 MWp by 2020. This preserves the main commitment with similar strength ('will raise' vs 'plans to raise'). The additional mention of supporting SolarNova through deployment, R&D, policy enhancements, and engagement adds implementation detail rather than contradicting the ground truth. It omits the explanatory note that 350 MWp is about 5% of peak electricity demand, but the core scope, target, and timing are captured accurately."
Stockholm_SE,27,0,Halve consumption-based greenhouse gas emissions in Stockholm by 2030 compared with 2019 (from 10.7 to 5.4 tonnes CO2e per resident).,Mitigation,individual,"The City of Stockholm will work to achieve a just, inclusive climate transition by enhancing resident participation, supporting climate-related jobs and skills, and strengthening local collaboration on climate action.",Mitigation,parent,-1,0.6285,False,False,True,"The extracted policy does not match the ground-truth policy. The ground truth is a specific quantified mitigation target: halving consumption-based greenhouse gas emissions in Stockholm by 2030 relative to 2019, including baseline and target values per resident. The extracted policy instead describes broad social/process-oriented actions about a just and inclusive climate transition, participation, jobs, skills, and collaboration. It omits the emissions-reduction commitment, the 2030 deadline, the 2019 baseline, and the quantified target, so there is no meaningful match."
Stockholm_SE,16,2,"Develop and conduct climate analyses at different stages of the planning and development process, from comprehensive planning to detailed planning (2025–2030).",Adaptation,sub,Further develop social value-creating analysis with a climate-smart and development-project focus.,Mitigation,sub,0,0.6208,False,True,False,"The extracted policy is directionally related to integrating climate-oriented analysis into development projects, which partially overlaps with the ground-truth commitment to conduct climate analyses throughout planning and development stages. However, it misses key specifics: the full scope across planning stages (from comprehensive to detailed planning), the explicit action to both develop and conduct analyses, and the 2025–2030 timeframe. It also changes the framing to 'social value-creating analysis,' which makes the match less precise."
Stockholm_SE,3,3,Develop labour market and education initiatives to meet the climate transition’s skills supply needs (2024–2030).,Adaptation,sub,Develop labour market and education initiatives to meet the skills needs created by the climate transition.,Mitigation,sub,0,0.9321,False,True,False,"The extracted policy matches the core intent and scope of the ground-truth: developing labour market and education initiatives to address skills needs arising from the climate transition. However, it omits the explicit 2024–2030 timeframe, reducing specificity. With no source excerpt provided, there is no basis to assess stronger commitment language beyond this omission. Directionally correct but less specific than the ground-truth."
Stockholm_SE,4,6,"Develop local arenas for collaboration where municipality, business and civil society collaborate to improve health and reduce climate impact (2024–2030).",Mitigation,sub,"Develop local arenas for collaboration where the municipality, business and civil society work together to improve health and reduce climate impact.",Mitigation,sub,0,0.9415,False,True,True,"The extracted policy matches the core action and actors in the ground-truth: developing local collaboration arenas among municipality, business, and civil society to improve health and reduce climate impact. However, it omits the specific timeframe (2024–2030), which is a key detail affecting specificity. Commitment strength appears similar, but without the deadline it is less precise than the ground-truth."
Stockholm_SE,5,9,"Create extended opportunities for Stockholmers to rent, repair, exchange, share, borrow or give instead of buying new (2024–2026).",Mitigation,sub,"Create extended opportunities for Stockholmers to rent, repair, exchange, share, borrow or give instead of buying new.",Resource Efficiency,sub,1,0.9285,True,True,False,"The extracted policy matches the ground-truth core commitment and mechanism exactly: expanding opportunities to rent, repair, exchange, share, borrow, or give instead of buying new. The only omission is the timeframe '(2024–2026)'. Because the substantive policy content is otherwise identical and there is no contradiction or hallucination, this is a strong match."
Stockholm_SE,22,12,Implement and establish systematic work to reduce the climate impact of food and meals in City operations (2024–2026).,Mitigation,sub,"Develop the City as a pioneer in climate-smart food in catering, purchasing and entertainment.",Mitigation,sub,0,0.7102,False,True,True,"The extracted policy is directionally related to reducing climate impact from food in City activities, but it does not match the ground-truth with sufficient specificity or commitment. It omits the concrete implementation period (2024–2026), the operational scope of 'food and meals in City operations,' and the stronger delivery mechanism of 'implement and establish systematic work to reduce the climate impact.' Instead, it uses broader, more aspirational language ('develop the City as a pioneer in climate-smart food') and introduces areas like 'entertainment' that are not present in the ground-truth. With no source excerpt provided to verify wording, this is best graded as an imprecise but related match."
Stockholm_SE,6,13,Collaborate with civil society and business to reduce plastics use and increase reuse and recycling of plastics (2024–2030).,Mitigation,sub,Collaborate with civil society and business to reduce plastic use and increase reuse and recycling of plastics.,Resource Efficiency,sub,0,0.9042,False,True,False,"The extracted policy matches the core action and actors in the ground-truth: collaboration with civil society and business to reduce plastic(s) use and increase reuse and recycling. However, it omits the explicit 2024–2030 timeframe, which is a key specificity element. With no source excerpt provided to verify stronger commitment language, this is directionally correct but less specific than the ground-truth."
Stockholm_SE,25,15,"Limit emissions within Stockholm’s geographical area to a maximum of 0.6 tonnes CO2e per resident by 2030 and ensure negative emissions are greater than remaining emissions, as part of being climate-positive by 2030 and fossil-free by 2040.",Mitigation,individual,"The City of Stockholm will develop a climate-positive energy system through renewable electricity, district heating, carbon capture and storage, and more efficient energy use.",Mitigation,parent,0,0.7059,False,False,True,"The extracted policy is directionally related to Stockholm’s climate-positive agenda, but it misses the core quantified commitment and deadlines in the ground truth. It does not mention the specific target of limiting emissions to 0.6 tonnes CO2e per resident by 2030, the requirement that negative emissions exceed remaining emissions, or the fossil-free by 2040 commitment. It instead lists possible delivery mechanisms for an energy system, which is only a partial and less specific match."
Stockholm_SE,7,16,Strive to strengthen the electricity grid in Stockholm where expansion is needed and coordinate planning between grid companies and the City (2024–2030).,Mitigation,sub,Strengthen the electricity grid in Stockholm and coordinate planning between grid companies and the City.,Mitigation,sub,0,0.8955,False,True,True,"The extracted policy matches the general intent of the ground-truth: strengthening Stockholm’s electricity grid and coordinating planning between grid companies and the City. However, it omits important specificity from the ground-truth, namely the qualifier 'where expansion is needed' and the timeframe '(2024–2030)'. It also drops the softer commitment language 'Strive to,' which slightly changes commitment strength. Directionally correct but less precise."
Stockholm_SE,8,17,Install solar panels on existing and new City-managed buildings based on a cost-efficiency principle (2024–2030).,Mitigation,sub,Install solar panels on existing and new City-managed buildings where cost-effective.,Mitigation,sub,1,0.8792,True,True,True,"The extracted policy matches the ground-truth policy in scope and mechanism: installing solar panels on both existing and new City-managed buildings, conditioned on cost-efficiency/cost-effectiveness. Although it omits the explicit 2024–2030 timeframe, the core commitment and delivery principle are accurately captured, and there is no contradiction or hallucination."
Stockholm_SE,31,20,Cease all firing using fossil oil by 2025.,Mitigation,individual,Phase out fossil oil by converting to bio-oil and developing surplus-heat recovery and low-temperature systems.,Mitigation,sub,0,0.6387,False,False,True,"The extracted policy is directionally aligned with reducing/eliminating fossil oil use and includes plausible mechanisms (conversion to bio-oil, surplus-heat recovery, low-temperature systems). However, it misses the key specificity and commitment in the ground truth: there is no explicit requirement to cease all firing using fossil oil, and the 2025 deadline is omitted. Without the quantified scope ('all firing') and deadline, the match is only partial."
Stockholm_SE,9,21,"Commission the RUS (Resource Extraction Stockholm) facility in Högdalen for sorting food waste, plastic and metal (2024).",Mitigation,sub,"Commission a RUS facility in Högdalen for sorting food waste, plastic and metal.",Resource Efficiency,sub,0,0.922,False,True,False,"The extracted policy matches the core action, location, and sorting scope in the ground-truth: commissioning a RUS facility in Högdalen for food waste, plastic, and metal. However, it omits the specific deadline/year '(2024)', reducing specificity. With no source excerpt provided, there is no basis to verify binding language beyond this match. Directionally correct but missing a key detail."
Stockholm_SE,24,22,Establish systematic work to reduce plastic consumables use and increase sorting of operational waste (including plastic packaging) in City operations (2024–2030).,Mitigation,sub,Investigate measures to continuously optimise plastic sorting at the RUS facility in Högdalen.,Resource Efficiency,sub,-1,0.5998,False,True,False,"The extracted policy does not meaningfully match the ground-truth. The ground-truth is a citywide operational commitment for 2024–2030 to both reduce plastic consumables use and increase sorting of operational waste, including plastic packaging. The extracted policy is narrower and different in scope: it only proposes investigating measures for plastic sorting at a specific facility (RUS in Högdalen), omits the reduction of plastic consumables, omits the broader operational waste context, and lacks the stated 2024–2030 timeframe and systematic city-operations focus."
Stockholm_SE,11,24,"Investigate CCS/CCU from energy recovery through waste incineration and, if necessary and appropriate, introduce CCS/CCU in collaboration with other municipalities (2024–2030).",Mitigation,sub,"Investigate how waste heat and surplus heat can be utilised at building, district and regional levels.",Resource Efficiency,sub,-1,0.5684,False,True,False,"The extracted policy does not match the ground-truth policy. The ground truth is specifically about investigating CCS/CCU linked to energy recovery from waste incineration, with possible introduction in collaboration with other municipalities during 2024–2030. The extracted policy instead concerns utilization of waste heat and surplus heat at building, district, and regional levels. This is a different topic, with no CCS/CCU, no waste incineration focus, no collaboration element, and no timeframe."
Stockholm_SE,10,25,Build and commission a bio-CCS (BECCS) plant in Värtan (2027).,Mitigation,sub,Build and commission a bio-CCS plant in Värtan.,Mitigation,sub,0,0.9296,False,True,True,"The extracted policy matches the core action and location in the ground truth: building and commissioning a bio-CCS (BECCS) plant in Värtan. However, it omits the specific deadline/year '(2027)', which is a key element of specificity. With no source excerpt provided to verify wording or commitment strength, this is directionally correct but incomplete rather than a full match."
Tokyo_JP,0,0,"TMG will promote structural and non-structural measures for natural disasters using state-of-the-art technologies and urban facility development, and further improve initiatives to cope with larger typhoons and more frequent heavy rains.",Adaptation,parent,"TMG will promote the development of rivers, sewerage systems, and coastal conservation facilities to reduce flood, inland flood, storm surge, and landslide risks from intensified heavy rains and typhoons.",Adaptation,parent,0,0.8404,False,True,True,"The extracted policy is directionally aligned with the ground-truth on disaster adaptation to heavier rains and typhoons and mentions concrete urban/facility measures. However, it narrows the scope to specific infrastructure (rivers, sewerage, coastal facilities) and hazard types, while omitting the ground-truth's broader commitment to both structural and non-structural measures, use of state-of-the-art technologies, and the general aim to further improve initiatives for larger typhoons and more frequent heavy rains. With no source excerpt provided, this is best graded as partially correct but less complete and specific to the reference policy rather than a full match."
Tokyo_JP,1,1,"TMG will develop regulating reservoirs (including extending the Wide-Area Regulating Reservoir under Loop Road No. 7 as an underground river), improve river discharge capacity in the Tama area, and implement preventive river maintenance using ICT/AI for inspections.",Adaptation,sub,"TMG will promote the development of regulating reservoirs, including the Wide-Area Regulating Reservoir under Loop Road No. 7, and study operationalizing new regulating reservoirs and extending the reservoir by making it an underground river.",Adaptation,sub,0,0.8671,False,True,True,"The extracted policy is directionally aligned on developing regulating reservoirs and references the Wide-Area Regulating Reservoir under Loop Road No. 7, including extension as an underground river. However, it misses major parts of the ground-truth policy: improving river discharge capacity in the Tama area and implementing preventive river maintenance using ICT/AI for inspections. It also weakens the commitment by saying 'promote' and 'study operationalizing' rather than clearly stating TMG will develop and implement these measures. Because only part of the policy is captured and important mechanisms are omitted, this is an imprecise partial match."
Tokyo_JP,46,2,TMG will improve water supply stability by doubling water conveyance facilities.,Adaptation,sub,TMG will improve river discharge capacity in the Tama area damaged by Typhoon Hagibis through local improvements.,Adaptation,sub,-1,0.6346,False,True,True,"The extracted policy does not match the ground-truth policy. Ground truth is about improving water supply stability by doubling water conveyance facilities, which includes a specific scale of commitment ('doubling') and a water supply mechanism. The extracted policy instead refers to improving river discharge capacity in the Tama area after Typhoon Hagibis through local improvements, which is a different objective, geography-specific flood-control measure, and lacks the core quantified commitment. This is a different policy rather than an imprecise restatement."
Tokyo_JP,48,3,"TMG will improve purification plant operations by considering new purification technologies, reducing environmental load, and introducing ICT and other latest technologies.",Resource Efficiency,sub,TMG will maintain rivers preventively and introduce ICT/AI to make inspections more efficient and sophisticated.,Adaptation,sub,-1,0.6415,False,True,False,"The extracted policy does not match the ground-truth policy. The ground-truth is about improving purification plant operations through consideration of new purification technologies, reducing environmental load, and introducing ICT/latest technologies. The extracted policy instead focuses on preventive river maintenance and ICT/AI for inspections, which is a different scope and delivery mechanism. While both mention ICT, the core commitment and sector are not aligned."
Tokyo_JP,2,4,"TMG will develop sewerage trunk lines and storage to handle 75 mm/hour rainfall in high-risk areas, verify sewerage capacity via runoff simulation for 75 mm/hour rainfall, and strengthen countermeasures in newly identified high-risk districts.",Adaptation,sub,"TMG will develop large trunk sewer lines and storage facilities for areas expected to experience severe inundation, and verify sewer capacity using runoff analysis simulation technology.",Adaptation,sub,0,0.8899,False,True,True,"The extracted policy matches the general direction and mechanism of the ground-truth: developing trunk sewer lines and storage facilities in high-risk/inundation-prone areas and verifying sewer capacity through runoff simulation. However, it omits key specifics that make the ground-truth stronger and more precise, including the quantified standard of 75 mm/hour rainfall, the focus on newly identified high-risk districts, and the commitment to strengthen countermeasures there. It is therefore directionally correct but lacks important target and scope details."
Tokyo_JP,3,5,"TMG will set non-binding rainwater runoff control targets (equivalent to 10 mm/hour rainfall) for municipalities, post progress information, consider expanding subsidized prioritized basins, conduct model projects with municipalities, and promote greening to reduce flood damage.",Adaptation,sub,"TMG will set non-binding targets for municipalities to control rainwater runoff equivalent to 10 mm/hour, subsidize prioritized basins, run model projects, and promote greenery that reduces flood damage.",Adaptation,sub,1,0.9672,True,True,True,"The extracted policy matches the ground-truth closely on scope, target, and mechanisms. It correctly captures the non-binding municipal runoff control targets at the specific level of 10 mm/hour, model projects, and greening to reduce flood damage. It also reflects support for prioritized basins via subsidies, which is directionally consistent with 'consider expanding subsidized prioritized basins.' Although it omits the details about posting progress information and the softer commitment 'consider expanding,' the core commitment and specificity are preserved without contradiction."
Tokyo_JP,4,6,TMG will use digital technology to improve disaster preparedness functions of agricultural canal reservoirs and intake gates.,Adaptation,sub,TMG will use digital technology to improve the disaster preparedness function of reservoirs and intake gates of agricultural canals.,Adaptation,sub,1,0.9869,True,True,True,"The extracted policy matches the ground-truth closely in scope, commitment, and mechanism. It preserves the core commitment ('will use'), the delivery mechanism ('digital technology'), and the infrastructure focus (agricultural canal reservoirs and intake gates). The wording difference ('function' vs 'functions' and reordering of 'agricultural canals') does not change meaning. No source excerpt is provided to check against, but relative to the ground-truth this is a precise match."
Tokyo_JP,5,7,"TMG will develop storm surge protection facilities for the eastern lowlands, formulate the next Port of Tokyo Coastal Conservation Facilities Development Plan, develop coastal conservation facilities considering climate impacts, and enable remote floodgate operations and monitoring.",Adaptation,sub,"TMG will develop storm surge protection facilities, formulate the next coastal conservation facilities plan, and remotely operate floodgates and monitoring systems for emergencies.",Adaptation,sub,1,0.8542,True,True,True,"The extracted policy closely matches the ground-truth in scope and mechanisms. It captures the core commitments to develop storm surge protection facilities, formulate the next coastal conservation facilities plan, and enable remote operation/monitoring of floodgates. Although it omits some specificity such as 'for the eastern lowlands,' 'Port of Tokyo,' and explicit reference to developing coastal conservation facilities considering climate impacts, the main commitments are accurately represented without contradiction. This is a strong match overall."
Tokyo_JP,6,8,"TMG will construct coastal conservation facilities (e.g., detached breakwaters) on islands to protect coastal villages from high tidal waves caused by typhoons and other disasters.",Adaptation,sub,TMG will construct coastal conservation facilities such as detached breakwaters on the islands to protect coastal villages from high tidal waves caused by typhoons and other disasters.,Adaptation,sub,1,0.9913,True,True,True,"The extracted policy matches the ground-truth almost exactly in scope, mechanism, and purpose: TMG will construct coastal conservation facilities, specifically including detached breakwaters, on islands to protect coastal villages from high tidal waves caused by typhoons and other disasters. There is no loss of specificity or change in commitment strength."
Tokyo_JP,7,9,TMG will promote removal of utility poles and strengthen support for municipality roads under the Strategy for Accelerating the Removal of Utility Poles.,Adaptation,sub,"TMG will promote the removal of utility poles to prevent collapse during earthquakes, storms, and flooding and to facilitate disaster response.",Adaptation,sub,0,0.8123,False,True,True,"The extracted policy matches the core action of promoting the removal of utility poles, which aligns with the ground truth. However, it omits the specific implementation context and mechanism: strengthening support for municipality roads under the Strategy for Accelerating the Removal of Utility Poles. It adds a plausible rationale (disaster prevention/response) but lacks the policy framework and support element present in the ground truth, so it is directionally correct but less specific."
Tokyo_JP,8,10,"TMG will build redundancy in roads/bridges for disasters by building a highway network, constructing new bridges (including along borders with Chiba), improving access roads to the Tachikawa Wide-Area Disaster Management Base, and upgrading emergency transport routes (bridges, alternative routes, widening).",Adaptation,sub,"TMG will build a highway network, construct new bridges, improve access to the Tachikawa Wide-Area Disaster Management Base, and widen or replace roads and bridges to maintain rescue and evacuation routes during disasters.",Adaptation,sub,1,0.9423,True,True,True,"The extracted policy closely matches the ground-truth in scope, commitment, and mechanisms. It captures the core disaster-resilience transport commitment: building a highway network, constructing new bridges, improving access to the Tachikawa Wide-Area Disaster Management Base, and upgrading roads/bridges to maintain emergency routes. The phrasing 'widen or replace roads and bridges to maintain rescue and evacuation routes during disasters' accurately reflects the ground-truth's upgrading of emergency transport routes through bridge improvements, alternative routes, and widening. Minor omissions such as the explicit mention of border bridges with Chiba and alternative routes do not materially change the policy substance. With no source excerpt provided to test against, this is a strong match to the reference policy."
Tokyo_JP,9,11,TMG will diagnose and systematically renew roadside trees in areas with many fallen trees to strengthen their disaster preparedness function.,Adaptation,sub,TMG will diagnose roadside trees in typhoon-prone areas and renew them systematically to strengthen their disaster preparedness function.,Adaptation,sub,1,0.951,True,True,True,"The extracted policy closely matches the ground truth in scope, mechanism, and intent. It preserves the core commitment to diagnose and systematically renew roadside trees in order to strengthen disaster preparedness. The only minor variation is 'typhoon-prone areas' versus 'areas with many fallen trees,' but both describe targeted areas related to storm/tree-fall risk and do not materially change the policy. No key targets, deadlines, or binding details are present in either version, so specificity is matched."
Tokyo_JP,10,12,"TMG will improve stability of water supply by doubling water conveyance facilities, building wide-area transmission pipe networks with a dual system, and burying pipelines that cross rivers.",Adaptation,sub,"TMG will double water conveyance facilities, build wide-area transmission pipe networks, create a dual transmission system, and bury cross-river pipelines to improve water supply resilience.",Adaptation,sub,1,0.9472,True,True,True,"The extracted policy closely matches the ground-truth in scope, mechanism, and specificity. It captures all core measures: doubling water conveyance facilities, building wide-area transmission pipe networks, establishing a dual system, and burying pipelines crossing rivers. The slight wording shift from 'improve stability of water supply' to 'improve water supply resilience' does not materially change the meaning. No key target or mechanism is omitted or contradicted."
Tokyo_JP,11,13,TMG will add and strengthen flood control measures for the Toei Subway based on newly announced expected inundation areas and examine measures for early restoration from large-scale floods.,Adaptation,sub,TMG will take additional flood-control measures for the Toei Subway and strengthen measures against inundation by examining more effective early-restoration measures for large-scale floods.,Adaptation,sub,1,0.9677,True,True,True,"The extracted policy closely matches the ground-truth in scope and mechanism. It correctly identifies the Toei Subway, additional/strengthened flood-control measures, and examination of early-restoration measures for large-scale floods. Although it omits the specific qualifier 'based on newly announced expected inundation areas' and slightly rephrases the structure, the core commitment and delivery mechanism are preserved without contradiction."
Tokyo_JP,13,14,TMG will elevate Shinozaki Park to secure evacuation routes to the Edogawa Levee.,Adaptation,sub,"TMG will promote urban development with elevation, elevate Shinozaki Park, and support municipalities assessing retaining-wall risks to prevent flood and slope damage.",Adaptation,sub,0,0.7626,False,True,True,"The extracted policy includes the core element of the ground truth—elevating Shinozaki Park—but it broadens the scope with additional measures (promoting urban development with elevation and supporting municipal retaining-wall risk assessments) that are not part of the stated ground-truth policy. It also omits the specific purpose/mechanism that Shinozaki Park is to secure evacuation routes to the Edogawa Levee. Because the main action is directionally correct but the key delivery detail is missing and the scope is expanded, this is only a partial match."
Tokyo_JP,15,15,"TMG will prioritize erosion control work in landslide-prone areas with evacuation centers and where landslides have occurred, and manage slope protection facilities (e.g., ground anchors) with preventive maintenance; it will also manage forests for disaster preparedness and encourage relocation to safer areas via consolidated regional structure efforts.",Adaptation,sub,"TMG will prioritize erosion control work in landslide-prone areas with evacuation centers or past landslides, and manage slope protection facilities preventively.",Adaptation,sub,0,0.9567,False,True,True,"The extracted policy captures the main intent of prioritizing erosion control in landslide-prone areas associated with evacuation centers or past landslides, and it includes preventive management of slope protection facilities. However, it omits two substantive elements from the ground truth: forest management for disaster preparedness and encouragement of relocation to safer areas through consolidated regional structure efforts. Because the match is partial and missing important scope components, it is directionally correct but incomplete."
Tokyo_JP,47,16,"TMG will enhance water conservation forests through thinning/pruning and deer damage measures, purchase devastated private forests and restore with local governments, and use drones to manage and investigate forest conditions.",Nature-Based Solutions,sub,"TMG will improve forest benefits through thinning and pruning, reduce flood damage, conserve water resources, and develop disaster-resistant forests using drones and lasers.",Adaptation,sub,0,0.9001,False,True,False,"The extraction is directionally aligned with the ground truth on forest management: it captures thinning/pruning and use of drones for forest-related management. However, it misses key specifics and adds imprecise or unsupported elements. It omits deer damage measures, the purchase of devastated private forests, restoration with local governments, and the investigative/management role of drones. It also introduces 'lasers' and broader outcomes like reducing flood damage and disaster-resistant forests, which are not part of the ground-truth policy as stated. Because the general intent is similar but important mechanisms and commitments are missing or altered, the match is partial rather than exact."
Tokyo_JP,12,17,TMG will promote urban development with elevation in model districts to avoid catastrophic flood damage and continue coordination with the national government and wards.,Adaptation,sub,"TMG will promote regional consolidation, including local location optimization plans, and encourage relocation to safer areas in landslide-risk zones.",Adaptation,sub,-1,0.6675,False,True,True,"The extracted policy does not match the ground-truth policy. Ground truth is specifically about promoting urban development with elevation in model districts to avoid catastrophic flood damage, plus continuing coordination with the national government and wards. The extracted policy instead discusses regional consolidation, local location optimization plans, and relocation in landslide-risk zones. This changes the hazard focus (flood damage vs. landslide risk), the mechanism (elevated urban development in model districts vs. consolidation/relocation), and omits the coordination commitment. With no source excerpt to support equivalence, this is not a meaningful match."
Tokyo_JP,16,18,TMG will strengthen flood response by developing personal flood-disaster materials and equipment.,Adaptation,sub,TMG will strengthen flood response by developing personal materials and equipment for flood disasters.,Adaptation,sub,1,0.9864,True,True,True,"The extracted policy matches the ground-truth policy in scope, commitment, and mechanism. It preserves the core commitment ('will strengthen flood response') and the delivery mechanism ('developing ... materials and equipment') with only a minor wording change ('personal materials and equipment for flood disasters' vs. 'personal flood-disaster materials and equipment') that does not alter meaning. No source excerpt is provided to identify any contradiction or missing specificity beyond the ground truth."
Tokyo_JP,17,19,"TMG will promote self-consumed renewable generation (solar, storage batteries) and fuel cells for emergency power availability, and install emergency power supplies at TMG and municipal facilities and other important bases.",Adaptation,sub,"TMG will promote self-consumed renewable generation, storage batteries, fuel cells, and emergency power supplies at public and private facilities to ensure electricity during disasters.",Adaptation,sub,0,0.9358,False,True,True,"The extracted policy is directionally aligned with the ground truth: it includes promotion of self-consumed renewable generation, storage batteries, fuel cells, and emergency power supplies for disaster resilience. However, it is less specific and slightly overgeneralized. The ground truth distinguishes promoting self-consumed renewable generation and fuel cells, and separately installing emergency power supplies at TMG, municipal facilities, and other important bases. The extraction softens the installation commitment into a broader promotion at 'public and private facilities,' which changes the delivery mechanism and scope. Because the core intent is captured but key scope/mechanism details are imprecise, the best grade is 0."
Tokyo_JP,18,20,"TMG will promote the spread of ZEVs for disaster power supply (V2H/V2B), including installing public chargers and hydrogen stations and introducing portable V2L and V2H equipment.",Mitigation,sub,"TMG will promote zero-emission vehicles as moving storage batteries and install chargers, hydrogen stations, portable vehicle-to-load systems, and V2H equipment for disaster power supply.",Adaptation,sub,1,0.8765,True,True,False,"The extracted policy closely matches the ground-truth in scope, commitment, and mechanism. It captures promotion of ZEVs for disaster power supply, including installation of chargers and hydrogen stations and introduction of portable V2L and V2H equipment. The phrasing 'moving storage batteries' is consistent with the disaster-resilience/V2H-V2B intent, though V2B is not explicitly mentioned. Since the core commitment and delivery mechanisms are preserved with no material contradiction, this is a strong match."
Tokyo_JP,19,21,TMG will improve island resilience by installing solar generation and storage on islands and considering regional renewable energy sharing.,Mitigation,sub,TMG will improve island resilience by installing solar power generation equipment and storage batteries and by considering regional renewable energy sharing.,Adaptation,sub,1,0.9743,True,True,False,"The extracted policy matches the ground-truth closely in scope and mechanism. It preserves the core commitment to improve island resilience through installing solar generation and storage on islands and considering regional renewable energy sharing. The wording differences ('solar power generation equipment and storage batteries' vs. 'solar generation and storage') do not change the meaning. No quantified targets or deadlines are present in either version, so there is no loss of specificity relative to the ground truth."
Tokyo_JP,20,22,"TMG will raise awareness of disaster preparedness through targeted communications and tools (Trial Examination, booklet, app, My Timeline), distribute flood risk maps and VR content, continue drills for foreigners with plain Japanese, and provide condominium-focused information tools.",Adaptation,sub,"TMG will raise disaster preparedness awareness through examinations, apps, timelines, flood-risk maps, VR content, foreign-language outreach, and condominium guidance.",Adaptation,sub,1,0.9012,True,True,True,"The extracted policy matches the ground-truth closely in scope and mechanisms: it includes awareness-raising on disaster preparedness via examinations/tools, apps/timelines, flood-risk maps, VR content, outreach to foreigners, and condominium-focused guidance. While it is slightly less specific than the ground truth (omitting the booklet, plain Japanese nuance, and the continuation of drills), it preserves the core commitment and delivery mechanisms without introducing contradictions."
Tokyo_JP,37,23,"TMG will strengthen health adaptation by implementing preventive and ex-post measures to minimize heatstroke, infectious disease risks, and air-pollution health hazards.",Adaptation,parent,TMG will strengthen disaster preparedness education so children can anticipate and avoid danger and contribute to community safety.,Adaptation,sub,-1,0.6523,False,False,True,"The extracted policy does not match the ground-truth policy. The ground truth is about health adaptation measures addressing heatstroke, infectious diseases, and air-pollution health hazards through preventive and ex-post actions. The extracted policy instead focuses on disaster preparedness education for children and community safety, which is a different policy area and mechanism. With no source excerpt provided to support equivalence, this is a non-match."
Tokyo_JP,21,26,"TMG will strengthen evacuation support systems (including guidelines considering emerging infectious diseases and vulnerable groups), consider wide-area evacuation for large floods, expand shelter options including hotels/inns, update hazard maps, enhance flood measures for underground spaces, review/designate landslide-risk areas and support municipal alert/evacuation systems, and digitize disaster preparedness (digital signage, smart poles, open APIs).",Adaptation,sub,"TMG will consider wide-area evacuation measures for large-scale floods and coordinate the use of TMG facilities, hotels, and inns as shelters.",Adaptation,sub,0,0.8152,False,True,True,"The extracted policy partially matches the ground-truth by correctly capturing consideration of wide-area evacuation for large floods and expansion of shelter options to include hotels and inns. However, it omits most of the policy scope and mechanisms in the ground truth, including strengthening evacuation support systems and guidelines, support for vulnerable groups and infectious disease considerations, hazard map updates, underground flood measures, landslide-risk area review/designation, municipal alert/evacuation system support, and disaster-preparedness digitization. The added detail about coordinating TMG facilities is not grounded in the provided ground-truth text. With no source excerpt to verify stronger specificity or commitment language, this is directionally correct but substantially incomplete."
Tokyo_JP,49,27,TMG will reduce pollution loads by continuously improving combined sewer systems (including capturing initial stormwater and introducing separate sewer systems for some facilities/development districts).,Adaptation,sub,TMG will update hazard maps using flood and storm-surge inundation maps based on the heaviest possible rainfall or largest possible storm surge.,Adaptation,sub,-1,0.618,False,True,True,"The extracted policy does not match the ground-truth policy. The ground truth is about reducing pollution loads through continuous improvement of combined sewer systems, including first-flush stormwater capture and separate sewer systems for some facilities/development districts. The extracted policy instead concerns updating hazard maps for flood and storm-surge inundation. This is a different topic, mechanism, and objective, so there is no meaningful match."
Tokyo_JP,45,28,"TMG will ensure stable supply of high-quality tap water by reducing drought and raw water quality risks, improving sewer systems and treatment facilities, and continuing monitoring for water quality improvements.",Adaptation,parent,"TMG will strengthen flood prevention in underground spaces by coordinating managers of underground malls, subways, adjacent buildings, and district countermeasure plans.",Adaptation,sub,-1,0.6468,False,False,True,"The extracted policy does not match the ground-truth policy. The ground truth is about ensuring a stable supply of high-quality tap water through drought/raw water quality risk reduction, sewer and treatment facility improvements, and ongoing water quality monitoring. The extracted policy instead concerns flood prevention in underground spaces and coordination among underground facility managers. This is a different policy area and does not capture the core commitment, scope, or mechanisms of the ground truth."
Tokyo_JP,14,29,TMG will support municipalities' risk assessment efforts to prevent damage from broken residential land retaining walls.,Adaptation,sub,TMG will review landslide-prone area designations and provide technical support to municipalities for alerts and evacuation systems.,Adaptation,sub,-1,0.7216,False,True,True,"The extracted policy does not match the ground-truth policy. Ground truth is specifically about supporting municipalities' risk assessment efforts to prevent damage from broken residential land retaining walls. The extraction instead refers to reviewing landslide-prone area designations and supporting alerts/evacuation systems, which is a different scope and mechanism. Without source text, there is no basis to treat this as a close paraphrase; it misses the core commitment and introduces different content."
Tokyo_JP,22,31,"TMG will support remote disaster response and business continuity by identifying operations that can be handled remotely, supporting SMBs in BCP formulation and telework introduction, and verifying the Central Market BCP while supporting BCPs for market-related businesses.",Adaptation,sub,"TMG will identify operations that can be done remotely, support SMB BCPs and telework, and verify the central wholesale market's disaster manual to ensure business continuity.",Adaptation,sub,0,0.9063,False,True,True,"The extracted policy is directionally aligned with the ground truth: it includes identifying operations that can be handled remotely, supporting SMBs with BCPs and telework, and verifying a market-related continuity document. However, it misses and alters key specificity. The ground truth says TMG will support remote disaster response and business continuity, verify the Central Market BCP, and support BCPs for market-related businesses. The extraction changes 'Central Market BCP' to 'central wholesale market's disaster manual,' which weakens accuracy and changes the mechanism/document being verified. It also omits support for BCPs for market-related businesses. So the intent is mostly right but important details are missing or imprecise."
Tokyo_JP,23,32,TMG will provide technical and financial support for flood control measures by SMBs handling chemical substances based on Tokyo Metropolitan Government Chemical Substance Control Guidelines.,Adaptation,sub,TMG will provide technical and financial support for flood-control measures by businesses handling chemical substances.,Adaptation,sub,0,0.8654,False,True,True,"The extracted policy matches the general intent of the ground-truth: TMG provides technical and financial support for flood-control measures related to handling chemical substances. However, it is less specific in two important ways: it omits that the support is specifically for SMBs, and it leaves out that the measures are based on the Tokyo Metropolitan Government Chemical Substance Control Guidelines. With no source excerpt provided, this is directionally correct but missing key scope and mechanism details."
Tokyo_JP,24,33,"TMG will strengthen disaster information collection and sharing by researching digital technology use, rebuilding the Disaster Information System (DIS), publishing shelter congestion information, collecting information via SNS and drones, and redeveloping community radio including closed LTE.",Adaptation,sub,"TMG will rebuild the Disaster Information System, share disaster information with related organizations, and improve information provided to residents.",Adaptation,sub,0,0.8444,False,True,True,"The extracted policy is directionally consistent with the ground-truth because it includes rebuilding the Disaster Information System and improving/sharing disaster information. However, it is substantially less specific and omits several core mechanisms in the ground-truth: researching digital technology use, publishing shelter congestion information, collecting information via SNS and drones, and redeveloping community radio including closed LTE. It also softens the scope from strengthening disaster information collection and sharing through multiple concrete actions to a more general statement about sharing information with organizations and residents. With no source excerpt provided to verify wording, this is a partial but incomplete match."
Tokyo_JP,26,35,"TMG will research and build AI-based systems to support floodgate operations by predicting water level fluctuations using big data, consider inflow prediction tech for stormwater pumps, and promote real-time sewer water level monitoring via multifunctional manhole covers shared with municipalities.",Adaptation,sub,"TMG will use AI to support floodgate operations by predicting water levels and inflow conditions, and will share real-time sewer water-level data from multifunctional manhole covers.",Adaptation,sub,0,0.9363,False,True,True,"The extracted policy is directionally aligned with the ground truth: it covers AI support for floodgate operations through water level prediction and mentions real-time sewer water-level data from multifunctional manhole covers. However, it loses specificity and softens the mechanisms. The ground truth says TMG will 'research and build AI-based systems,' 'consider inflow prediction tech for stormwater pumps,' and promote monitoring 'shared with municipalities.' The extraction omits the research/build commitment, drops the stormwater pump context, and does not mention sharing with municipalities. It is therefore broadly correct but incomplete and less specific."
Tokyo_JP,27,36,"TMG will improve water-disaster information provision by adding flood forecast/water level information rivers, strengthening the Flood Control Integrated Information System, starting operation of the Storm Surge Disaster Prevention Information System, and continuing Tokyo Amesh rainfall information.",Adaptation,sub,"TMG will expand flood and storm-surge warning information, strengthen integrated flood-control information systems, and continue rainfall information services.",Adaptation,sub,1,0.8519,True,True,True,"The extracted policy matches the ground-truth well in scope and mechanism: it covers expanding flood and storm-surge warning/information provision, strengthening the integrated flood-control information system, and continuing rainfall information services. It is slightly less specific than the ground-truth because it omits details such as adding river flood forecast/water level information and the named systems (Flood Control Integrated Information System, Storm Surge Disaster Prevention Information System, Tokyo Amesh), but the core commitment and delivery mechanisms are accurately captured without contradiction."
Tokyo_JP,28,37,TMG will strengthen inter-organizational disaster response by enabling liaison staff dispatch to all municipalities and running PDCA-based practical training for large storm/flood scenarios to update plans and manuals.,Adaptation,sub,TMG will dispatch liaison staff to municipalities before disasters and improve post-disaster communication networks with the Disaster Prevention Center.,Adaptation,sub,0,0.8088,False,True,True,"The extracted policy partially matches the ground-truth on strengthening disaster response through dispatching liaison staff to municipalities. However, it adds an unsupported detail ('before disasters' and 'improve post-disaster communication networks with the Disaster Prevention Center') and omits key elements from the ground-truth: dispatch to all municipalities, and especially the PDCA-based practical training for large storm/flood scenarios to update plans and manuals. The general intent is directionally correct, but specificity and core delivery mechanisms are incomplete."
Tokyo_JP,29,38,"TMG will enhance cargo transport during disasters via agreements with businesses, practical training, drone-based logistics demonstrations, and systems enabling bidirectional communication with cargo vehicles.",Adaptation,sub,"TMG will strengthen cargo transport continuity by securing alternative cargo procurement, training logistics terminals, building drone-based cargo transport, and enabling bidirectional communication with cargo vehicles.",Adaptation,sub,0,0.8578,False,True,True,"The extracted policy is directionally aligned with the ground truth on the overall aim of improving cargo transport continuity/resilience during disasters and correctly includes practical training, drone-based logistics, and bidirectional communication with cargo vehicles. However, it misses or alters important delivery mechanisms: the ground truth specifically cites agreements with businesses, while the extraction replaces this with securing alternative cargo procurement, and it narrows practical training to logistics terminals rather than reflecting the broader training commitment. It is therefore a partial but imprecise match rather than a fully accurate one."
Tokyo_JP,30,39,TMG will strengthen the emergency water supply system for flexible supply to life-supporting medical institutions during disruptions and conduct year-round comprehensive training to strengthen crisis response capabilities.,Adaptation,sub,TMG will strengthen emergency water supply to medical institutions during disaster-related water outages and conduct year-round comprehensive training.,Adaptation,sub,1,0.9469,True,True,True,"The extracted policy matches the ground-truth in scope and core commitments: strengthening the emergency water supply system for medical institutions during disruptions and conducting year-round comprehensive training. While it is slightly less specific than the ground-truth because it omits 'flexible supply,' 'life-supporting' medical institutions, and 'to strengthen crisis response capabilities,' it preserves the main mechanism and intent without contradiction. Commitment strength remains aligned ('will strengthen' / 'conduct')."
Tokyo_JP,31,40,TMG will continue operating HQR (TFD Headquarters Rescue Operation Forces) for immediate fact-finding and rescue in abnormal weather-caused catastrophic floods.,Adaptation,sub,"TMG will continue operating HQR, a rescue force for abnormal weather-caused catastrophic flood disasters, for immediate fact-finding and rescue.",Adaptation,sub,1,0.9562,True,True,True,"The extracted policy matches the ground-truth closely in scope, commitment, and mechanism. It preserves the commitment strength ('will continue operating'), the delivery mechanism (operating HQR as a rescue force), and the purpose ('for immediate fact-finding and rescue') in the context of abnormal weather-caused catastrophic floods. The omission of the expanded name 'TFD Headquarters Rescue Operation Forces' does not materially reduce accuracy."
Tokyo_JP,32,41,TMG will increase the number of police officers qualified to operate disaster heavy equipment and provide guidance and joint training with private operators to improve skills and support public-private emergency disaster control.,Adaptation,sub,TMG will improve heavy-equipment operation skills through training and joint guidance with private operators to strengthen disaster response.,Adaptation,sub,0,0.8639,False,True,True,"The extracted policy is directionally correct: it captures improving heavy-equipment operation skills through training and joint guidance with private operators for disaster response. However, it omits a key specific commitment in the ground truth: increasing the number of police officers qualified to operate disaster heavy equipment. That missing delivery element reduces specificity and completeness, so this is only a partial match rather than a full one."
Tokyo_JP,33,42,TMG will set up a temporary help desk for disaster victims to handle inquiries and assistance requests.,Adaptation,sub,TMG will establish a temporary help desk for disaster victims to handle inquiries and assistance requests.,Adaptation,sub,1,0.9889,True,True,True,"The extracted policy matches the ground-truth exactly in scope, commitment, and mechanism. 'Establish a temporary help desk for disaster victims to handle inquiries and assistance requests' is equivalent to 'set up a temporary help desk for disaster victims to handle inquiries and assistance requests.' No material details are missing or altered."
Tokyo_JP,34,43,TMG will train disaster volunteer coordinators and establish the Tokyo Disaster Volunteer Center with TVAC to support volunteer and NPO activities during disasters.,Adaptation,sub,TMG will train disaster volunteer coordinators and establish a Tokyo Disaster Volunteer Center with TVAC during disasters.,Adaptation,sub,1,0.9801,True,True,True,"The extracted policy matches the ground-truth closely in scope, commitment, and mechanism. It includes both key actions: training disaster volunteer coordinators and establishing the Tokyo Disaster Volunteer Center with TVAC. The purpose is slightly shortened from 'to support volunteer and NPO activities during disasters' to 'with TVAC during disasters,' but this omission does not materially change the core commitment. No contradiction or hallucination is present."
Tokyo_JP,35,44,"TMG will strengthen support for foreigners by providing multilingual disaster information, training disaster language volunteers with a matching process, establishing a Disaster Information Center for Foreigners when needed, and offering online multilingual consultations for legal/specialized issues.",Adaptation,sub,"TMG will provide multilingual disaster information, train disaster language volunteers, establish a foreigner disaster information center, and offer online multilingual legal consultation after disasters.",Adaptation,sub,1,0.9432,True,True,True,"The extracted policy matches the ground-truth on the core commitments and mechanisms: providing multilingual disaster information, training disaster language volunteers, establishing a disaster information center for foreigners, and offering online multilingual consultations. It is slightly less specific because it omits 'strengthen support for foreigners,' the volunteer 'matching process,' the conditional 'when needed' for establishing the center, and that consultations cover 'legal/specialized issues' rather than only legal consultation after disasters. However, these are minor omissions rather than contradictions, and the main scope and delivery mechanisms are captured accurately."
Tokyo_JP,36,45,TMG will support disaster waste planning and wide-area cooperation for proper disposal and promote systems for temporary housing and emergency repairs after disasters.,Adaptation,sub,TMG will support municipalities in disaster waste plans and manuals and promote temporary housing and emergency repair systems for recovery.,Adaptation,sub,1,0.9069,True,True,True,"The extracted policy closely matches the ground truth in scope and mechanism. It captures support for municipalities on disaster waste planning, and promotion of temporary housing and emergency repair systems after disasters. Although it omits the explicit phrase 'wide-area cooperation for proper disposal' and paraphrases 'plans and manuals' rather than 'planning and wide-area cooperation,' the core commitment and delivery mechanisms are substantially aligned. No contradiction or hallucination is present."
Tokyo_JP,25,46,"TMG will use AI and digital tools to improve disaster-site information collection and command, including enabling web meetings/training and considering drone video use.",Adaptation,sub,"TMG will use drones to consolidate disaster images in the Disaster Information System, share them with related organizations, and use AI-analyzed landslide information for quick-response emergency measures.",Adaptation,individual,0,0.8466,False,False,True,"The extracted policy is directionally aligned with the ground truth in that both concern TMG using AI/digital tools for disaster response and mention drone-related information use. However, it is narrower and shifts the emphasis: the ground truth includes improving disaster-site information collection and command broadly, enabling web meetings/training, and considering drone video use, while the extracted policy focuses specifically on drones, image consolidation/sharing, and AI-analyzed landslide information. Because key elements of the ground-truth policy are omitted and some specifics are introduced that cannot be verified against the source excerpt, this is only a partial match."
Tokyo_JP,44,47,"TMG will aim to implement new agricultural technologies using local 5G, including ultra-high resolution cameras, smart glasses, and autonomous driving robots, in collaboration with private businesses.",Mitigation,sub,"TMG will introduce drone video transmission and use drones for remote inspection of roads, rivers, and coasts to identify damage safely and promptly.",Adaptation,individual,-1,0.6545,False,False,False,"The extracted policy does not match the ground-truth policy. Ground truth is about implementing new agricultural technologies using local 5G, including ultra-high resolution cameras, smart glasses, and autonomous driving robots, in collaboration with private businesses. The extracted policy instead describes drone video transmission and remote inspection of infrastructure (roads, rivers, coasts). This is a different sector, mechanism, and objective, with no meaningful overlap."
Tokyo_JP,38,49,"TMG will promote public heat countermeasures by fostering momentum for Uchimizu, creating cool spots with misting devices, constructing about 245 km of heat-blocking/water-retaining pavements by FY2030, promoting urban greening, increasing Tokyo Zero Emission Houses and supporting municipal heat-shielding/efficient appliance upgrades, and using smart poles to collect temperature/humidity data.",Adaptation,sub,"TMG will foster heat countermeasures, install cooling equipment, build heat-blocking pavement, expand urban greening, improve residential heat insulation, and use smart poles for temperature and humidity data.",Adaptation,individual,0,0.8243,False,False,True,"The extracted policy matches the overall direction and several mechanisms in the ground truth: heat countermeasures, cooling equipment/cool spots, heat-blocking pavement, urban greening, residential measures, and smart poles for temperature/humidity data. However, it omits key specificity and weakens precision: no mention of Uchimizu, misting devices, the quantified pavement target of about 245 km, the FY2030 deadline, Tokyo Zero Emission Houses, or support for municipal heat-shielding/efficient appliance upgrades. Because the core intent is captured but important targets and named measures are missing, this is directionally correct but vague."
Tokyo_JP,39,50,"TMG will reduce mosquito-borne infectious disease risk by providing occurrence/prevention/source-control information, conducting mosquito surveillance, and ensuring pathogen inspection systems; it will also surveil fire ants with partners and raise awareness to reduce risks from harmful alien species.",Adaptation,sub,"TMG will reduce mosquito-borne infectious disease risk through surveillance, public information, and pathogen inspection.",Adaptation,individual,0,0.9122,False,False,True,"The extracted policy matches the core mosquito-borne disease risk reduction measures in the ground truth: surveillance, public information, and pathogen inspection systems. However, it omits important specificity and scope present in the ground truth, including prevention/source-control information, the fire ant surveillance with partners, and the broader awareness-raising to reduce risks from harmful alien species. With no source excerpt provided to verify wording strength, this is directionally correct but incomplete."
Tokyo_JP,40,51,"TMG will reduce air pollutant emissions by encouraging factory measures, vehicle emission reduction, and voluntary business efforts; coordinate with the Nine Local Governments Coalition to analyze mechanisms and take measures; and publish air quality data as open data for advanced-tech-enabled air pollution measures.",Mitigation,sub,"TMG will reduce air pollutant emissions from factories, vehicles, and businesses, coordinate with neighboring governments, and publish air-quality data as open data.",Mitigation,individual,1,0.9094,True,False,True,"The extracted policy matches the ground-truth on the core scope and mechanisms: reducing air pollutant emissions from factories, vehicles, and businesses; coordinating with neighboring/local governments; and publishing air-quality data as open data. While it omits some specificity such as 'encouraging' measures, the reference to the Nine Local Governments Coalition, analysis of mechanisms, and the advanced-tech-enabled purpose, these are secondary details rather than changes to the main commitment. No contradiction or hallucination is present."
Tokyo_JP,41,52,"TMG will promote Tokyo-Style Smart Agriculture to maintain stable agricultural production under climate change and realize high profits on a small scale using IoT, AI, and other advanced technologies, including R&D across three fields.",Adaptation,parent,"TMG will support Tokyo-Style Smart Agriculture to maintain stable production under climate change through IoT, AI, and advanced technologies.",Adaptation,individual,0,0.9444,False,False,True,"The extracted policy is directionally aligned with the ground-truth: it identifies Tokyo-Style Smart Agriculture, the goal of maintaining stable production under climate change, and the use of IoT, AI, and advanced technologies. However, it is less specific and slightly weaker in commitment. It omits the additional objective of realizing high profits on a small scale and leaves out the explicit mention of R&D across three fields. It also changes 'promote' to 'support,' which is similar but somewhat softer. With no source excerpt provided, this is a partial but imprecise match rather than a fully correct one."
Tokyo_JP,42,53,TMG will develop/verify the Tokyo Future Agrisystem (small solar-powered plant factory) and consider verification tests to expand coverage to strawberries and reduce facility/equipment costs using small computers.,Mitigation,sub,"TMG will supply summer-resistant flower seedlings, provide agricultural climate-change guidance, and support heat-resilient agricultural practices.",Adaptation,individual,-1,0.6174,False,False,False,"The extracted policy does not match the ground-truth policy. The ground truth is about developing/verifying the Tokyo Future Agrisystem, a small solar-powered plant factory, and considering verification tests for strawberries and cost reduction using small computers. The extracted policy instead discusses supplying summer-resistant flower seedlings, guidance, and heat-resilient agricultural practices—different scope, mechanisms, and commitments. With no overlap in the core commitment or delivery mechanism, this is not a meaningful match."
Tokyo_JP,43,54,"TMG will conduct verification tests of new agricultural systems using IoT/AI and advanced technologies (e.g., farm stand support, environmentally controlled fruit cultivation, lightweight flexible solar cells).",Resource Efficiency,sub,TMG will build and operate a forest management support system using drones and laser measurement to promote proper forest management and forest circulation.,Adaptation,individual,-1,0.6198,False,False,False,"The extracted policy does not match the ground-truth policy in scope or content. The ground truth is about conducting verification tests of new agricultural systems using IoT/AI and related advanced technologies for agriculture. The extracted policy instead concerns building and operating a forest management support system using drones and laser measurement for forest management. These are different sectors, technologies, and delivery mechanisms, so there is no meaningful match."
Tokyo_JP,52,55,TMG will continue monitoring water quality and researching aquatic organisms to verify initiative effects and inform future improvements.,Adaptation,sub,TMG will provide fishing-ground environment forecasts using advanced observation services to help fishermen prepare for climate impacts.,Adaptation,individual,-1,0.6168,False,False,True,"The extracted policy does not match the ground-truth commitment. Ground truth is about continuing to monitor water quality and research aquatic organisms to verify the effects of initiatives and improve them. The extraction instead claims TMG will provide fishing-ground environment forecasts using observation services for fishermen, which is a different activity, mechanism, and purpose. With no source excerpt provided to support the extracted claim, this is a non-match rather than a vague paraphrase."
Utah_US,18,0,Ensure renewable energy provides 100% of Salt Lake City community electricity needs by 2032.,Mitigation,individual,Salt Lake City is committed to ensuring that renewable energy provides 100% of community electricity needs by 2032.,Mitigation,individual,1,0.9007,True,True,True,"The extracted policy matches the ground-truth exactly in scope (Salt Lake City community electricity needs), target (100% renewable energy), and deadline (by 2032). Commitment strength is preserved with 'is committed to ensuring,' which is consistent with the ground-truth's directive. No source excerpt is provided, but relative to the ground-truth this is a precise and accurate match."
Utah_US,0,20,"Implement and support investments in local and sustainable food initiatives through the Salt Lake City Food Policy Task Force programs, including Culinary Incubator Kitchen, Dining with Discretion, Excess SLC Food Recovery, Green City Growers, and Salt Lake City FruitShare.",Mitigation,parent,The Salt Lake City Food Policy Task Force works with the City to identify opportunities to increase access to fresh and nutritious food for residents.,Nature-Based Solutions,individual,0,0.7953,False,False,False,"The extracted policy is directionally related to the ground-truth because it references the Salt Lake City Food Policy Task Force and improving food access. However, it misses the core commitment to implement and support investments in local and sustainable food initiatives, and it omits the specific delivery mechanisms/programs named in the ground-truth (Culinary Incubator Kitchen, Dining with Discretion, Excess SLC Food Recovery, Green City Growers, and Salt Lake City FruitShare). The extraction is therefore too vague and softened relative to the specific policy commitment."
Utah_US,1,22,Run Dining with Discretion to provide resources that empower residents to make low carbon food choices.,Mitigation,sub,Dining with Discretion provides resources to help residents make low-carbon food choices.,Mitigation,individual,1,0.893,True,False,True,"The extracted policy matches the ground-truth closely in scope and meaning: it identifies the same program, the same mechanism (providing resources), and the same objective (helping/empowering residents to make low-carbon food choices). The only minor difference is omission of the verb 'Run,' which does not change the substantive commitment."
Utah_US,2,23,Support Excess SLC Food Recovery to divert consumable food waste from landfill to food assistance programs.,Mitigation,sub,Excess SLC Food Recovery diverts consumable food waste from landfills to food assistance programs.,Resource Efficiency,individual,1,0.9329,True,False,False,"The extracted policy matches the ground-truth closely in scope and mechanism: diverting consumable food waste from landfill(s) to food assistance programs through Excess SLC Food Recovery. The only minor difference is phrasing ('diverts' vs. 'Support ... to divert'), but this does not materially change the policy intent. No source excerpt is provided to assess binding strength beyond the ground truth."
Utah_US,3,24,Implement Green City Growers to expand community garden access by making City-owned/managed land available for development.,Nature-Based Solutions,sub,Green City Growers expands community garden access by making City-owned or managed land available for development.,Nature-Based Solutions,individual,1,0.8814,True,False,True,"The extracted policy matches the ground-truth closely in scope, mechanism, and commitment: it identifies Green City Growers, the goal of expanding community garden access, and the delivery mechanism of making City-owned/managed land available for development. The wording is effectively equivalent, with only a minor tense change ('Implement' vs. 'expands') that does not alter the substance."
Utah_US,4,25,Implement Salt Lake City FruitShare to divert surplus fruit from local trees to individuals with low access to healthy foods.,Mitigation,sub,Salt Lake City FruitShare diverts surplus fruit from local trees to people with low access to healthy foods.,Nature-Based Solutions,individual,1,0.9162,True,False,False,"The extracted policy matches the ground-truth closely in scope and mechanism: it identifies Salt Lake City FruitShare and the action of diverting surplus fruit from local trees to people/individuals with low access to healthy foods. There are no quantified targets or deadlines in the ground-truth to preserve, and the slight wording difference ('people' vs 'individuals') does not change meaning. Although the extracted version is phrased descriptively rather than explicitly as an implementation commitment, it accurately captures the core policy."
Utah_US,5,26,"Adopt and implement Salt Lake City's Zero Waste Resolution, including goals of achieving zero waste by 2040 and diverting/recycling/composting 70% of the waste stream by 2025.",Mitigation,parent,"Salt Lake City has set a goal of zero waste by 2040 and a goal of diverting, recycling, or composting 70% of the waste stream by 2025.",Resource Efficiency,individual,0,0.8637,False,False,False,"The extracted policy correctly captures the two specific targets and deadlines: zero waste by 2040 and 70% diversion/recycling/composting by 2025. However, it omits the implementation/commitment element in the ground-truth—'Adopt and implement Salt Lake City's Zero Waste Resolution'—and instead only states that the city 'has set a goal,' which is weaker and less specific on mechanism and commitment strength. With no source excerpt provided, this is directionally accurate but somewhat softened relative to the ground-truth."
Utah_US,10,27,"Require multi-family properties, businesses, and special events to implement recycling programs beginning in 2017 through the Business Recycling Ordinance.",Mitigation,sub,"Salt Lake City adopted ordinances requiring recycling for major construction and renovation projects, multi-family properties, businesses, and special events.",Resource Efficiency,individual,0,0.6515,False,False,False,"The extracted policy partially matches the ground-truth by correctly identifying that ordinances require recycling for multi-family properties, businesses, and special events. However, it omits the key specificity that this begins in 2017 and is implemented through the Business Recycling Ordinance. It also adds 'major construction and renovation projects,' which is not supported by the ground-truth and may be hallucinated. The core direction is right, but important scope/mechanism details are missing and extra scope is introduced."
Utah_US,6,28,Establish fee structures for residential waste and recycling services that encourage waste reduction.,Mitigation,sub,Salt Lake City will establish fee structures for residential waste and recycling services that encourage waste reduction.,Resource Efficiency,individual,1,0.7436,True,False,False,The extracted policy matches the ground-truth exactly in scope and commitment: establishing fee structures for residential waste and recycling services to encourage waste reduction. It preserves the core action and mechanism without adding contradictory detail. The addition of 'Salt Lake City will' is consistent with a policy extraction and does not change the substance.
Utah_US,7,29,Expand composting capability in the city to enable food waste diversion.,Mitigation,sub,Salt Lake City will expand composting capability to enable food waste diversion.,Resource Efficiency,individual,1,0.7501,True,False,False,"The extracted policy matches the ground-truth exactly in scope and commitment: expanding composting capability in the city to enable food waste diversion. There are no added or contradictory details. Although neither version includes quantified targets, deadlines, or mechanisms, the extraction accurately preserves the same level of specificity and intent as the ground truth."
Utah_US,8,30,Work with local and state partners to develop a long-term plan for regional materials management and explore recycling market development opportunities.,Mitigation,sub,Salt Lake City will work with local and state partners to develop a long-term regional materials management plan and explore recycling market development opportunities.,Resource Efficiency,individual,1,0.7716,True,False,False,"The extracted policy matches the ground-truth closely in scope, commitment, and mechanism. It preserves the core commitment to work with local and state partners, develop a long-term regional materials management plan, and explore recycling market development opportunities. The wording is slightly more specific by naming Salt Lake City and reordering phrasing, but it does not materially change the meaning."
Utah_US,12,35,"Implement a Comprehensive Energy Management Executive Order requiring measures such as energy benchmarking, efficiency investments, facility operator training, and employee engagement to reduce energy waste and spur clean energy development.",Mitigation,sub,"Salt Lake City adopted an Executive Order to enhance interdepartmental coordination, reduce energy waste, and spur clean energy development.",Mitigation,individual,0,0.5756,False,False,True,"The extracted policy matches the general direction of the ground-truth by identifying an Executive Order aimed at reducing energy waste and spurring clean energy development. However, it omits the core specificity of the ground-truth: the comprehensive energy management measures such as energy benchmarking, efficiency investments, facility operator training, and employee engagement. It also shifts emphasis to interdepartmental coordination, which may be related but is not the main substantive mechanism described in the ground-truth. With no source excerpt provided to verify wording, this is best scored as directionally correct but too vague and incomplete."
Utah_US,13,36,"Require new Salt Lake City government facilities above 10,000 square feet (with certain exceptions) to be constructed to Net Zero Energy standards and include onsite and/or offsite renewables to offset anticipated annual carbon emissions.",Mitigation,sub,"New Salt Lake City government facilities above 10,000 square feet must be constructed to Net Zero Energy standards and include renewable energy projects that offset anticipated annual carbon emissions.",Mitigation,individual,1,0.9525,True,False,True,"The extracted policy closely matches the ground-truth in scope, commitment, and specificity. It correctly captures that new Salt Lake City government facilities above 10,000 square feet must meet Net Zero Energy standards and include renewables to offset anticipated annual carbon emissions. The binding language ('must be constructed') aligns with the requirement. Minor omissions—such as 'with certain exceptions' and the explicit 'onsite and/or offsite' phrasing—do not materially change the core commitment or mechanism."
Utah_US,14,37,Have at least 16 separate government properties that include renewable energy generation.,Mitigation,sub,Salt Lake City will maintain renewable energy generation at at least 16 government properties and achieve 50% renewable electricity for government operations by 2020.,Mitigation,individual,0,0.569,False,False,True,"The extracted policy partially matches the ground truth by retaining the specific threshold of 16 government properties with renewable energy generation. However, it changes the commitment from 'have at least 16 separate government properties that include renewable energy generation' to 'maintain' them, which adds an unsupported nuance, and it adds a separate target—'achieve 50% renewable electricity for government operations by 2020'—that is not present in the ground truth. Because the core 16-property commitment is captured but with extra unsupported content, this is directionally correct but not an exact match."
Utah_US,17,39,"Develop and implement Tailpipe Emissions Reduction Plans to guide fleet investments and operations, and expand/maintain a city fleet that included over 130 hybrid-electric or all-electric vehicles (as of end of 2016).",Mitigation,sub,Salt Lake City departments and divisions have developed Tailpipe Emissions Reduction Plans to guide fleet investments and operations.,Mitigation,individual,0,0.7163,False,False,True,"The extracted policy correctly captures the core mechanism in the ground truth: developing Tailpipe Emissions Reduction Plans to guide fleet investments and operations. However, it omits the second substantive commitment and specificity from the ground truth—expanding/maintaining a city fleet with over 130 hybrid-electric or all-electric vehicles as of the end of 2016. Without that quantified fleet component, the extraction is directionally correct but incomplete."
Waterloo_CA,0,0,"Adopt and implement the City of Waterloo Corporate Climate Change Adaptation Plan (CCCAP), outlining 37 actions to adapt City assets, operations, and services to climate change impacts.",Adaptation,parent,"The City will adapt its assets, operations, and services to the impacts of climate change through a Corporate Climate Change Adaptation Plan.",Adaptation,individual,0,0.771,False,False,True,"The extracted policy matches the general intent and scope of the ground-truth: adapting City assets, operations, and services to climate change through a Corporate Climate Change Adaptation Plan. However, it omits key specificity present in the ground-truth, namely the commitment to adopt and implement the plan and the detail that the CCCAP outlines 37 actions. Without those implementation and quantified action details, it is directionally correct but less specific."
Waterloo_CA,38,3,Commit (through ClimateActionWR) to an 80% greenhouse gas reduction target by 2050 for Waterloo Region partners.,Mitigation,individual,"The City will continue participating in mitigation initiatives, including its Corporate Energy and Greenhouse Gas Conservation and Demand Management Action Plan and ClimateActionWR.",Mitigation,individual,0,0.5836,False,True,True,"The extracted policy is directionally related because it mentions continued participation in ClimateActionWR, which is the vehicle named in the ground-truth. However, it omits the core specificity and commitment: there is no mention of the 80% greenhouse gas reduction target, the 2050 deadline, or that this is a regional partner commitment through ClimateActionWR. It captures participation in mitigation initiatives generally, but not the actual quantified target."
Waterloo_CA,1,13,Map areas vulnerable to heat extremes and use mapping to inform planning and programming initiatives.,Adaptation,sub,The City will map areas vulnerable to heat extremes and use the mapping to inform planning and programming initiatives.,Adaptation,sub,1,0.8545,True,True,True,"The extracted policy matches the ground-truth essentially verbatim in scope, commitment, and mechanism: mapping areas vulnerable to heat extremes and using that mapping to inform planning and programming initiatives. There are no missing targets or deadlines in the ground-truth to penalize, and the commitment strength is consistent."
Waterloo_CA,2,14,Continue to carry out outreach activities that target vulnerable populations during extreme heat and cold events.,Adaptation,sub,The City will continue outreach activities targeting vulnerable populations during extreme heat and cold events.,Adaptation,sub,1,0.8782,True,True,True,"The extracted policy matches the ground-truth closely in scope, commitment, and specificity. Both state that outreach activities will continue and that they target vulnerable populations during extreme heat and cold events. There is no meaningful loss of detail or change in commitment strength."
Waterloo_CA,3,15,Update the Emergency Circumstances/Extreme Weather Policy and the Heat Stress/Cold Stress Policy to account for climate change impacts.,Adaptation,sub,The City will update the Emergency Circumstances/Extreme Weather Policy and the Heat Stress/Cold Stress Policy to account for climate change impacts.,Adaptation,sub,1,0.9022,True,True,True,"The extracted policy matches the ground-truth exactly in scope, action, and specificity: it states the City will update both the Emergency Circumstances/Extreme Weather Policy and the Heat Stress/Cold Stress Policy to account for climate change impacts. There is no missing or softened commitment relative to the ground truth."
Waterloo_CA,4,16,Review winter control practices to ensure climate change impacts are considered and identify opportunities for improvement.,Adaptation,sub,The City will review winter control practices to incorporate climate change impacts and identify opportunities for improvement.,Adaptation,sub,1,0.8171,True,True,True,"The extracted policy closely matches the ground-truth in scope, commitment, and mechanism. It preserves the core action ('review winter control practices'), the purpose ('ensure/incorporate climate change impacts are considered'), and the outcome ('identify opportunities for improvement'). The wording is slightly paraphrased but not meaningfully different, and there are no missing targets, deadlines, or contradictions relative to the ground truth."
Waterloo_CA,5,17,"Carry out education and engagement activities to increase awareness of the importance of 72 hour emergency preparedness and emergency response plans for individuals and families, community organizations, and businesses.",Adaptation,sub,The City will carry out education and engagement activities to increase awareness of the importance of 72-hour emergency preparedness and emergency response plans.,Adaptation,sub,0,0.8532,False,True,True,"The extracted policy matches the core action and specificity on the 72-hour emergency preparedness awareness campaign, but it omits key scope details from the ground truth: the target audiences 'for individuals and families, community organizations, and businesses.' With no source excerpt to verify wording, this is directionally correct but incomplete rather than a full match."
Waterloo_CA,6,18,Investigate the feasibility of implementing warming and cooling centres outside of normal business hours.,Adaptation,sub,The City will investigate the feasibility of implementing warming and cooling centres outside of normal business hours.,Adaptation,sub,1,0.9053,True,True,True,"The extracted policy matches the ground-truth exactly in scope, commitment, and mechanism: it commits to investigating the feasibility of implementing warming and cooling centres outside normal business hours. No material details are missing or altered."
Waterloo_CA,7,19,Undertake a gap analysis of existing communication processes related to climate change and extreme weather.,Adaptation,sub,The City will undertake a gap analysis of existing communication processes related to climate change and extreme weather.,Adaptation,sub,1,0.8527,True,True,True,"The extracted policy matches the ground-truth exactly in scope and commitment: both state that a gap analysis of existing communication processes related to climate change and extreme weather will be undertaken. There are no missing targets, deadlines, or mechanisms relative to the ground-truth, and no contradictory or hallucinated content."
Waterloo_CA,8,20,Implement an opt-in email/text alert system to notify community members about extreme weather events and emergencies.,Adaptation,sub,The City will implement an opt-in email/text alert system to notify community members about extreme weather events and emergencies.,Adaptation,sub,1,0.856,True,True,True,"The extracted policy matches the ground-truth exactly in scope, mechanism, and commitment. It includes the same delivery mechanism (opt-in email/text alert system), target audience (community members), and purpose (notification about extreme weather events and emergencies). The wording is equally specific and not softened."
Waterloo_CA,9,21,Investigate the feasibility of incorporating extreme weather event and emergency information into the Pingstreet app.,Adaptation,sub,The City will investigate the feasibility of incorporating extreme weather event and emergency information into the Pingstreet app.,Adaptation,sub,1,0.9015,True,True,True,"The extracted policy matches the ground-truth exactly in scope and commitment: both state an investigation into the feasibility of adding extreme weather event and emergency information to the Pingstreet app. No target, deadline, or mechanism is present in the ground truth, and none is improperly added. The wording 'The City will investigate' preserves the intended commitment without changing substance."
Waterloo_CA,10,22,Enable website updates outside of normal business hours to address extreme weather events and emergency situations.,Adaptation,sub,The City will enable website updates outside of normal business hours to address extreme weather events and emergency situations.,Adaptation,sub,1,0.8477,True,True,True,"The extracted policy matches the ground-truth exactly in scope and commitment: enabling website updates outside normal business hours for extreme weather events and emergency situations. No source excerpt is provided to assess against document text, but relative to the ground-truth this is a precise and accurate match."
Waterloo_CA,11,23,Assess training needs for staff to ensure informed response to extreme weather events.,Adaptation,sub,The City will assess staff training needs to ensure informed response to extreme weather events.,Adaptation,sub,1,0.8621,True,True,True,"The extracted policy matches the ground-truth closely in scope, commitment, and specificity. It preserves the core action ('assess staff training needs') and purpose ('ensure informed response to extreme weather events') without adding or omitting meaningful details. The wording change from imperative to future-tense commitment does not materially alter the policy intent."
Waterloo_CA,12,24,Ensure climate change considerations are incorporated into the City's Hazard Identification and Risk Assessment tool as part of the annual review process and training.,Adaptation,sub,The City will incorporate climate change considerations into the Hazard Identification and Risk Assessment tool as part of the annual review process and training.,Adaptation,sub,1,0.9313,True,True,True,"The extracted policy matches the ground-truth policy in scope, mechanism, and specificity. It correctly states that climate change considerations will be incorporated into the City's Hazard Identification and Risk Assessment tool and that this occurs as part of the annual review process and training. The wording shifts from 'Ensure' to 'will incorporate,' but this does not materially weaken or alter the commitment."
Waterloo_CA,13,25,Upsize storm sewers to current standards as part of renewal (where possible).,Adaptation,sub,The City will upsize storm sewers to current standards as part of renewal where possible.,Adaptation,sub,1,0.8927,True,True,True,"The extracted policy matches the ground-truth exactly in scope and wording: upsizing storm sewers to current standards as part of renewal, qualified by 'where possible.' It preserves the same mechanism and level of commitment, with no added or missing details."
Waterloo_CA,14,26,Establish a process for reviewing localized climate projections at regular time intervals.,Adaptation,sub,The City will establish a process for reviewing localized climate projections at regular time intervals.,Adaptation,sub,1,0.8671,True,True,True,"The extracted policy matches the ground-truth exactly in scope and commitment: it establishes a process for reviewing localized climate projections at regular intervals. There are no missing targets, deadlines, or mechanisms relative to the ground-truth, and no contradiction or hallucination is present."
Waterloo_CA,15,27,Provide training to staff to ensure climate change impacts and risks are considered as part of the Project Management Manual's risk management framework.,Adaptation,sub,The City will provide training so staff consider climate change impacts and risks in the Project Management Manual's risk management framework.,Adaptation,sub,1,0.8526,True,True,True,"The extracted policy matches the ground-truth closely in scope, commitment, and mechanism. It preserves the core action ('provide training to staff') and the purpose/mechanism ('ensure/so staff consider climate change impacts and risks' within the Project Management Manual's risk management framework). There are no missing targets or deadlines in the ground truth, and the slight wording change does not alter meaning."
Waterloo_CA,16,28,"Incorporate climate change considerations into the City's approach to asset management and provide training to staff as required (e.g. lifecycle costing, asset level of service, accelerated deterioration rates).",Adaptation,sub,The City will incorporate climate change considerations into asset management and provide training to staff as required.,Adaptation,sub,1,0.8883,True,True,True,"The extracted policy matches the ground-truth closely in scope and commitment: it says the City will incorporate climate change considerations into asset management and provide training to staff as required. The only omission is the illustrative examples in the ground-truth (e.g., lifecycle costing, asset level of service, accelerated deterioration rates), which are supporting specificity rather than a different commitment. No contradiction or hallucination is present."
Waterloo_CA,17,29,"Develop an Urban Forest Strategy, including a canopy target.",Adaptation,sub,"The City will develop an Urban Forest Strategy, including a canopy target.",Nature-Based Solutions,sub,1,0.9102,True,True,False,"The extracted policy matches the ground-truth exactly in scope and commitment: it states the City will develop an Urban Forest Strategy and includes a canopy target. There is no source excerpt to check against, but relative to the provided ground-truth this is a precise and complete match."
Waterloo_CA,18,30,Review the canopy cover mapping protocol and identify tree deficit areas.,Adaptation,sub,The City will review the canopy cover mapping protocol and identify tree deficit areas.,Nature-Based Solutions,sub,1,0.8554,True,True,False,"The extracted policy matches the ground-truth exactly in scope and commitment: both state that the canopy cover mapping protocol will be reviewed and tree deficit areas identified. Although no quantified targets, deadlines, or mechanisms are present, that limitation applies equally to the ground-truth, so the extraction is accurate rather than vague relative to the reference."
Waterloo_CA,19,31,Update the Emergency Forestry Plan.,Adaptation,sub,The City will update the Emergency Forestry Plan to incorporate climate change considerations.,Nature-Based Solutions,sub,0,0.7687,False,True,False,"The extracted policy matches the general action in the ground truth—updating the Emergency Forestry Plan—but adds a specific purpose ('to incorporate climate change considerations') that is not supported by the provided ground truth or source excerpt. Because no source document text is available, that added detail cannot be verified. This makes the extraction directionally correct but somewhat more specific than the reference, so it is a partial rather than exact match."
Waterloo_CA,20,32,Continue to incorporate City-owned green infrastructure into the Asset Management Plan.,Adaptation,sub,The City will continue to incorporate City-owned green infrastructure into the Asset Management Plan.,Nature-Based Solutions,sub,1,0.9366,True,True,False,"The extracted policy matches the ground-truth exactly in scope, commitment, and specificity. Both state that the City will continue to incorporate City-owned green infrastructure into the Asset Management Plan. No material details are missing or altered."
Waterloo_CA,21,33,Review existing regulatory floodplain mapping and prioritize opportunities for updates.,Adaptation,sub,The City will review existing regulatory floodplain mapping and prioritize opportunities for updates.,Adaptation,sub,1,0.8721,True,True,True,"The extracted policy matches the ground-truth exactly in scope and commitment: both state that existing regulatory floodplain mapping will be reviewed and opportunities for updates will be prioritized. No source excerpt is provided to test against document wording, but relative to the ground-truth this is an exact match."
Waterloo_CA,22,34,Map areas prone to urban flooding and model scenarios.,Adaptation,sub,The City will map areas prone to urban flooding and model scenarios to determine the impact of rainfall events.,Adaptation,sub,1,0.8414,True,True,True,"The extracted policy matches the ground-truth policy in scope and commitment: it states the city will map areas prone to urban flooding and model scenarios. The added phrase 'to determine the impact of rainfall events' is consistent with scenario modeling and does not materially alter the policy. Both are similarly general, with no quantified targets or deadlines in either statement."
Waterloo_CA,23,35,Review protocols for inspecting creeks and stormwater infrastructure to minimize flood risks.,Adaptation,sub,The City will review protocols for inspecting creeks and stormwater infrastructure to minimize flood risks.,Adaptation,sub,1,0.8361,True,True,True,"The extracted policy matches the ground-truth exactly in scope and commitment: it states that the City will review protocols for inspecting creeks and stormwater infrastructure to minimize flood risks. There are no quantified targets or deadlines in the ground-truth, and none are incorrectly added or omitted in a way that changes meaning."
Waterloo_CA,24,36,Increase public education on clearing catch basins.,Adaptation,sub,The City will increase public education on clearing catch basins.,Adaptation,sub,1,0.8831,True,True,True,"The extracted policy matches the ground-truth exactly in scope and commitment: both state that public education on clearing catch basins will be increased. There are no quantified targets, deadlines, or mechanisms in the ground-truth, so none are missing relative to it."
Waterloo_CA,25,37,Investigate the feasibility of a sump pump disconnection program.,Adaptation,sub,The City will investigate the feasibility of a sump pump disconnection program.,Adaptation,sub,1,0.8655,True,True,True,"The extracted policy matches the ground-truth exactly in scope and commitment: both state that the City will investigate the feasibility of a sump pump disconnection program. There are no missing targets, deadlines, or mechanisms relative to the ground truth, and no contradiction with the source excerpt (which was not provided)."
Waterloo_CA,26,38,Investigate the feasibility of a backwater valve program.,Adaptation,sub,The City will investigate the feasibility of a backwater valve program.,Adaptation,sub,1,0.8749,True,True,True,"The extracted policy exactly matches the ground-truth policy in scope, commitment, and specificity: both state that the City will investigate the feasibility of a backwater valve program. Although the source excerpt is not provided, relative to the ground truth this is a precise match with no missing or altered details."
Waterloo_CA,27,39,Complete and implement the Stormwater Management Master Plan.,Adaptation,sub,The City will complete and implement the Stormwater Management Master Plan.,Adaptation,sub,1,0.8583,True,True,True,"The extracted policy matches the ground-truth exactly in scope and commitment: both state that the City will complete and implement the Stormwater Management Master Plan. No source excerpt is provided to assess against underlying document language, but relative to the ground-truth this is a precise and accurate match."
Waterloo_CA,28,40,Review and upgrade flood proofing measures in City-owned buildings in the regulatory floodplain where possible.,Adaptation,sub,The City will review and upgrade flood proofing measures in City-owned buildings in the regulatory floodplain where possible.,Adaptation,sub,1,0.9168,True,True,True,"The extracted policy matches the ground-truth exactly in scope, commitment, and specificity. It preserves the action ('review and upgrade flood proofing measures'), the affected assets ('City-owned buildings'), the location constraint ('in the regulatory floodplain'), and the qualifier ('where possible')."
Waterloo_CA,29,41,Undertake business continuity planning and training to identify and plan for the City's essential and secondary services.,Adaptation,sub,The City will undertake business continuity planning and training to identify and plan for essential and secondary services.,Adaptation,sub,1,0.9283,True,True,True,"The extracted policy matches the ground-truth closely in scope, commitment, and mechanism. It preserves the core action ('undertake business continuity planning and training') and the purpose ('identify and plan for essential and secondary services'). The omission of 'the City's' before 'essential and secondary services' does not materially change the meaning. No contradiction or hallucination is present."
Waterloo_CA,30,42,Review practices around back-up power generation and ensure critical facilities are covered.,Adaptation,sub,The City will review back-up power generation practices and ensure critical facilities are covered.,Adaptation,sub,1,0.8219,True,True,True,"The extracted policy matches the ground-truth exactly in scope and commitment: it states reviewing back-up power generation practices and ensuring critical facilities are covered. There are no additional quantified targets, deadlines, or mechanisms in the ground truth to preserve, so the extraction is fully accurate rather than vague."
Waterloo_CA,31,43,Develop a fuel supply protocol to manage supplies during extreme events and emergencies.,Adaptation,sub,The City will develop a fuel supply protocol to manage supplies during extreme events and emergencies.,Adaptation,sub,1,0.8437,True,True,True,"The extracted policy matches the ground-truth exactly in scope, commitment, and mechanism: developing a fuel supply protocol to manage supplies during extreme events and emergencies. There are no missing targets, deadlines, or qualifiers relative to the ground truth."
Waterloo_CA,32,44,Consider alternative work arrangements that reduce commuting during extreme weather events and hazardous road conditions.,Adaptation,sub,The City will consider alternative work arrangements that reduce commuting during extreme weather events and hazardous road conditions.,Adaptation,sub,1,0.8926,True,True,True,"The extracted policy matches the ground-truth exactly in scope and commitment strength. Both state that alternative work arrangements will be considered to reduce commuting during extreme weather events and hazardous road conditions. There are no quantified targets or deadlines in the ground truth, and none are incorrectly added."
Waterloo_CA,33,45,Review the existing 211 service agreement to identify potential advancements of the 211 network.,Adaptation,sub,The City will review the existing 211 service agreement to identify potential advancements of the 211 network.,Adaptation,sub,1,0.8899,True,True,True,"The extracted policy matches the ground-truth exactly in scope, commitment, and mechanism: reviewing the existing 211 service agreement to identify potential advancements of the 211 network. Although no source excerpt is provided, relative to the ground-truth this is a precise match with no missing or altered details."
Waterloo_CA,34,46,Identify financial implications and incorporate adaptation-related costs into short and long-term financial budgets and projections.,Adaptation,sub,The City will identify financial implications and incorporate adaptation-related costs into short- and long-term financial budgets and projections.,Adaptation,sub,1,0.8561,True,True,True,"The extracted policy matches the ground-truth almost exactly in scope, commitment, and specificity. It captures the same core action: identifying financial implications and incorporating adaptation-related costs into both short- and long-term financial budgets and projections. There is no meaningful loss of detail or change in commitment strength."
Waterloo_CA,35,47,Continue annual reviews of the General Operating Contingency Reserve Policy and the Winter Control Reserve Policy to ensure they appropriately account for extreme weather events.,Adaptation,sub,The City will continue annual reviews of the General Operating Contingency Reserve Policy and the Winter Control Reserve Policy to ensure they account for extreme weather events.,Adaptation,sub,1,0.9101,True,True,True,"The extracted policy matches the ground-truth closely in scope, commitment, and mechanism. It preserves the key action ('continue annual reviews'), the specific policies reviewed (General Operating Contingency Reserve Policy and Winter Control Reserve Policy), and the purpose (to ensure they account for extreme weather events). The omission of 'appropriately' is minor and does not materially change the meaning."
Waterloo_CA,36,48,"Review plans, policies, and procedures for alignment with adaptation goals and update where appropriate (e.g. Official Plan, Emergency Response Plan, master plans, maintenance protocols).",Adaptation,sub,"The City will review plans, policies, and procedures for alignment with adaptation goals and update them where appropriate.",Adaptation,sub,1,0.7973,True,True,True,"The extracted policy closely matches the ground-truth in scope, commitment, and mechanism. It preserves the core action: reviewing plans, policies, and procedures for alignment with adaptation goals and updating them where appropriate. The omission of the examples in parentheses (Official Plan, Emergency Response Plan, master plans, maintenance protocols) does not change the substance of the commitment, since they are illustrative rather than essential target or deadline details."
Waterloo_CA,37,49,Identify corporate champion(s) to help lead implementation of adaptation actions.,Adaptation,sub,The City will identify corporate champions to help lead implementation of adaptation actions.,Adaptation,sub,1,0.8442,True,True,True,"The extracted policy matches the ground-truth exactly in substance and commitment: it identifies corporate champions to help lead implementation of adaptation actions. The added subject 'The City will' is consistent with a policy statement and does not alter scope or meaning. No source excerpt is provided to check wording against the document, but relative to the ground-truth this is a precise match."
Yanbu_SA,9,5,Saudi Arabia aims to reach around 50% renewable energy in the electricity energy mix by 2030.,Mitigation,individual,"The Kingdom will implement the National Renewable Energy Program to stimulate private investment, research and development, employment, local supply chains, and deployment of renewable technologies, aiming for around 50% of the electricity mix from renewables by 2030.",Mitigation,individual,1,0.6063,True,True,True,"The extracted policy matches the ground-truth core commitment, target, and deadline: it states an aim for around 50% of the electricity mix from renewables by 2030, which aligns directly with the ground-truth. It adds implementation detail about the National Renewable Energy Program and associated mechanisms, but these do not contradict the ground-truth. Despite the absence of source text to verify wording, the extraction is accurate and at least as specific as the reference policy."
Yanbu_SA,10,7,NEOM will build one of the world’s largest green hydrogen facilities powered by over 4 GW of renewable energy; once onstream by 2025 it is expected to produce 650 tons/day of green hydrogen and 1.2 million tons/year of green ammonia.,Mitigation,individual,"NEOM will build one of the world's largest green hydrogen facilities powered by over four gigawatts of renewable energy, producing green hydrogen and green ammonia by 2025.",Mitigation,individual,0,0.9684,False,True,True,"The extraction matches the core policy direction and commitment: NEOM will build a very large green hydrogen facility powered by over 4 GW of renewable energy, with production by 2025. However, it omits the key quantitative specificity from the ground truth: 650 tons/day of green hydrogen and 1.2 million tons/year of green ammonia. Because the main commitment is correct but important targets are missing, this is directionally accurate but less specific than the reference."
Yanbu_SA,11,11,"As part of domestic energy sector reforms, Saudi Arabia aims to increase the utilization of natural gas in its energy mix, with up to 50% of electricity generation expected to be met by natural gas by 2030.",Mitigation,individual,The Kingdom aims to increase the utilization of natural gas in its energy mix so that up to 50% of electricity generation is met by natural gas by 2030.,Mitigation,individual,1,0.7585,True,True,True,"The extracted policy matches the ground-truth closely in scope, target, and timeline: increasing natural gas utilization so that up to 50% of electricity generation is met by natural gas by 2030. Commitment strength is consistent with the ground-truth ('aims' / 'up to'). The omission of the contextual phrase 'as part of domestic energy sector reforms' does not materially change the policy substance."
Yanbu_SA,2,18,"Use renewable energy (solar, wind, green hydrogen) for seawater desalination in NEOM to meet potable water needs.",Mitigation,sub,"NEOM will be developed as a model for urban sustainability powered by 100% renewable energy, with the LINE preserving 95% of nature and targeting zero cars, zero streets, and zero carbon emissions.",Mitigation,individual,0,0.5883,False,False,True,"The extracted policy is directionally related to NEOM’s sustainability and renewable energy ambitions, but it does not match the ground-truth policy’s specific scope: using solar, wind, and green hydrogen to power seawater desalination for potable water needs. It mentions 100% renewable energy and other NEOM-wide goals, but omits desalination, water supply, and the delivery mechanism tied to potable water. With no source excerpt provided to verify stronger alignment, this is only a partial, vague match rather than a specific capture of the ground-truth commitment."
Yanbu_SA,8,24,"Saudi Arabia aims to reduce, avoid, and remove greenhouse gas emissions by 278 million tons of CO2e annually by 2030, using 2019 as the base year.",Mitigation,individual,The Saudi Green Initiative will contribute to achieving the Kingdom's climate ambitions and mobilize government and private sector resources.,Mitigation,individual,-1,0.6698,False,True,True,"The extracted policy does not match the ground-truth policy’s specific mitigation commitment. The ground truth includes a quantified target (278 million tons CO2e annually), a deadline (by 2030), and a base year (2019). The extraction only gives a vague statement about the Saudi Green Initiative contributing to climate ambitions and mobilizing resources, with no emissions target, timeframe, or concrete commitment. This is too generic to be a meaningful match."
