location,gt_index,ext_index,gt_policy,gt_category,gt_role,produced_policy,produced_category,produced_role,grade,similarity,statement_match,role_match,category_match,reasoning
Armenia_AM,0,0,The Government of Armenia approved the Nationally Determined Contributions (2021-2030) with an unconditional target to reduce emissions by 40% below 1990 levels by 2030.,Mitigation,individual,Reduce Armenia's greenhouse gas emissions by 40% below 1990 levels by 2030 under the 2021-2030 NDC.,Mitigation,individual,1,0.8109,True,True,True,"The extracted policy matches the ground-truth on the quantified target (40% below 1990 levels), deadline (by 2030), country (Armenia), and policy instrument/timeframe (2021-2030 NDC). Although it does not explicitly mention that the target is 'unconditional' or that the government 'approved' the NDC, the core commitment is captured accurately and specifically with no contradiction."
Armenia_AM,1,3,Armenia plans to construct about 1000 MW of solar power plants (including autonomous ones) by 2030 to support reaching solar generation targets.,Mitigation,individual,Increase solar energy generation to at least 15% or 1.8 billion kWh by 2030 through construction of about 1000 MW of solar plants.,Mitigation,individual,0,0.6564,False,True,True,"The extraction overlaps substantially with the ground truth on the main mechanism and timeline: constructing about 1000 MW of solar plants by 2030. However, it adds a specific generation target ('at least 15% or 1.8 billion kWh by 2030') that is not present in the ground-truth policy as stated here. Because the added target may be accurate in a broader source but cannot be verified from the provided excerpt and is beyond the ground-truth formulation, this is directionally correct but not an exact match."
Armenia_AM,5,18,"Under the Strategy and Action Plan, Armenia will construct medium utility-scale solar PV power plants totaling 175 MW by end-2024, including Masrik-1 (55 MW) in 2022 and additional 120 MW by end-2024.",Mitigation,individual,Construct 175 MW of medium utility-scale solar PV plants by 2024.,Mitigation,individual,0,0.6513,False,True,True,"The extracted policy captures the main quantified target and timeline: 175 MW of medium utility-scale solar PV by 2024, which directionally matches the ground truth. However, it omits important specificity present in the reference policy, namely that this is under the Strategy and Action Plan, the deadline is explicitly end-2024, and the phased delivery mechanism includes Masrik-1 (55 MW) in 2022 plus an additional 120 MW by end-2024. Because the core intent is correct but key implementation details are missing, this is a partial match."
Armenia_AM,6,19,"Under the Strategy and Action Plan, Armenia envisages construction of two 200 MW solar PV plants (400 MW total) in 2023 and 2024, including the 200 MW 'Ayg-1' plant.",Mitigation,individual,Construct two large utility-scale solar PV plants of 200 MW each by 2024.,Mitigation,individual,0,0.6115,False,True,True,"The extracted policy is directionally correct on the core action and scale: it captures two solar PV plants of 200 MW each (400 MW total) and a completion horizon by 2024, which aligns broadly with the ground truth. However, it misses important specificity from the ground truth: the plants are envisaged under the Strategy and Action Plan specifically in 2023 and 2024, and one is explicitly the 200 MW 'Ayg-1' plant. It also omits the softer commitment language ('envisages') and instead states a more direct construction commitment. Because the intent and main quantities are right but key timing/detail and commitment nuance are missing, the best score is 0."
Armenia_AM,7,20,"Armenia will support installation of solar PV plants up to 5 MW through tariff policy and power purchase agreements, targeting 315 MW of such PV capacity by 2030.",Mitigation,individual,Support installation of 315 MW of solar PV power plants with capacity up to 5 MW by 2030 through tariff policy and power purchase agreements.,Mitigation,individual,1,0.7854,True,True,True,"The extracted policy matches the ground-truth closely in scope, target, timeline, and mechanism. It correctly states support for solar PV plants up to 5 MW, the 315 MW capacity target, the 2030 deadline, and the delivery mechanisms of tariff policy and power purchase agreements. Commitment strength is equivalent in substance."
Armenia_AM,2,21,Armenia plans to commission the Masrik-1 utility-scale solar PV plant (55 MW peak) by 2022 and hold tenders for additional solar PV plants totaling about 520 MW (including two 200 MW plants).,Mitigation,individual,"Commission 12 solar PV plants up to 1 MW each, totaling 10 MW.",Mitigation,individual,-1,0.5801,False,True,True,"The extracted policy does not match the ground-truth. The ground-truth is about commissioning the Masrik-1 utility-scale solar PV plant at 55 MW by 2022 and tendering additional utility-scale solar PV capacity totaling about 520 MW, including two 200 MW plants. The extraction instead claims 12 small plants up to 1 MW each totaling 10 MW, which materially contradicts the scale, specific project, and tender commitments in the ground-truth."
Armenia_AM,4,23,"Armenia plans to reach total small hydropower plant (SHPP) capacity of 430 MW by 2023, supported by the Hydro Energy Development Concept and 15-year Power Purchase Agreements under the Energy Law.",Mitigation,individual,Create favorable conditions for SHPP development and commissioning of new small hydropower plants.,Mitigation,individual,0,0.5655,False,True,True,"The extracted policy matches the general direction of the ground-truth by referring to favorable conditions for small hydropower development and new SHPP commissioning. However, it omits the key quantified target (430 MW), deadline (by 2023), and the specific delivery mechanisms (Hydro Energy Development Concept and 15-year Power Purchase Agreements under the Energy Law). It is therefore directionally correct but too vague and underspecified for a full match."
Armenia_AM,3,24,Armenia aims to reduce electricity distribution losses to 6.4% in 2027 under Electric Networks of Armenia's 2016-2027 investment program.,Mitigation,individual,Upgrade Electric Networks of Armenia distribution networks to reduce electricity losses.,Resource Efficiency,individual,0,0.756,False,True,False,"The extracted policy is directionally consistent with the ground truth because it refers to upgrading Electric Networks of Armenia's distribution networks to reduce electricity losses. However, it omits the key quantified target (reduce losses to 6.4%), the deadline (2027), and the specific framing that this is under ENA's 2016–2027 investment program. With no source excerpt provided, there is no basis to verify stronger specificity, so this is a vague but generally correct match rather than a full one."
Austin_US,84,0,Austin will achieve net-zero community-wide greenhouse gas emissions by 2040.,Mitigation,individual,Overall Goal: Austin will achieve net-zero community-wide greenhouse gas emissions by 2040,Mitigation,individual,1,0.9085,True,True,True,"The extracted policy matches the ground-truth exactly in scope, target, and deadline: Austin will achieve net-zero community-wide greenhouse gas emissions by 2040. Although the source document excerpt is not provided, relative to the stated ground-truth there is no loss of specificity or weakening of commitment."
Austin_US,0,5,Achieve net-zero carbon for all new buildings and reduce emissions by 25% for existing buildings while lowering all natural gas-related emissions by 30% by 2030.,Mitigation,parent,SB.G1: Achieve net-zero carbon for all new buildings and reduce emissions by 25% for existing buildings while lowering all natural gas-related emissions by 30%.,Mitigation,parent,0,0.8119,False,True,True,"The extracted policy matches the core commitments and quantitative targets in the ground-truth: net-zero carbon for all new buildings, 25% emissions reduction for existing buildings, and 30% reduction in natural gas-related emissions. However, it omits the deadline 'by 2030,' which is a key specificity element. With no source excerpt provided to verify wording or strength, this is directionally correct but incomplete rather than an exact match."
Austin_US,1,6,Ensure benefits of building decarbonization programs flow to low-income communities and communities of color through comprehensive energy poverty mitigation and partnerships.,Mitigation,sub,SB.G1-S1: Ensure benefits flow to low-income communities and communities of color,Mitigation,sub,0,0.6029,False,True,True,"The extracted policy matches the broad intent of the ground-truth—ensuring benefits flow to low-income communities and communities of color—but it omits key specificity. It does not mention that this is tied to building decarbonization programs, nor the delivery mechanisms of comprehensive energy poverty mitigation and partnerships. With no source excerpt provided, accuracy to document text cannot be further verified. Overall, it is directionally correct but too vague for a full match."
Austin_US,3,8,"Achieve net-zero carbon building milestones through new building energy codes/amendments and incentives/education for existing building decarbonization, in collaboration with utilities and with equity focus.",Mitigation,sub,"SB.G1-S3: Achieve energy-efficient, net-zero carbon buildings",Mitigation,sub,0,0.6825,False,True,True,"The extracted policy matches the general intent of the ground-truth on net-zero carbon buildings, but it is too vague to earn a full match. It omits key delivery mechanisms and qualifiers present in the ground-truth: new building energy codes/amendments, incentives and education for existing building decarbonization, collaboration with utilities, and an equity focus. With no source excerpt provided, there is no basis to verify stronger specificity or commitment beyond the broad goal statement."
Austin_US,4,9,Create equitable workforce development and training opportunities for emerging building-related technologies by partnering with local unions and education/advocacy organizations serving low-income communities and communities of color.,Mitigation,sub,SB.G1-S4: Ensure equitable workforce development for emerging technologies,Mitigation,sub,0,0.6266,False,True,True,"The extracted policy is directionally aligned with the ground-truth on equitable workforce development for emerging technologies, but it is too vague to be a full match. It omits key specificity from the ground-truth: the focus on building-related technologies, the delivery mechanism of partnering with local unions and education/advocacy organizations, and the target beneficiaries of low-income communities and communities of color. With no source excerpt provided, there is no basis to confirm stronger alignment. Therefore this is a partial but imprecise match."
Austin_US,5,10,Reduce community-wide greenhouse gas emissions from refrigerant leakage by 25% by 2030.,Mitigation,parent,SB.G2: Reduce community-wide greenhouse gas emissions from refrigerant leakage by 25%.,Mitigation,parent,0,0.8192,False,True,True,"The extracted policy matches the core scope and target level: reducing community-wide greenhouse gas emissions from refrigerant leakage by 25%. However, it omits the deadline 'by 2030,' which is a key specificity element in the ground-truth policy. With no source excerpt provided, there is no basis to assess further commitment language, so this is directionally correct but incomplete rather than a full match."
Austin_US,6,11,Develop a refrigerant destruction program that places a price on older high ozone-depleting and high-GWP refrigerants to increase capture and safe destruction.,Mitigation,sub,SB.G2-S1: Capture and destroy old refrigerants,Mitigation,sub,0,0.6504,False,True,True,"The extracted policy matches the general intent of the ground-truth—capturing and destroying old refrigerants—but it omits the key policy mechanism and specificity. The ground-truth requires developing a refrigerant destruction program that places a price on older high ozone-depleting and high-GWP refrigerants to drive capture and safe destruction. The extraction is therefore directionally correct but too vague, with no mention of pricing, program design, or the targeted refrigerant classes."
Austin_US,7,12,Move forward with building code amendments and other local actions to allow/encourage low and no-GWP refrigerants as soon as feasible.,Mitigation,sub,SB.G2-S2: Improve building codes to encourage cleaner refrigerants,Mitigation,sub,0,0.7233,False,True,True,"The extracted policy is directionally aligned with the ground truth because it refers to improving building codes to encourage cleaner refrigerants. However, it is less specific and weaker: it omits the scope of 'other local actions,' the focus on 'low and no-GWP refrigerants,' and the timing/commitment nuance of 'move forward ... as soon as feasible.' Without the source excerpt, accuracy to document wording cannot be further verified, but relative to the ground truth this is an imprecise match rather than a full one."
Austin_US,8,13,"Create incentives for refrigerant leak detection, prevention, and repair in partnership with food retail, restaurants, warehouses, and HVAC companies, prioritizing outreach to small businesses owned by people of color.",Mitigation,sub,SB.G2-S3: Create incentives for leak detection and repair,Mitigation,sub,0,0.5619,False,True,True,"The extracted policy matches the general intent of the ground-truth by calling for incentives for leak detection and repair. However, it omits important scope and specificity from the ground-truth: prevention is missing, the partnership sectors (food retail, restaurants, warehouses, HVAC companies) are not mentioned, and the prioritization of outreach to small businesses owned by people of color is absent. With no source excerpt provided, there is no basis to verify stronger commitment language. Overall, this is directionally correct but too vague and incomplete for a full match."
Austin_US,9,14,"Create an awareness, education, and training campaign for HVAC service providers and related stakeholders; lead by example with refrigerant leak detection/repair at City-owned facilities.",Mitigation,sub,SB.G2-S4: Awareness and training for HVAC service providers,Mitigation,sub,0,0.6223,False,True,True,"The extracted policy matches the general topic of awareness and training for HVAC service providers, which aligns with part of the ground-truth. However, it omits key scope and mechanism details: the ground-truth also includes related stakeholders and a specific lead-by-example action on refrigerant leak detection/repair at City-owned facilities. With no source excerpt provided, this is directionally correct but incomplete and less specific."
Austin_US,10,15,"Reduce the volume/use of refrigerants, particularly high-GWP refrigerants, by expanding and prioritizing codes and incentives favoring passive design, reduction, and efficiency.",Mitigation,sub,SB.G2-S5: Reduce the volume of refrigerants,Mitigation,sub,0,0.6609,False,True,True,"The extracted policy matches the general direction of the ground-truth by aiming to reduce refrigerant volume/use. However, it is less specific and omits key elements from the ground-truth: the focus on high-GWP refrigerants and the delivery mechanisms of expanding/prioritizing codes and incentives favoring passive design, reduction, and efficiency. With no source excerpt provided, this is best scored as directionally correct but vague."
Austin_US,11,16,Reduce the embodied carbon footprint of building materials used in local construction by 40% from a 2020 baseline by 2030 (with project embodied carbon not exceeding 500 kg CO2e/m2).,Mitigation,parent,SB.G3: Reduce the embodied carbon footprint of building materials used in local construction by 40%.,Mitigation,parent,0,0.7776,False,True,True,"The extracted policy matches the core direction and target magnitude of the ground-truth (reduce embodied carbon footprint of building materials by 40%), but it omits key specificity: the 2020 baseline, the 2030 deadline, and the project-level cap of 500 kg CO2e/m2. Without those details, the extraction is directionally correct but incomplete."
Austin_US,13,18,"Integrate lower-carbon building materials and deconstruction practices into City incentive programs (e.g., expedited permitting and Austin Energy Green Building) and transition voluntary guidance into planning/development agreements over time.",Mitigation,sub,SB.G3-S2: Incentivize lower-carbon materials,Mitigation,sub,0,0.5786,False,True,True,"The extracted policy matches the general intent of the ground-truth by focusing on incentivizing lower-carbon materials. However, it is much less specific: it omits the integration into City incentive programs, the inclusion of deconstruction practices, the examples of mechanisms (expedited permitting, Austin Energy Green Building), and the transition from voluntary guidance into planning/development agreements over time. With no source excerpt provided, this is best scored as directionally correct but vague."
Austin_US,16,21,"Equitably achieve a community-wide water demand of approximately 152,000 acre-feet per year by 2030 by implementing strategies in the Water Forward Plan.",Resource Efficiency,parent,"SB.G4: Equitably achieve a community-wide water demand of approximately 152,000 acre-feet per year.",Resource Efficiency,parent,0,0.7709,False,True,True,"The extracted policy matches the core commitment and quantitative target of approximately 152,000 acre-feet per year, but it omits key specificity from the ground truth: the deadline ('by 2030') and the delivery mechanism ('by implementing strategies in the Water Forward Plan'). Because those details are missing, it is directionally correct but incomplete rather than a full match."
Austin_US,17,22,"Enhance community engagement and partnerships to advance Water Forward equity strategies (e.g., My ATX Water, incentives, ordinances) and implement targeted outreach to improve participation.",Resource Efficiency,sub,"SB.G4-S1: Engage residents in water efficiency technological transitions, and conservation programs",Resource Efficiency,sub,0,0.5624,False,True,True,"The extracted policy is directionally aligned with the ground-truth on community engagement around water-related programs, but it is noticeably less specific and misses important elements. The ground-truth emphasizes enhancing community engagement and partnerships specifically to advance Water Forward equity strategies, including targeted outreach to improve participation and examples such as My ATX Water, incentives, and ordinances. The extracted policy captures resident engagement in water efficiency and conservation programs, but omits the equity focus, partnerships, targeted outreach, and named mechanisms. With no source excerpt provided, this is best scored as a partial but vague match rather than a full match."
Austin_US,18,23,Evaluate water conservation and customer assistance program criteria to remove structural barriers and expand enrollment in the Customer Assistance Program and other low-income-serving programs.,Resource Efficiency,sub,"SB.G4-S2: Evaluate water conservation, customer assistance, and workforce development program participation criteria",Resource Efficiency,sub,0,0.7078,False,True,True,"The extracted policy is directionally aligned with the ground-truth on evaluating water conservation and customer assistance program criteria. However, it omits key specifics: removing structural barriers and expanding enrollment in the Customer Assistance Program and other low-income-serving programs. It also adds 'workforce development' participation criteria, which is not present in the ground-truth. With no source excerpt provided, this is best scored as a partial but imprecise match rather than a full match."
Austin_US,19,24,"Assess and pursue water conservation and energy management optimization at the water-energy nexus, including evaluating Austin Water facility energy use and developing methods to quantify emissions reductions from water-demand reduction.",Mitigation,sub,SB.G4-S3: Reduce emissions at the water-energy nexus,Resource Efficiency,sub,0,0.5858,False,True,False,"The extracted policy matches the general topic and intent of the ground-truth by identifying emissions reduction at the water-energy nexus. However, it is much less specific: it omits the concrete actions in the ground-truth such as assessing water conservation and energy management optimization, evaluating Austin Water facility energy use, and developing methods to quantify emissions reductions from reduced water demand. It also does not reflect the softer commitment language ('assess and pursue') present in the ground-truth. Directionally correct but too vague for a full match."
Austin_US,20,25,Locate 80% of new non-residential development within the city's Imagine Austin activity centers and corridors by 2030.,Mitigation,parent,TLU.G1: 80% of new non-residential development is located within the city's activity centers and corridors.,Resource Efficiency,parent,0,0.7202,False,True,False,"The extracted policy matches the core target and scope: 80% of new non-residential development within the city's activity centers and corridors, which aligns closely with the ground truth. However, it omits two specific details from the ground-truth policy: the reference to 'Imagine Austin' activity centers and corridors, and the deadline 'by 2030.' Without the source excerpt, commitment strength cannot be verified, and the missing deadline reduces specificity. Therefore this is directionally correct but incomplete."
Austin_US,22,27,Work with medium and large employers to locate places of business in growth centers and along corridors.,Mitigation,sub,TLU.G1-S2: Work with employers on location and amenities,Resource Efficiency,sub,0,0.5786,False,True,False,"The extracted policy is directionally aligned with the ground-truth because it captures working with employers on business location. However, it is less specific and omits key scope and mechanism details from the ground-truth: it drops 'medium and large employers,' omits the explicit siting preference 'in growth centers and along corridors,' and adds/mentions 'amenities,' which is not present in the ground-truth. With no source excerpt provided, this is best graded as a vague but related match rather than a full match."
Austin_US,23,28,"Create community mobility hubs, including park-and-ride facilities, adjacent to transit stops with first/last-mile options.",Mitigation,sub,TLU.G1-S3: Create mobility hubs,Resource Efficiency,sub,0,0.5737,False,True,False,"The extracted policy matches the general intent of the ground-truth by identifying the creation of mobility hubs. However, it omits key specifics present in the ground-truth: community mobility hubs, adjacency to transit stops, inclusion of park-and-ride facilities, and provision of first/last-mile options. With no source excerpt to verify stronger wording, this is directionally correct but too vague to count as a full match."
Austin_US,24,29,"Phase out free employee parking at City facilities and other large employers within 1/2 mile of the transit priority network, replacing it with cash-out, carpool/vanpool, transit passes, telework, or other commuter benefits.",Mitigation,sub,TLU.G1-S4: Phase out free parking,Resource Efficiency,sub,0,0.5896,False,True,False,"The extracted policy captures the general direction of the ground-truth policy—phasing out free parking—but it is too vague to be a full match. It omits key scope details (employee parking, City facilities and other large employers, within 1/2 mile of the transit priority network) and the required replacement mechanisms (cash-out, carpool/vanpool, transit passes, telework, or other commuter benefits). With no source excerpt provided, there is no basis to verify stronger specificity, so this is directionally correct but underspecified."
Austin_US,25,30,"Preserve and produce 135,000 housing units (including 60,000 affordable units) by 2027, with 75% of new housing located within 1/2 mile of Imagine Austin activity centers and corridors.",Mitigation,parent,"TLU.G2: By 2027, preserve and produce 135,000 housing units, including 60,000 affordable housing units, with 75% of new housing located within ½ mile of activity centers and corridors.",Resource Efficiency,parent,1,0.7429,True,True,False,"The extracted policy matches the ground-truth closely on all key specifics: target year (2027), total housing units (135,000), affordable units (60,000), and the siting requirement that 75% of new housing be within 1/2 mile of activity centers and corridors. The omission of the word ""Imagine Austin"" before ""activity centers and corridors"" is minor and does not materially change the policy intent. Commitment and specificity are preserved."
Austin_US,26,33,Engage communities vulnerable to displacement for immediate affordable housing assistance and proactively monitor at-risk affordable properties to extend affordability.,Adaptation,sub,TLU.G2-S3: Enhance community engagement for affordable housing and anti-displacement programs,Resource Efficiency,sub,0,0.6938,False,True,False,"The extracted policy is directionally aligned with the ground-truth on community engagement and anti-displacement/affordable housing, but it is substantially less specific. It omits the key target group (communities vulnerable to displacement), the concrete commitments (immediate affordable housing assistance and proactive monitoring of at-risk affordable properties), and the mechanism/outcome (extending affordability). With no source excerpt provided, there is no basis to confirm stronger alignment, so this is a partial but vague match rather than a full match."
Austin_US,27,34,"Ensure 50% of trips in Austin are made by public transit, biking, walking, carpooling, or avoided by working from home by 2030.",Mitigation,parent,"TLU.G3: 50% of trips in Austin are made using public transit, biking, walking, carpooling, or avoided altogether by working from home.",Resource Efficiency,parent,1,0.7903,True,True,False,"The extracted policy matches the ground-truth closely in scope, target, and mechanism: it specifies 50% of trips in Austin and the same set of modes/avoidance pathways (public transit, biking, walking, carpooling, or avoided by working from home). The only omission is the deadline 'by 2030,' but otherwise the commitment is substantively aligned and not contradictory."
Austin_US,28,35,Work with the Austin Transit Partnership to implement Project Connect and expand and improve public transportation services.,Mitigation,sub,TLU.G3-S1: Expand and improve public transportation,Resource Efficiency,sub,0,0.5833,False,True,False,"The extracted policy is directionally consistent with the ground-truth because it captures the intent to expand and improve public transportation. However, it omits key specificity and mechanism: the ground-truth explicitly commits to working with the Austin Transit Partnership to implement Project Connect, which is central to scope and delivery. Without that partnership and implementation detail, the extraction is materially vaguer rather than a full match."
Austin_US,29,36,"Create comprehensive, user-friendly resources connecting community members with free transportation options and expand free transit options to increase access for low-income communities, communities of color, and people with disabilities.",Mitigation,sub,TLU.G3-S2: Promote free transportation options,Resource Efficiency,sub,0,0.6397,False,True,False,"The extracted policy matches the general intent of the ground-truth by referring to free transportation options, but it is much less specific. It omits the mechanisms in the ground-truth—creating comprehensive, user-friendly resources and expanding access specifically for low-income communities, communities of color, and people with disabilities. It also weakens the action from a concrete commitment to a vague 'Promote' statement. With no source excerpt provided, this is only a partial, directionally correct match."
Austin_US,30,37,Engage impacted communities to improve transit stops/stations and enforce ADA and accessibility guidelines around transit and public spaces.,Mitigation,sub,TLU.G3-S3: Enhance transit stations and stops,Resource Efficiency,sub,0,0.5709,False,True,False,"The extracted policy is directionally aligned with the ground-truth because both concern improving transit stations/stops. However, it omits key specifics from the ground-truth: engaging impacted communities, enforcing ADA and accessibility guidelines, and the broader scope of public spaces. With no source excerpt provided, there is no basis to confirm stronger commitment or additional mechanisms. This is therefore a vague but related match rather than a full capture."
Austin_US,32,39,Provide access to free or reduced-price bicycles and bicycle training for communities of color and train police officers on bicycle laws and racial profiling to improve safety and comfort for riders of color.,Mitigation,sub,TLU.G3-S5: Enhance bicycle education and training,Resource Efficiency,sub,0,0.5963,False,True,False,"The extracted policy is directionally related to bicycle education/training, but it is too vague and misses the core specifics of the ground-truth policy: providing free or reduced-price bicycles, targeting communities of color, and training police officers on bicycle laws and racial profiling to improve safety and comfort for riders of color. It captures only a broad education/training theme without the targeted beneficiaries, delivery mechanisms, or equity-focused enforcement component."
Austin_US,33,40,"Update the City's Sidewalk Plan and Urban Trails Plan emphasizing equity and meaningful community engagement, and build priority segments while addressing ADA barriers and gaps.",Mitigation,sub,"TLU.G3-S6: Improve sidewalks, urban trails, and crossings",Resource Efficiency,sub,0,0.689,False,True,False,"The extracted policy is directionally aligned with the ground-truth because it addresses sidewalks and urban trails, and broadly implies related pedestrian infrastructure improvements. However, it is much less specific than the ground-truth: it omits updating the City's Sidewalk Plan and Urban Trails Plan, the emphasis on equity and meaningful community engagement, building priority segments, and addressing ADA barriers and gaps. With no source excerpt provided, there is no basis to confirm stronger alignment. This is a vague paraphrase of the general intent rather than a full match."
Austin_US,34,41,"Actively promote remote work, telework, and flexible commute policies, including a City telework policy encouraging at least 85% of eligible City employees to participate and supporting a goal of 15% residents working from home by 2039.",Mitigation,sub,TLU.G3-S7: Promote remote and flexible work policies,Resource Efficiency,sub,0,0.6385,False,True,False,"The extracted policy matches the general direction of the ground-truth by promoting remote and flexible work policies. However, it omits key specifics and commitment details: no mention of telework/commute mechanisms, the City telework policy, the target of at least 85% of eligible City employees participating, or the goal of 15% of residents working from home by 2039. With no source excerpt provided to verify stronger wording, this is directionally correct but too vague for a full match."
Austin_US,35,42,"Electrify 40% of total vehicle miles traveled (VMT) in Austin by 2030 and ensure EV ownership is culturally, geographically, and economically diverse (about 460,000 EVs).",Mitigation,parent,"TE.G1: 40% of total vehicle miles traveled in Austin are electrified, and electric vehicle ownership is culturally, geographically, and economically diverse.",Mitigation,parent,0,0.7912,False,True,True,"The extracted policy captures the core target and equity framing from the ground truth: 40% of total vehicle miles traveled in Austin electrified, with EV ownership culturally, geographically, and economically diverse. However, it omits the deadline ('by 2030') and the quantified scale detail ('about 460,000 EVs'), reducing specificity. It is directionally correct but incomplete."
Austin_US,36,43,"Complete an Electric Vehicle Community Needs Assessment to inform an EV adoption growth plan, using community partners and hiring residents from the communities served.",Mitigation,sub,TE.G1-S1: Conduct an EV Community Needs Assessment,Mitigation,sub,0,0.6872,False,True,True,"The extracted policy matches the general action in the ground truth: conducting an EV Community Needs Assessment. However, it omits important specificity and mechanism details from the ground truth, including that the assessment is intended to inform an EV adoption growth plan, that community partners will be used, and that residents from the communities served will be hired. With no source excerpt provided, this is best graded as directionally correct but incomplete rather than a full match."
Austin_US,37,44,"Create inclusive and easily accessible incentives for buying or leasing EVs, prioritizing low-income communities and communities of color and areas with limited transit access.",Mitigation,sub,TE.G1-S2: Create equitable incentives for buying and leasing EVs,Mitigation,sub,0,0.7409,False,True,True,"The extracted policy matches the general intent of the ground-truth by calling for equitable incentives for buying and leasing EVs. However, it omits important specificity present in the ground-truth: accessibility/inclusivity and the prioritization of low-income communities, communities of color, and areas with limited transit access. With no source excerpt provided, this is directionally correct but materially less specific."
Austin_US,38,45,Partner with mobility authorities to reduce or eliminate toll rates for low-income communities and communities of color who drive EVs on toll roads from the Eastern Crescent to central Austin.,Mitigation,sub,TE.G1-S3: Reduce tolls for EVs in the Eastern Crescent,Mitigation,sub,0,0.658,False,True,True,"The extracted policy is directionally aligned with the ground-truth because it refers to reducing tolls for EVs in the Eastern Crescent. However, it omits key specifics: the partnership with mobility authorities, the possibility of eliminating tolls, the targeted beneficiaries (low-income communities and communities of color), and the specific corridor to central Austin. With no source excerpt provided, accuracy to the document cannot be further verified. Overall, this is a vague partial match rather than a full capture of scope, commitment, and mechanism."
Austin_US,39,46,"Create an electric bike and car-sharing program centered on low-income communities and communities of color, with income thresholds and actions to address displacement.",Mitigation,sub,TE.G1-S4: Launch an e-bike and electric car-sharing program,Mitigation,sub,0,0.6331,False,True,True,"The extracted policy matches the general intent of establishing an e-bike/electric car-sharing program, but it omits key specificity from the ground truth: the focus on low-income communities and communities of color, the use of income thresholds, and actions to address displacement. Without those core scope and equity-delivery details, it is only directionally correct rather than a full match."
Austin_US,40,47,"Encourage public sector fleets in the five-county MSA to commit to buying 100% electric vehicles when available, cost-competitive, and operationally suitable, leveraging purchasing collaboration and considering early retirement of older vehicles.",Mitigation,sub,TE.G1-S5: Electrify public sector fleet vehicles,Mitigation,sub,0,0.605,False,True,True,"The extracted policy is directionally aligned with the ground-truth because it identifies electrification of public sector fleet vehicles. However, it omits key specifics and commitment details from the ground-truth: the five-county MSA scope, the conditional commitment to buy 100% electric vehicles when available/cost-competitive/operationally suitable, the purchasing collaboration mechanism, and the consideration of early retirement of older vehicles. With no source excerpt provided, this cannot be confirmed more precisely, but relative to the ground-truth it is too vague for a full match."
Austin_US,41,48,"Provide an equitably distributed mix of Level 1, Level 2, and DC fast charging infrastructure sufficient to accommodate 40% of VMT by 2030 (potentially 37,000+ charging ports).",Mitigation,parent,"TE.G2: Austin has a compelling and equitably distributed mix of level 1, 2, and DC fast-charging stations to accommodate 40% of total vehicle miles traveled in the city.",Mitigation,parent,0,0.6367,False,True,True,"The extracted policy matches the core scope and target of the ground truth: an equitably distributed mix of Level 1, Level 2, and DC fast charging sufficient to accommodate 40% of vehicle miles traveled. However, it omits key specificity from the ground truth, notably the 2030 deadline and the indicative scale of potentially 37,000+ charging ports. It also shifts from a directive commitment ('Provide') to a descriptive/aspirational framing ('Austin has'), which weakens commitment strength."
Austin_US,42,49,"Incentivize installation of EV charging infrastructure by multiple actors and prioritize systematically excluded areas, including installing chargers on publicly owned land to fill gaps.",Mitigation,sub,"TE.G2-S1: Create a network with more low-cost, accessible charging stations",Mitigation,sub,0,0.5807,False,True,True,"The extracted policy is directionally aligned with the ground-truth on expanding EV charging infrastructure and emphasizing accessibility/affordability. However, it is much vaguer and misses key specifics: it does not mention incentivizing installation by multiple actors, prioritizing systematically excluded areas, or using publicly owned land to fill charging gaps. Without the source excerpt, accuracy to document wording cannot be verified, but relative to the ground-truth it captures the general intent while omitting important mechanisms and equity-focused details."
Austin_US,43,50,"Incentivize internet-connected smart charging to support grid reliability, efficiency, reduced emissions, accessibility, and lower costs by 2030.",Mitigation,sub,TE.G2-S2: Incentivize internet-connected smart charging,Mitigation,sub,0,0.6862,False,True,True,"The extracted policy matches the core action of the ground-truth—""incentivize internet-connected smart charging""—but omits the key specificity and scope present in the reference: the purpose/outcomes (support grid reliability, efficiency, reduced emissions, accessibility, and lower costs) and the deadline (by 2030). With no source excerpt provided to verify stronger commitment language, this is directionally correct but incomplete."
Austin_US,44,51,"Adopt new energy and building codes to address future EV charging needs and lower barriers, including potentially requiring chargers at commercial and multifamily properties and EV-ready single-family homes.",Mitigation,sub,TE.G2-S3: Adopt new energy and building codes,Mitigation,sub,0,0.6099,False,True,True,"The extracted policy captures the general action of adopting new energy and building codes, which aligns directionally with the ground-truth. However, it omits the substantive specificity and scope: addressing future EV charging needs, lowering barriers, and the concrete mechanisms such as requiring chargers at commercial and multifamily properties and EV-ready single-family homes. With no source excerpt provided, there is no basis to infer those missing details from the document text. Thus it is correct in broad intent but too vague to count as a full match."
Austin_US,46,58,"Ensure all Austinites can access a community-driven food system that addresses food insecurity, prioritizes regenerative agriculture, supports dietary/health agency, promotes plant-based foods, and minimizes food waste by 2030.",Nature-Based Solutions,parent,"FPC.G1: Ensure all Austinites can access a food system that is community-driven, addresses food insecurity, prioritizes regenerative agriculture, supports dietary and health agency, promotes plant-based foods, and minimizes food waste.",Resource Efficiency,parent,1,0.7866,True,True,False,"The extracted policy closely matches the ground-truth in scope and specificity: it includes community-driven food systems, food insecurity, regenerative agriculture, dietary/health agency, plant-based foods, and minimizing food waste. The only omission is the deadline 'by 2030.' Because the core commitment and delivery focus are preserved with very high fidelity and no contradiction or hallucination, this is a strong match overall."
Austin_US,47,59,"Apply a purchasing framework and build a regional food system network to increase institutional and corporate procurement of pro-climate, pro-health food options.",Mitigation,sub,FPC.G1-S1: Support institutional food purchasing,Resource Efficiency,sub,0,0.5821,False,True,False,"The extracted policy is directionally aligned with the ground-truth because both concern institutional food purchasing. However, it is much less specific: it omits the purchasing framework, the regional food system network, the institutional and corporate procurement scope, and the pro-climate/pro-health food objective. With no source excerpt provided, there is no basis to confirm stronger commitment or additional mechanisms, so this is only a vague partial match."
Austin_US,48,60,"Implement community-driven programs to incentivize and promote affordable, culturally relevant pro-climate, pro-health food choices in prepared and retail options, focusing on minimizing displacement.",Mitigation,sub,FPC.G1-S2: Promote and fund community-driven food retail programs,Resource Efficiency,sub,0,0.6134,False,True,False,"The extracted policy is directionally aligned with the ground truth in that it refers to community-driven food retail programs and implies support through funding. However, it is significantly less specific: it omits the core aims of incentivizing affordable, culturally relevant pro-climate and pro-health food choices, the focus on both prepared and retail options, and the minimizing-displacement safeguard. With no source excerpt provided, there is no basis to confirm stronger specificity or commitment, so this is a partial but vague match rather than a full match."
Austin_US,49,61,"Develop community-driven programs/tools (e.g., labeling, apps, education, incentives) to equitably make pro-climate, pro-health food choices affordable and culturally relevant.",Mitigation,sub,"FPC.G1-S3: Incentivize pro-climate, pro-health food choices",Resource Efficiency,sub,0,0.625,False,True,False,"The extracted policy matches the general intent of the ground-truth by focusing on incentivizing pro-climate, pro-health food choices. However, it is substantially less specific: it omits the community-driven aspect, the equity and cultural relevance goals, the affordability component, and the broader delivery mechanisms listed in the ground-truth (labeling, apps, education, incentives, tools/programs). With no source excerpt provided, there is no basis to confirm stronger alignment. This is directionally correct but too vague to merit a full match."
Austin_US,50,62,"Conduct a food waste root cause analysis and implement changes to increase food waste reduction practices by 50%, covering single-family, multifamily, and commercial properties.",Mitigation,sub,FPC.G1-S4: Conduct a food waste root cause analysis,Resource Efficiency,sub,0,0.6968,False,True,False,"The extracted policy matches the core action in the ground truth—conducting a food waste root cause analysis—but omits the key commitment details: implementing changes, the quantified target of increasing food waste reduction practices by 50%, and the scope covering single-family, multifamily, and commercial properties. With no source excerpt provided, it cannot be verified further, but relative to the ground truth it is directionally correct yet substantially incomplete."
Austin_US,51,63,"Reduce greenhouse gas emissions from institutional, commercial, and government purchasing by at least 50% by 2030.",Mitigation,parent,"FPC.G2: Reduce greenhouse gas emissions from institutional, commercial, and government purchasing by at least 50%.",Mitigation,parent,0,0.8088,False,True,True,"The extracted policy matches the core scope and target level of the ground-truth (reduce greenhouse gas emissions from institutional, commercial, and government purchasing by at least 50%), but it omits the deadline 'by 2030.' Because the quantified target is present but a key specificity element is missing, this is directionally correct but incomplete rather than a full match."
Austin_US,52,64,Develop a methodology to measure lifecycle GHG emissions and other impacts from non-residential purchasing and establish a baseline.,Mitigation,sub,FPC.G2-S1: Measure institutional lifecycle emissions,Mitigation,sub,0,0.5779,False,True,True,"The extracted policy is directionally aligned with the ground-truth because it refers to measuring lifecycle emissions in an institutional/non-residential context. However, it is substantially less specific: it omits developing a methodology, excludes 'other impacts,' and does not mention establishing a baseline. With no source excerpt provided to verify exact wording, this is best scored as an imprecise but related match rather than a full match."
Austin_US,53,65,Strengthen the City of Austin's Sustainable Procurement Program and adopt/develop sustainability guidelines for high-impact products; educate vendors and staff and integrate procurement with sustainability initiatives.,Mitigation,sub,FPC.G2-S2: Strengthen the City's sustainable purchasing program,Mitigation,sub,0,0.6683,False,True,True,"The extracted policy matches the general intent of the ground-truth by identifying the commitment to strengthen the City's sustainable purchasing/procurement program. However, it omits key specificity present in the ground-truth: adopting/developing sustainability guidelines for high-impact products, educating vendors and staff, and integrating procurement with broader sustainability initiatives. With no source excerpt provided, there is no basis to confirm stronger alignment. This is directionally correct but incomplete and less specific."
Austin_US,55,67,"Expand the City's Circular Economy Program to reduce consumption, enable internal reuse/sharing, provide incubation spaces and assistance, and expand youth internships and related entrepreneurship programs.",Resource Efficiency,sub,FPC.G2-S4: Expand the City's Circular Economy Program,Mitigation,sub,0,0.7506,False,True,False,"The extracted policy matches the core action to 'Expand the City's Circular Economy Program,' which aligns directionally with the ground truth. However, it omits all specific scope and mechanisms in the ground truth: reducing consumption, enabling internal reuse/sharing, providing incubation spaces and assistance, and expanding youth internships and entrepreneurship programs. With no source excerpt provided to verify stronger wording, this is best graded as correct but too vague rather than a full match."
Austin_US,56,68,"Aggressively pursue waste reduction, organics composting, and recycling to achieve the waste reduction goals in the 2023 Austin Resource Recovery Comprehensive Plan.",Mitigation,parent,"FPC.G3: Aggressively pursue waste reduction, organics composting, and recycling to achieve the waste reduction goals in the 2023 Austin Resource Recovery Comprehensive Plan.",Resource Efficiency,parent,1,0.9012,True,True,False,"The extracted policy matches the ground-truth exactly in scope, commitment strength, and specificity. It includes the same directive language ('Aggressively pursue'), the same mechanisms (waste reduction, organics composting, and recycling), and the same reference target/framework (the waste reduction goals in the 2023 Austin Resource Recovery Comprehensive Plan). No discrepancies or omissions are present."
Austin_US,57,69,"Implement consumer awareness and education campaigns to promote waste reduction, reuse, repair, and hierarchy-based waste management, targeting low-income communities, youth, and communities of color and delivering in many languages.",Mitigation,sub,FPC.G3-S1: Promote waste reduction and reuse,Resource Efficiency,sub,0,0.6205,False,True,False,"The extracted policy is directionally aligned with the ground-truth because it captures the general intent to promote waste reduction and reuse. However, it is much less specific: it omits repair, hierarchy-based waste management, the mechanism of consumer awareness and education campaigns, and the targeted audiences (low-income communities, youth, communities of color, and multilingual delivery). With no source excerpt provided, there is no basis to confirm stronger accuracy, so this is only a partial, vague match rather than a full one."
Austin_US,58,70,"Create equitably distributed Eco-hubs as neighborhood centers for borrowing, reuse, and repair services, prioritizing guidance from low-income communities and communities of color and co-locating with community centers.",Resource Efficiency,sub,FPC.G3-S2: Create Eco-hubs,Resource Efficiency,sub,0,0.5547,False,True,True,"The extracted policy matches the general action of creating Eco-hubs, but it omits key specificity and scope from the ground truth: equitable distribution, use as neighborhood centers for borrowing/reuse/repair, prioritizing guidance from low-income communities and communities of color, and co-location with community centers. With no source excerpt provided, there is no basis to verify stronger alignment. This is directionally correct but too vague."
Austin_US,59,71,"Offer a workforce development program for the circular economy (repair/reuse skills, job placement, entrepreneurship), prioritizing low-income communities, youth, and communities of color and publishing demographic participation data.",Resource Efficiency,sub,FPC.G3-S3: Create a workforce development program for the circular economy,Resource Efficiency,sub,0,0.7067,False,True,True,"The extracted policy matches the core action in the ground truth: creating a workforce development program for the circular economy. However, it omits key specificity and scope details present in the ground truth, including the program components (repair/reuse skills, job placement, entrepreneurship), the priority populations (low-income communities, youth, and communities of color), and the requirement to publish demographic participation data. With no source excerpt provided, this is best graded as directionally correct but incomplete rather than a full match."
Austin_US,60,72,"Offer financial incentives (e.g., point-of-sale rebates or sales tax holiday) to encourage consumers to choose lower-impact products, repair services, and rentals, developed with low-income communities and communities of color.",Mitigation,sub,FPC.G3-S4: Offer incentives for products that have lower negative environmental and social impact,Resource Efficiency,sub,0,0.5873,False,True,False,"The extracted policy matches the general intent of offering incentives for lower-impact products, but it is less specific than the ground truth. It omits key mechanisms (e.g., point-of-sale rebates or sales tax holiday), excludes incentives for repair services and rentals, and does not capture the equity-focused development with low-income communities and communities of color. With no source excerpt provided, accuracy to the document cannot be further verified, so this is directionally correct but vague."
Austin_US,62,74,"Legally protect an additional 20,000 acres of carbon pools on natural lands and manage all new and existing natural areas (~70,000 acres total) for resilience by 2030.",Nature-Based Solutions,parent,"NS.G1: Legally protect an additional 20,000 acres of carbon pools on natural lands and manage all new and existing natural areas (approx. 70,000 acres total), focusing on resilience.",Nature-Based Solutions,parent,1,0.861,True,True,True,"The extracted policy closely matches the ground-truth in scope, target, and mechanism: it includes legally protecting an additional 20,000 acres of carbon pools on natural lands and managing all new and existing natural areas (~70,000 acres total) for resilience. The only omission is the explicit deadline 'by 2030,' but otherwise the commitment is highly specific and accurate, so this merits a strong match."
Austin_US,63,75,"Identify and legally protect additional natural lands (woodland/grassland/wetland), focusing on conservation in Eastern Planning Areas and prioritizing benefits for low-income communities and communities of color.",Nature-Based Solutions,sub,NS.G1-S1: Protect natural lands,Nature-Based Solutions,sub,0,0.564,False,True,True,"The extracted policy is directionally aligned with the ground-truth because it refers to protecting natural lands. However, it omits key specifics and scope from the ground-truth: identifying and legally protecting additional woodland/grassland/wetland, the geographic focus on Eastern Planning Areas, and the prioritization of benefits for low-income communities and communities of color. With no source excerpt provided, there is also no support for stronger matching. This is therefore a vague but generally correct match."
Austin_US,64,76,Actively manage protected natural lands for climate resilience to avoid catastrophic loss of carbon pools through restoration and holistic management practices.,Nature-Based Solutions,sub,NS.G1-S2: Manage natural lands for resilience,Nature-Based Solutions,sub,0,0.661,False,True,True,"The extracted policy is directionally consistent with the ground-truth: both concern managing natural lands for resilience. However, it is substantially less specific. It omits key elements present in the ground-truth, including the active management framing, the climate resilience purpose, the aim of avoiding catastrophic loss of carbon pools, and the mechanisms of restoration and holistic management practices. With no source excerpt provided, accuracy cannot be further validated, so this is a partial but vague match rather than a full match."
Austin_US,65,77,"Increase community access to and positive perceptions of natural lands, including accessibility, safety, community ambassadors/hosts, inclusive signage, and ensuring all Austinites are within walking distance of a park.",Adaptation,sub,NS.G1-S3: Increase community access and positive perceptions of public land,Nature-Based Solutions,sub,0,0.709,False,True,False,"The extracted policy is directionally aligned with the ground-truth on the core intent: increasing community access and positive perceptions of natural/public land. However, it is substantially less specific. It omits key delivery mechanisms and scope details in the ground-truth, including accessibility, safety, community ambassadors/hosts, inclusive signage, and the walking-distance-to-a-park expectation for all Austinites. With no source excerpt provided, accuracy cannot be further validated, so this is a partial but vague match rather than a fully specific one."
Austin_US,66,78,"Protect quantity and quality of source water for municipal supply and environmental flows under climate threats through land protection, partnerships, recharge improvements, and multi-benefit projects prioritizing low-income communities and communities of color.",Adaptation,sub,NS.G1-S4: Protect water sources,Nature-Based Solutions,sub,0,0.5528,False,True,False,"The extracted policy matches the general topic of the ground-truth—protecting water sources/source water—but it is far too vague to capture the actual policy. It omits key specificity and mechanisms in the ground-truth, including protection of both quantity and quality, municipal supply and environmental flows, climate threats, land protection, partnerships, recharge improvements, multi-benefit projects, and prioritization of low-income communities and communities of color. With no source excerpt provided, there is no basis to verify stronger alignment. Directionally correct but underspecified."
Austin_US,67,79,"Protect 500,000 acres of farmland from development in the five-county region through legal protections or regenerative agriculture programs by 2030.",Nature-Based Solutions,parent,"NS.G2: Protect 500,000 acres of farmland from development in the five-county region through legal protections and regenerative agriculture programs.",Nature-Based Solutions,parent,0,0.8014,False,True,True,"The extracted policy matches the core scope and target: protecting 500,000 acres of farmland in the five-county region from development, using legal protections and regenerative agriculture programs. However, it omits the deadline ('by 2030'), which is a key specificity element in the ground truth. It also changes the mechanism from 'through legal protections or regenerative agriculture programs' to 'through legal protections and regenerative agriculture programs,' which slightly alters the commitment structure. Directionally correct but missing an important deadline and slightly imprecise on mechanism."
Austin_US,69,81,Reevaluate and update Agricultural Tax Exemption requirements to encourage regenerative practices and pursue broader appraiser coordination to address soil loss and desertification drivers.,Adaptation,sub,NS.G2-S2: Reform agricultural tax appraisals,Nature-Based Solutions,sub,0,0.5955,False,True,False,"The extracted policy is directionally aligned with the ground-truth because both concern agricultural tax/appraisal policy. However, it is too vague and misses the key specifics in the ground-truth: reevaluating and updating exemption requirements, the purpose of encouraging regenerative practices, and broader appraiser coordination to address soil loss and desertification drivers. With no source excerpt provided, there is no basis to confirm stronger alignment beyond the general topic."
Austin_US,73,85,Create and support agriculture-specific job creation and youth programs for aspiring farmers of color to strengthen workforce development in regenerative agriculture.,Nature-Based Solutions,sub,NS.G2-S6: Strengthen workforce development for farmers,Nature-Based Solutions,sub,0,0.5559,False,True,True,"The extracted policy is directionally aligned with the ground-truth on workforce development for farmers, but it is substantially less specific. It omits key scope details: agriculture-specific job creation, youth programs, aspiring farmers of color, and the regenerative agriculture context. It also does not capture the action to create and support specific programs. With no source excerpt provided, this cannot be verified further, but relative to the ground-truth it is an imprecise summary rather than a full match."
Austin_US,74,86,"Achieve at least 50% citywide tree canopy cover by 2050, focusing on increasing canopy cover equitably.",Adaptation,parent,"NS.G3: Achieve at least 50% citywide tree canopy cover by 2050, focusing on increasing canopy cover equitably.",Nature-Based Solutions,parent,1,0.8939,True,True,False,"The extracted policy matches the ground-truth exactly in target (at least 50% citywide tree canopy cover), deadline (by 2050), scope (citywide), and equity focus (increasing canopy cover equitably). It preserves the same commitment and specificity with no added or missing elements."
Austin_US,76,88,"Promote no net loss of tree canopy on private developments by increasing tree protections and landscape regulations and/or creating incentives, including extending protections to extraterritorial jurisdiction.",Adaptation,sub,NS.G3-S2: Promote tree protections and landscape regulations,Nature-Based Solutions,sub,0,0.7037,False,True,False,"The extracted policy is directionally aligned with the ground-truth because it captures the general intent to promote tree protections and landscape regulations. However, it omits several important specifics from the ground-truth: the 'no net loss of tree canopy' objective, the focus on private developments, the possibility of using incentives, and the extension of protections to extraterritorial jurisdiction. With no source excerpt provided, the extraction cannot be verified further, but relative to the ground-truth it is incomplete and less specific rather than contradictory."
Austin_US,77,89,Increase City funding for community tree-planting programs focused on low-income communities and communities of color.,Adaptation,sub,NS.G3-S3: Increase community tree planting,Nature-Based Solutions,sub,0,0.6121,False,True,False,"The extracted policy matches the general intent of expanding community tree planting, but it omits key specifics from the ground-truth: increased City funding as the mechanism and the focus on low-income communities and communities of color. With no source excerpt provided, there is no basis to confirm stronger alignment. Directionally correct but too vague."
Austin_US,78,90,"Create a tree, water, and soil management/resilience guide for private property and provide City technical and financial assistance for tree planting/care for residents and small businesses in low-income communities and communities of color.",Adaptation,sub,NS.G3-S4: Promote tree health and resilience on private and non-City public lands,Nature-Based Solutions,sub,0,0.6715,False,True,False,"The extracted policy is directionally aligned with the ground-truth on the general topic of improving tree health/resilience on private lands. However, it is much less specific and omits key elements of the ground-truth: the creation of a tree/water/soil management guide, the provision of City technical and financial assistance, the target beneficiaries (residents and small businesses), and the equity focus on low-income communities and communities of color. It also softens the commitment into a generic 'promote' statement without the delivery mechanisms captured in the ground-truth."
Austin_US,79,91,Include all City-owned lands under a management plan that results in neutral or negative carbon emissions and maximizes community co-benefits by 2030.,Nature-Based Solutions,parent,NS.G4: Include all City-owned lands under a management plan that results in neutral or negative carbon emissions and maximizes community benefits.,Nature-Based Solutions,parent,1,0.8797,True,True,True,"The extracted policy matches the ground-truth almost exactly in scope and mechanism: it covers all City-owned lands and requires a management plan resulting in neutral or negative carbon emissions while maximizing community co-benefits. The only omission is the deadline 'by 2030' and 'co-benefits' is shortened to 'benefits,' but the core commitment is otherwise captured accurately and specifically."
Austin_US,80,92,"Prioritize carbon neutrality and community benefits in public land acquisition and management, including completing land management database and using carbon-negative/low-carbon practices.",Nature-Based Solutions,sub,NS.G4-S1: Prioritize carbon neutrality for public lands,Nature-Based Solutions,sub,0,0.7174,False,True,True,"The extracted policy captures the general intent to prioritize carbon neutrality in public lands, which aligns directionally with the ground truth. However, it omits key specifics and scope: there is no mention of community benefits, public land acquisition and management, completion of the land management database, or use of carbon-negative/low-carbon practices. With no source excerpt provided to verify wording, this is best graded as an incomplete but related match rather than a full match."
Austin_US,81,93,"Reclaim underused public spaces to increase access and ecological function through green infrastructure, and conduct a study to convert an ambitious percentage of City surface parking lots to functional green uses where feasible.",Adaptation,sub,NS.G4-S2: Reclaim public space and prioritize green infrastructure,Nature-Based Solutions,sub,0,0.6983,False,True,False,"The extracted policy is directionally aligned with the ground-truth: both focus on reclaiming public space and prioritizing/using green infrastructure. However, it omits important specifics from the ground-truth, including reclaiming underused public spaces to increase access and ecological function, and especially the commitment to conduct a study on converting an ambitious percentage of City surface parking lots to functional green uses where feasible. With no source excerpt provided, this is best scored as a partial but vague match rather than a full match."
Austin_US,82,94,"Promote community stewardship of neighborhood public lands by establishing Neighborhood Stewardship Councils/Ambassadors, providing paid training/compensation, and creating grant assistance and staff positions to support excluded communities.",Adaptation,sub,NS.G4-S3: Promote community stewardship,Nature-Based Solutions,sub,0,0.5845,False,True,False,"The extracted policy matches the general intent of the ground-truth ('Promote community stewardship') but omits all specific mechanisms and commitments: establishing Neighborhood Stewardship Councils/Ambassadors, paid training/compensation, grant assistance, staff positions, and the focus on excluded communities. With no source excerpt provided, there is no basis to verify stronger alignment. This is directionally correct but too vague to count as a full match."
Austin_US,83,95,"Explore carbon farming via food forests and community gardens on public lands using low-carbon practices, including supporting local research in partnership with institutions and organizations serving low-income communities and communities of color.",Nature-Based Solutions,sub,NS.G4-S4: Promote carbon farming,Nature-Based Solutions,sub,0,0.5864,False,True,True,"The extracted policy is directionally aligned with the ground-truth because both concern promoting/exploring carbon farming. However, it is too vague and omits key scope and mechanisms from the ground-truth: food forests and community gardens on public lands, use of low-carbon practices, and support for local research in partnership with institutions and organizations serving low-income communities and communities of color. It also weakens the specific exploratory/supportive framing into a generic promotion statement."
Bahrain_BH,10,8,"Implement the National Renewable Energy Action Plan (NREAP) with targets of 5% renewable energy (255 MW installed capacity) by 2025 and 10% (710 MW) by 2035, using solar, wind, and waste-to-energy with public and private investment.",Mitigation,parent,Implement the National Renewable Energy Action Plan to achieve 5% renewable energy capacity by 2025 and 10% by 2035.,Mitigation,parent,0,0.8052,False,True,True,"The extracted policy matches the core intent and key percentage targets and deadlines in the ground truth: implementing the NREAP to reach 5% by 2025 and 10% by 2035. However, it omits important specificity present in the ground truth, namely the installed-capacity figures (255 MW and 710 MW), the renewable energy sources (solar, wind, waste-to-energy), and the delivery mechanism through public and private investment. With no source excerpt provided, accuracy cannot be further verified, so this is directionally correct but incomplete rather than a full match."
Bahrain_BH,11,9,"Adopt net metering to enable consumers to generate on-site, grid-connected renewable energy (e.g., rooftop solar panels).",Mitigation,sub,"Enable consumers to generate on-site, grid-connected renewable energy through net metering.",Mitigation,sub,1,0.8839,True,True,True,"The extracted policy matches the ground-truth closely in scope, mechanism, and intent. It preserves the core commitment to enable consumers to generate on-site, grid-connected renewable energy and correctly identifies net metering as the delivery mechanism. Although no source excerpt is provided to verify wording against the document, relative to the ground-truth this is a precise match rather than a vague paraphrase."
Bahrain_BH,12,10,Use feed-in tariffs via a tender-based mechanism with long-term power purchase agreements to support renewable energy.,Mitigation,sub,Use tender-based feed-in tariffs with long-term power purchase agreements to support renewable energy.,Mitigation,sub,1,0.9422,True,True,True,"The extracted policy matches the ground-truth almost exactly in scope, mechanism, and specificity: it identifies feed-in tariffs implemented through a tender-based mechanism and backed by long-term power purchase agreements to support renewable energy. No material details are missing or contradicted."
Bahrain_BH,13,11,Apply renewable energy mandates for new buildings (NREAP policy instrument).,Mitigation,sub,Apply renewable energy mandates for new buildings.,Mitigation,sub,1,0.8569,True,True,True,"The extracted policy matches the ground-truth exactly in scope and mechanism: applying renewable energy mandates for new buildings. Although no source excerpt is provided to verify wording against the document, relative to the ground-truth this is a precise match with no loss of commitment or specificity."
Bahrain_BH,0,16,Implement the National Energy Efficiency Action Plan (NEEAP) launched in 2017 with 22 initiatives across sectors to reduce energy use by 6% by 2025 relative to average energy use over 2009-2013.,Resource Efficiency,parent,Implement the National Energy Efficiency Action Plan to reduce energy use by 6% by 2025.,Resource Efficiency,parent,0,0.8256,False,True,True,"The extracted policy matches the core policy direction and the main quantified target and deadline: implementing the National Energy Efficiency Action Plan to reduce energy use by 6% by 2025. However, it omits important specificity from the ground truth, namely that the plan was launched in 2017, includes 22 initiatives across sectors, and that the 6% reduction is relative to average energy use over 2009–2013. With no source excerpt provided, this is best graded as directionally correct but incomplete rather than a full match."
Bahrain_BH,1,17,"Integrate energy efficiency objectives into building codes/regulations for design, construction, and maintenance of structures (NEEAP initiative).",Mitigation,sub,Adopt building energy efficiency codes with mandatory specifications for new buildings and renovations.,Resource Efficiency,sub,0,0.6993,False,True,False,"The extracted policy is directionally aligned with the ground-truth because both concern incorporating energy efficiency requirements into building codes. However, it is less complete and somewhat narrower: the ground-truth specifies integration into codes/regulations covering design, construction, and maintenance of structures under the NEEAP initiative, while the extraction focuses on adopting codes with mandatory specifications for new buildings and renovations. Without the source excerpt, accuracy cannot be fully verified, and key scope details are missing, so this is a partial but imprecise match."
Bahrain_BH,2,18,"Introduce demand-side minimum efficiency standards for lighting, appliances, motor vehicles, and street lighting (NEEAP initiative).",Resource Efficiency,sub,"Implement minimum energy performance standards and labeling for lighting, air conditioning units, and appliances.",Resource Efficiency,sub,0,0.7333,False,True,True,"The extracted policy is directionally aligned with the ground-truth on introducing minimum efficiency/performance standards for some end-use products, especially lighting and appliances. However, it is less complete and specific: it adds labeling (not mentioned in the ground truth), includes air conditioning units, but omits motor vehicles and street lighting, which are part of the stated NEEAP initiative. With no source excerpt provided to verify exact wording or strength, this is a partial but imprecise match rather than a full one."
Bahrain_BH,4,21,Introduce district cooling using highly efficient industrial-grade equipment and insulated underground piping networks (NEEAP initiative).,Resource Efficiency,sub,Revitalize and expand district cooling capacity by establishing a regulatory framework.,Resource Efficiency,sub,0,0.6725,False,True,True,"The extracted policy is directionally related to the ground-truth because both concern district cooling. However, it misses key specifics from the ground-truth: the NEEAP initiative, the use of highly efficient industrial-grade equipment, and insulated underground piping networks. It also changes the delivery mechanism from implementation of infrastructure/technology to establishing a regulatory framework, which may be related but is not the same commitment. With no source excerpt to verify, this is best scored as an imprecise partial match rather than a full match or contradiction."
Bahrain_BH,5,22,Retrofit government buildings and pursue other green building initiatives (NEEAP initiative).,Mitigation,sub,Establish energy management systems for government buildings.,Resource Efficiency,sub,0,0.6234,False,True,False,"The extracted policy is directionally aligned with the ground-truth because it concerns improving energy performance in government buildings, which could be part of a broader green building/retrofit initiative. However, it is narrower and less specific than the ground-truth: it omits the retrofit component and the broader green building initiatives under the NEEAP, and it reframes the action as establishing energy management systems rather than retrofitting buildings. With no source excerpt provided to confirm wording or scope, this is a partial but imprecise match rather than a full match."
Bahrain_BH,3,30,Improve supply-side efficiency in electricity generation including transmission and distribution efficiency enhancements and installation of smart meters (NEEAP initiative).,Mitigation,sub,Introduce smart meters for high electricity consumers and new developments.,Resource Efficiency,sub,0,0.6585,False,True,False,"The extracted policy captures one correct mechanism from the ground-truth—installation of smart meters—but only partially. It narrows the scope to high electricity consumers and new developments, whereas the ground-truth more broadly includes improving supply-side efficiency in electricity generation, transmission and distribution efficiency enhancements, and smart meters under the NEEAP initiative. Because the general intent is directionally aligned but key scope and mechanism details are omitted, this is an imprecise partial match rather than a full match."
Bahrain_BH,6,31,Reform power subsidies and transport-related subsidies to offset perverse incentives for wasteful consumption (NEEAP initiative).,Mitigation,sub,Reform transport fuel subsidies to reduce annual light-duty vehicle fuel use by 4%.,Resource Efficiency,sub,0,0.6378,False,True,False,"The extracted policy is directionally related to the ground truth because it addresses reform of transport fuel subsidies, which overlaps with the transport-related subsidy reform in the reference policy. However, it misses the broader scope of the ground truth by omitting power subsidies and the stated rationale of offsetting perverse incentives for wasteful consumption. It also adds a specific quantified target (reduce annual light-duty vehicle fuel use by 4%) that is not present in the ground-truth statement provided, making it more specific but not clearly supported. With no source excerpt to verify, this is only a partial and somewhat imprecise match rather than a full one."
Bahrain_BH,9,32,Bahrain implemented fuel economy labels for light-duty vehicles on all new vehicles of model year 2018 to increase consumer awareness as part of vehicle efficiency standards and labeling.,Mitigation,sub,Set minimum fuel economy standards and fuel economy labels for light-duty vehicles.,Resource Efficiency,sub,0,0.6228,False,True,False,"The extraction is directionally correct on the policy area—fuel economy standards and labeling for light-duty vehicles—but it is less specific and slightly overstates the source-aligned commitment. The ground truth is specifically about implementing fuel economy labels on all new light-duty vehicles of model year 2018 to increase consumer awareness, as part of broader vehicle efficiency standards and labeling. The extracted policy omits the key scope/detail ('all new vehicles of model year 2018') and the consumer-awareness purpose, and turns the broader context into a firm claim that minimum fuel economy standards were set. Because the core intent is related but important specifics and commitment framing are missing/imprecise, the appropriate grade is 0."
Bahrain_BH,15,53,"Reduce per capita municipal water demand by 33% from 183 to 122 m3/person/year by 2035, with a policy start year of 2016, using demand-side management policies (awareness, strengthened block tariffs, and new legislation).",Resource Efficiency,sub,"Reduce per capita municipal water demand by 33%, from 183 to 122 m3 per person per year by 2035.",Resource Efficiency,individual,0,0.9159,False,False,True,"The extracted policy correctly captures the main quantified target and deadline: a 33% reduction in per capita municipal water demand from 183 to 122 m3/person/year by 2035. However, it omits important specificity present in the ground truth, namely the policy start year (2016) and the delivery mechanisms through demand-side management policies such as awareness, strengthened block tariffs, and new legislation. Because the target is accurate but the implementation details are missing, this is directionally correct but incomplete."
Bahrain_BH,19,54,"Reduce leakage in the municipal water distribution network to achieve a 22% reduction in per capita municipal water demand from 183 to 142 m3/person/year by 2035, with a policy start year of 2016 (implemented starting 2020 per phase-in schedule).",Resource Efficiency,sub,Reduce water distribution network leakage by 22% of annual water production by 2035 relative to business-as-usual.,Resource Efficiency,individual,0,0.7675,False,False,True,"The extracted policy captures the general intent—reducing leakage in the water distribution network by 2035 with a 22% figure—but it does not match the ground truth in specificity or target definition. The reference policy is to reduce leakage as a means to achieve a 22% reduction in per capita municipal water demand, specifically from 183 to 142 m3/person/year by 2035, with a 2016 policy start and implementation beginning in 2020. The extracted version instead states a 22% reduction of annual water production relative to business-as-usual, which changes the metric and omits the per-capita demand target and timing details. This is directionally correct but materially imprecise."
Bahrain_BH,16,56,Implement awareness raising campaigns and government incentives to promote municipal water efficiency and conservation.,Resource Efficiency,sub,Run water efficiency awareness campaigns and provide government incentives to promote water conservation.,Resource Efficiency,individual,1,0.8882,True,False,True,"The extracted policy closely matches the ground-truth in scope and mechanism: it includes awareness campaigns and government incentives to promote water efficiency/conservation. The omission of 'municipal' slightly reduces specificity, but with no source excerpt provided, there is no evidence of contradiction, and the core commitment is preserved accurately."
Bahrain_BH,17,57,Strengthen block water tariffs for non-household users under EWA's tariff schedule effective 1 March 2016.,Resource Efficiency,sub,"Strengthen water block tariffs for commercial, industrial, touristic, and other non-household users.",Resource Efficiency,individual,0,0.7662,False,False,True,"The extracted policy matches the general intent and scope of the ground-truth: strengthening block water tariffs for non-household users. However, it loses key specificity present in the ground-truth, notably that the tariffs are under EWA's tariff schedule and effective 1 March 2016. It also paraphrases the covered groups rather than preserving the formal framing. With no source excerpt provided, accuracy cannot be further verified, so this is directionally correct but incomplete."
Bahrain_BH,18,58,Develop new legislation to promote water use efficiency and conservation by strengthening building codes and promoting water-saving devices (with retrofits for existing buildings).,Resource Efficiency,sub,Adopt new legislation to promote water efficiency devices in new buildings and retrofit existing buildings.,Resource Efficiency,individual,0,0.9093,False,False,True,"The extracted policy is directionally aligned with the ground truth: it includes new legislation, water efficiency devices, new buildings, and retrofits for existing buildings. However, it misses key scope and mechanism details from the ground truth, notably the broader goal of water use efficiency and conservation and the specific mechanism of strengthening building codes. It also narrows the policy to devices rather than both codes and devices. Commitment strength is similar ('adopt/develop new legislation'), but specificity and completeness are reduced."
Bahrain_BH,21,59,"Implement leak control measures including Active Leakage Control, Pressure Management, Network Rehabilitation, and improved speed and quality of repair.",Resource Efficiency,sub,"Strengthen leak detection and leak control programs using technologies such as leak noise correlators, thermography, active leakage control, pressure management, network rehabilitation, and improved repair.",Resource Efficiency,individual,1,0.8434,True,False,True,"The extracted policy closely matches the ground-truth policy in scope and mechanisms. It preserves the core commitment to implement leak control measures and explicitly includes Active Leakage Control, Pressure Management, Network Rehabilitation, and improved repair, which are the key elements in the ground truth. It also adds compatible implementation detail (leak detection technologies such as leak noise correlators and thermography) without contradicting the ground truth. Although neither version includes quantified targets or deadlines, the extraction is accurate and specific relative to the reference policy."
Bahrain_BH,14,60,Bahrain considered two strategic adaptation interventions for the municipal water sector to stabilize future water supply-demand equilibrium under climate change (per-capita demand reduction and leakage reduction).,Adaptation,parent,"Establish Bahrain-Saudi cooperation on transboundary groundwater management, including artificial recharge/storage using surplus tertiary treated wastewater.",Adaptation,individual,-1,0.6517,False,False,True,"The extracted policy does not match the ground-truth policy. The ground truth is about two adaptation interventions in Bahrain’s municipal water sector: reducing per-capita demand and reducing leakage to stabilize future supply-demand balance under climate change. The extracted policy instead describes Bahrain-Saudi transboundary groundwater cooperation and artificial recharge using treated wastewater, which is a different intervention and not the same scope, mechanism, or commitment."
Beirut_LB,0,11,Lebanon commits to unconditionally generate 18% of electricity (power demand) and 11% of building-sector heat demand from renewable energy sources by 2030.,Mitigation,individual,"Implement Lebanon's mitigation contribution, including economy-wide GHG, renewable energy, and energy-efficiency targets for 2030.",Mitigation,parent,0,0.6925,False,False,True,"The extracted policy is directionally related to the ground truth because it references Lebanon's mitigation contribution and mentions renewable energy targets for 2030. However, it is far less specific and does not capture the actual quantified commitments: 18% of electricity demand and 11% of building-sector heat demand from renewables by 2030. It also broadens the scope with economy-wide GHG and energy-efficiency targets that are not part of the stated ground-truth policy. With no source excerpt provided to verify wording, this is best graded as an imprecise partial match rather than a full match or contradiction."
Beirut_LB,1,14,"Lebanon commits to reduce power demand through energy-efficiency measures by 3% under BAU in 2030 unconditionally, and by 10% under BAU in 2030 conditionally.",Mitigation,individual,Reduce power demand through energy-efficiency measures by 3% unconditionally and 10% conditionally below BAU by 2030.,Resource Efficiency,sub,1,0.7645,True,False,False,"The extracted policy matches the ground-truth on scope (power demand reduction through energy-efficiency measures), quantified targets (3% unconditional, 10% conditional), BAU baseline, and 2030 deadline. Although it omits the country name and slightly compresses the phrasing, the substantive commitment and specificity are fully preserved."
California_US,0,0,Reduce California greenhouse gas emissions to 1990 levels by 2020 as required by AB 32.,Mitigation,individual,"California will reduce statewide greenhouse gas emissions to 1990 levels by 2020, equal to 427 MMTCO2E.",Mitigation,individual,1,0.7934,True,True,True,"The extracted policy matches the ground-truth commitment, target year, and scope: reducing California statewide greenhouse gas emissions to 1990 levels by 2020. It is at least as specific as the ground truth, adding the numeric equivalent (427 MMTCO2E) without changing the meaning. The binding nature is broadly consistent with the ground truth’s reference to AB 32, though the legal citation is omitted. No contradiction or meaningful loss of substance."
California_US,1,2,Set a California State government operations target to reduce GHG emissions by at least 30% below estimated business-as-usual emissions by 2020 (about 15% below current levels).,Mitigation,individual,California State government will reduce its own greenhouse gas emissions at least 30 percent below estimated business-as-usual emissions by 2020.,Mitigation,individual,1,0.8394,True,True,True,"The extracted policy matches the ground-truth target, scope, and deadline: California State government operations, at least 30% below estimated business-as-usual emissions, by 2020. It preserves the core commitment and specificity. It omits the explanatory parenthetical '(about 15% below current levels),' but that is supplementary rather than a change to the policy commitment."
California_US,3,25,"Implement the Solar Hot Water and Efficiency Act incentive program with a goal of installing 200,000 solar water heating systems by 2017.",Mitigation,individual,"California will implement a ten-year, $250 million solar water-heater incentive program to install 200,000 systems by 2017.",Mitigation,sub,1,0.7366,True,False,True,"The extracted policy closely matches the ground-truth on scope, commitment, and target: it is an incentive program for solar water heating with the goal of installing 200,000 systems by 2017. It preserves the implementation commitment and deadline accurately. The added details that it is a ten-year, $250 million program increase specificity and do not conflict with the ground-truth."
California_US,4,26,"Set a target of an additional 4,000 MW of installed combined heat and power (CHP) capacity by 2020 (displacing about 30,000 GWh).",Mitigation,individual,"California will target an additional 4,000 MW of combined heat and power capacity by 2020.",Resource Efficiency,sub,1,0.7681,True,False,False,"The extracted policy closely matches the ground-truth on the core commitment, quantified target, technology scope, and deadline: an additional 4,000 MW of CHP capacity by 2020. It preserves the target and timing accurately. It omits the parenthetical detail that this would displace about 30,000 GWh, but the main policy commitment is captured correctly and specifically."
California_US,5,27,Achieve a statewide Renewables Portfolio Standard of 33% renewable electricity by 2020.,Mitigation,individual,California will achieve a statewide renewable electricity mix of 33 percent by 2020.,Mitigation,individual,1,0.7639,True,True,True,"The extracted policy matches the ground-truth on the quantified target (33%), scope (statewide renewable electricity standard/mix), and deadline (by 2020). Although it says 'renewable electricity mix' rather than 'Renewables Portfolio Standard,' the substantive commitment is the same and there is no contradiction."
California_US,2,29,"Develop and adopt a Low Carbon Fuel Standard to reduce the carbon intensity of California transportation fuels by at least 10% by 2020, with regulation for Board consideration in March 2009.",Mitigation,individual,ARB will develop and adopt a Low Carbon Fuel Standard reducing transportation-fuel carbon intensity by at least 10 percent by 2020.,Mitigation,individual,1,0.7342,True,True,True,"The extracted policy matches the ground-truth on the core commitment, scope, and quantified target: develop and adopt a Low Carbon Fuel Standard for California transportation fuels with at least a 10% carbon-intensity reduction by 2020. It preserves strong commitment language ('will develop and adopt'). It omits the implementation detail that the regulation was for Board consideration in March 2009, but the main policy substance is captured accurately and specifically enough for a full match."
California_US,6,39,"Implement the Million Solar Roofs Program goal to install 3,000 MW of new solar capacity by 2017 under existing solar programs.",Mitigation,individual,"California will install 3,000 MW of solar-electric capacity under existing solar programs by 2017.",Mitigation,individual,1,0.7332,True,True,True,"The extracted policy matches the ground-truth on the quantified target (3,000 MW), deadline (by 2017), technology/scope (solar capacity under existing solar programs), and commitment framing (will install). It omits the explicit mention of the Million Solar Roofs Program name, but the substantive commitment is captured accurately and specifically."
Chicago_US,67,0,City of Chicago aims to reduce citywide GHG emissions by a minimum of 62% by 2040 (from 2017 inventory baseline).,Mitigation,individual,Reduce Chicago's greenhouse gas emissions by at least 62% by 2040.,Mitigation,individual,1,0.8594,True,True,True,"The extracted policy matches the ground-truth target and deadline: reducing Chicago's greenhouse gas emissions by at least/minimum 62% by 2040. While it omits the specific 2017 inventory baseline and the word 'citywide,' the core commitment is accurately captured with the correct quantified target and timeframe, and there is no contradiction."
Chicago_US,69,1,"Expand canopy coverage by planting 75,000 trees over 5 years (Chicago Recovery Plan investment).",Adaptation,individual,Allocate $188 million through the Chicago Recovery Plan for climate resiliency and mitigation.,Adaptation,individual,0,0.6518,False,True,True,"The extracted policy is directionally related to the same program area (Chicago Recovery Plan climate investment), but it does not match the specific ground-truth commitment. The ground truth is a concrete action with quantified target and timeline: planting 75,000 trees over 5 years to expand canopy coverage. The extraction instead gives a broader funding allocation of $188 million for climate resiliency and mitigation, omitting the tree-planting commitment, target, and deadline. Because it captures only the broader investment context and not the specific policy, it is vague/imprecise rather than a full match."
Chicago_US,68,7,"Chicago has the goal of planting 75,000 trees by 2026.",Adaptation,individual,"Allocate $46 million to plant 75,000 trees over five years in underserved community areas.",Nature-Based Solutions,individual,0,0.594,False,True,False,"The extraction matches the core tree-planting commitment and the 75,000-tree target, but it does not align exactly with the ground-truth timeline of by 2026, instead stating over five years. It also adds unsupported specifics not present in the ground truth or source excerpt, including a $46 million allocation and focus on underserved community areas. Because the main intent is correct but key details are altered and embellished, this is directionally correct but imprecise."
Chicago_US,6,19,Strategy 1.2 Connect communities to renewable energy (Pillar 1).,Mitigation,sub,Implement the Connect Communities To Renewable Energy strategy.,Mitigation,parent,0,0.7527,False,False,True,"The extracted policy matches the general strategy title and intent of the ground-truth policy ('Connect communities to renewable energy'). However, it adds no specificity beyond 'implement the strategy' and does not capture any target, deadline, mechanism, or commitment strength. With no source excerpt provided, accuracy cannot be further verified, so this is directionally correct but too vague for a full match."
Chicago_US,11,20,Strategy 2.1 Reduce waste and landfilling (Pillar 2).,Mitigation,sub,Implement the Reduce Waste And Landfilling strategy.,Resource Efficiency,parent,0,0.77,False,False,False,"The extracted policy matches the general policy area in the ground truth ('Reduce waste and landfilling') and correctly identifies it as a strategy to implement. However, it is highly generic and omits the specific identifier ('Strategy 2.1', 'Pillar 2') and provides no quantified targets, deadlines, or delivery mechanisms. With no source excerpt available, there is no basis to confirm stronger specificity or binding language, so this is only a directional match rather than a fully specific one."
Chicago_US,19,21,"Strategy 3.1 Make walking, biking, or transit viable options for all trips (Pillar 3).",Mitigation,sub,"Implement the Make Walking, Biking, Or Transit Viable Options For All Trips strategy.",Resource Efficiency,parent,0,0.799,False,False,False,"The extracted policy matches the general strategy title and intent of the ground-truth ('Make walking, biking, or transit viable options for all trips'), so it is directionally correct. However, it adds only a generic implementation verb ('Implement') and provides no additional specificity on targets, deadlines, mechanisms, or commitment strength. With no source excerpt available to verify stronger details, this is a vague match rather than a fully specific one."
Chicago_US,23,22,Strategy 3.2 Increase transit performance and encourage equitable transit-oriented development (Pillar 3).,Mitigation,sub,Implement the Increase Transit Performance And Encourage Equitable Transit-Oriented Development strategy.,Resource Efficiency,parent,0,0.8281,False,False,False,"The extracted policy matches the ground-truth strategy title and overall intent exactly, so it is directionally correct. However, it simply restates the strategy name and provides no additional specificity on targets, deadlines, mechanisms, or strength of commitment. With no source excerpt provided, there is also no evidence of stronger binding language. Therefore this is a vague but accurate match rather than a fully specific one."
Chicago_US,29,23,Strategy 3.3 Enable zero-emission transit and fleets (Pillar 3).,Mitigation,sub,Implement the Enable Zero-Emission Transit And Fleets strategy.,Mitigation,parent,0,0.8168,False,False,True,"The extracted policy matches the ground-truth at a high level by identifying the same strategy: enabling zero-emission transit and fleets. However, it merely restates the strategy title in generic implementation language and provides no specificity on targets, timelines, mechanisms, or commitment strength. With no source excerpt provided, accuracy cannot be further validated beyond directional alignment, so this is best graded as directionally correct but vague."
Chicago_US,36,24,Strategy 4.1 Achieve 100% clean renewable energy (Pillar 4).,Mitigation,sub,Implement the 100% Clean Renewable Energy strategy.,Mitigation,parent,1,0.745,True,False,True,"The extracted policy matches the ground-truth closely in scope and commitment: it directly references the 100% clean renewable energy strategy. Although it is phrased as an implementation statement rather than the exact title 'Achieve 100% clean renewable energy,' it preserves the core target (100%) and policy intent. No source excerpt is provided to assess further specificity or binding language, but relative to the ground-truth this is a strong match."
Chicago_US,40,25,Strategy 4.2 Enable building and personal vehicle electrification (Pillar 4).,Mitigation,sub,Implement the Enable Building And Personal Vehicle Electrification strategy.,Mitigation,parent,0,0.8134,False,False,True,"The extracted policy matches the general strategy title and intent of the ground-truth ('Enable building and personal vehicle electrification' under Strategy 4.2 / Pillar 4), so it is directionally correct. However, it adds no specificity on targets, timelines, or mechanisms, and the source document excerpt is not provided to verify stronger commitment or details. This makes it an imprecise restatement rather than a fully specified match."
Chicago_US,45,26,Strategy 4.3 Align building codes and standards with climate best practices (Pillar 4).,Mitigation,sub,Implement the Align Building Codes And Standards With Climate Best Practices strategy.,Mitigation,parent,0,0.8119,False,False,True,"The extracted policy matches the ground-truth strategy title and general intent exactly ('Align building codes and standards with climate best practices'). However, it adds only generic implementation language and provides no additional specificity on scope, mechanisms, targets, timelines, or commitment strength. With no source excerpt provided to verify stronger details, this is a directionally correct but vague match rather than a fully specified policy extraction."
Chicago_US,48,27,Strategy 4.4 Decommission fossil power (Pillar 4).,Mitigation,sub,Implement the Decommission Fossil Power strategy.,Mitigation,parent,0,0.746,False,False,True,"The extracted policy correctly identifies the same strategy—'Decommission fossil power' under Strategy 4.4/Pillar 4—so it is directionally aligned with the ground truth. However, it adds no specificity on scope, targets, timelines, or mechanisms, and with no source excerpt provided there is no evidence of stronger commitment language. This is a vague restatement rather than a fully specified match."
Chicago_US,50,28,Strategy 4.5 Enable interconnection and storage (Pillar 4).,Mitigation,sub,Implement the Enable Interconnection And Storage strategy.,Mitigation,parent,0,0.721,False,False,True,"The extracted policy matches the ground-truth strategy title and general intent ('Enable interconnection and storage'), so it is directionally correct. However, it is extremely generic and adds no specificity on scope, mechanisms, targets, deadlines, or commitment strength. With no source excerpt provided, there is no basis to confirm fuller fidelity beyond the title-level match."
Chicago_US,54,29,Strategy 5.1 Collect relevant data (Pillar 5).,Adaptation,sub,Implement the Collect Relevant Data strategy.,Adaptation,parent,0,0.6426,False,False,True,"The extracted policy matches the ground-truth at a high level: both identify Strategy 5.1 / 'Collect relevant data.' However, it is less specific because it omits the strategy number and Pillar 5 context, and there is no source excerpt to verify stronger wording or implementation details. This is directionally correct but vague rather than a fully specific match."
Chicago_US,58,30,Strategy 5.2 Enable data-driven decision-making (Pillar 5).,Adaptation,sub,Implement the Enable Data-Driven Decision-Making strategy.,Adaptation,parent,0,0.7562,False,False,True,"The extracted policy matches the general policy title and intent of the ground truth ('Enable data-driven decision-making') and correctly identifies it as a strategy. However, it omits the specific reference to 'Strategy 5.2' and 'Pillar 5,' and provides no details on targets, deadlines, mechanisms, or strength of commitment. With no source excerpt provided, it cannot be verified beyond this high-level alignment. Directionally correct but too vague to count as a full match."
Chicago_US,64,31,Strategy 5.3 Enable community resiliency (Pillar 5).,Adaptation,sub,Implement the Enable Community Resiliency strategy.,Adaptation,parent,0,0.7935,False,False,True,"The extracted policy matches the ground-truth policy title and scope ('Enable community resiliency' under Strategy 5.3 / Pillar 5) but provides no additional specificity, targets, deadlines, or mechanisms. With no source excerpt provided, there is no basis to assess stronger accuracy beyond this title-level match. This is directionally correct but vague."
Chicago_US,2,32,"Retrofit residential buildings with 4 or fewer units: 20% by 2030 and 50% by 2040, prioritizing low- or moderate-income households.",Mitigation,sub,"Retrofit residential buildings with 4 or fewer units: 20% by 2030 and 50% by 2040, prioritizing low- or moderate-income households.",Resource Efficiency,sub,1,1.0,True,True,False,"The extracted policy matches the ground-truth exactly in scope (residential buildings with 4 or fewer units), quantified targets (20% by 2030 and 50% by 2040), and prioritization mechanism (low- or moderate-income households). No discrepancies or softening of commitment are present."
Chicago_US,3,33,Retrofit 20% of total 5+ unit residential buildings by 2030.,Mitigation,sub,Retrofit 20% of total 5+ unit residential buildings by 2030.,Resource Efficiency,sub,1,1.0,True,True,False,"The extracted policy exactly matches the ground-truth policy in scope, target, and deadline: retrofit 20% of total 5+ unit residential buildings by 2030. It preserves the same quantified target and timing with no added or missing details. No source excerpt is provided to assess against original document wording, but relative to the ground-truth this is an exact match."
Chicago_US,4,34,Retrofit 20% of total industrial buildings by 2030.,Mitigation,sub,Retrofit 20% of total industrial buildings by 2030.,Resource Efficiency,sub,1,1.0,True,True,False,"The extracted policy exactly matches the ground-truth policy in target (20%), scope (total industrial buildings), action (retrofit), and deadline (by 2030). Although no source document excerpt is provided for independent verification, relative to the ground-truth this is a precise and complete match."
Chicago_US,5,35,Retrofit 90% of total city-owned and sister agency-owned buildings by 2035.,Mitigation,sub,Retrofit 90% of total city-owned and sister agency-owned buildings by 2035.,Resource Efficiency,sub,1,1.0,True,True,False,"Exact match with the ground-truth policy. The extracted policy preserves the quantified target (90%), scope (total city-owned and sister agency-owned buildings), action (retrofit), and deadline (by 2035) with no loss of specificity or commitment strength."
Chicago_US,1,36,Strategy 1.1 Retrofit buildings to reduce building energy use and emissions (Pillar 1).,Mitigation,sub,Retrofit 20% of total commercial buildings by 2035.,Resource Efficiency,sub,0,0.6421,False,True,False,"The extracted policy is directionally related to the ground-truth because both concern retrofitting buildings to reduce energy use/emissions. However, it adds a specific target and deadline ('20% of total commercial buildings by 2035') that are not present in the ground-truth, and it narrows the scope from 'buildings' generally to only 'commercial buildings.' Without source text, this makes the extraction more specific but not clearly accurate. The core retrofit intent matches, but the scope and added target are imprecise relative to the ground-truth."
Chicago_US,7,37,Install 5 megawatts of co-owned community solar projects by 2025.,Mitigation,sub,Install 5 megawatts of co-owned community solar projects by 2025.,Mitigation,sub,1,1.0,True,True,True,"The extracted policy exactly matches the ground-truth policy in scope, quantified target (5 megawatts), delivery mechanism (co-owned community solar projects), and deadline (by 2025). There is no discrepancy or loss of specificity."
Chicago_US,8,38,Increase Chicago-based community renewables to 20 megawatts by 2025.,Mitigation,sub,Increase Chicago-based community renewables to 20 megawatts by 2025.,Mitigation,sub,1,1.0,True,True,True,"The extracted policy exactly matches the ground-truth policy in scope, quantified target, location, and deadline: increasing Chicago-based community renewables to 20 megawatts by 2025. Despite the source excerpt not being provided, relative to the ground-truth this is a precise and complete match."
Chicago_US,9,39,Increase community renewables subscriptions so that low-income and/or environmental-justice low-income residents account for 25% subscribed by 2030.,Mitigation,sub,Increase community renewables subscriptions to achieve 25% subscribed by low-income and/ or environmental justice low-income residents by 2030.,Mitigation,sub,1,0.9786,True,True,True,"The extracted policy matches the ground-truth closely in scope, target, population, and deadline: it specifies increasing community renewables subscriptions so that low-income and/or environmental-justice low-income residents account for 25% of subscriptions by 2030. Commitment strength and specificity are equivalent to the ground-truth, with no material omissions or contradictions."
Chicago_US,12,40,Introduce community-wide organic waste collection and decomposition by 2025.,Mitigation,sub,Introduce community-wide organic waste collection and decomposition by 2025.,Resource Efficiency,sub,1,1.0,True,True,False,"The extracted policy exactly matches the ground-truth policy in scope, mechanism, and deadline: community-wide organic waste collection and decomposition by 2025. Despite the source excerpt not being provided, relative to the ground-truth this is a precise and complete match."
Chicago_US,13,41,Implement equitable waste source prevention strategies by 2030.,Resource Efficiency,sub,Implement equitable waste source prevention strategies by 2030.,Resource Efficiency,sub,1,1.0,True,True,True,"The extracted policy exactly matches the ground-truth policy in scope, commitment, and deadline: 'Implement equitable waste source prevention strategies by 2030.' There is no discrepancy in specificity or wording, and no source text is available to suggest any conflict."
Chicago_US,14,42,"Divert 90% of commercial, industrial, and institutional waste by 2030.",Mitigation,sub,"Divert 90% of commercial, industrial, and institutional waste by 2030.",Resource Efficiency,sub,1,1.0,True,True,False,"The extracted policy exactly matches the ground-truth policy in scope, quantified target, and deadline: divert 90% of commercial, industrial, and institutional waste by 2030. There is no discrepancy in specificity or commitment relative to the reference statement."
Chicago_US,15,43,Divert 75% of construction and demolition waste by 2030.,Mitigation,sub,Divert 75% of construction and demolition waste by 2030.,Resource Efficiency,sub,1,1.0,True,True,False,"The extracted policy exactly matches the ground-truth policy in scope, quantified target, and deadline: divert 75% of construction and demolition waste by 2030. With no source excerpt provided to contradict it, this is a precise and complete match."
Chicago_US,16,44,Enable building design for disassembly and reuse by 2035.,Mitigation,sub,Enable building design for disassembly and reuse by 2035.,Resource Efficiency,sub,1,1.0,True,True,False,"The extracted policy exactly matches the ground-truth policy in scope, action, and deadline: 'Enable building design for disassembly and reuse by 2035.' It captures the same commitment and specificity, with no missing or altered details."
Chicago_US,17,45,Divert 90% of residential waste by 2040.,Mitigation,sub,Divert 90% of residential waste by 2040.,Resource Efficiency,sub,1,1.0,True,True,False,"The extracted policy exactly matches the ground-truth policy in scope, quantified target, and deadline: it specifies diverting 90% of residential waste by 2040. With no source excerpt provided to indicate any conflict, this is a complete match."
Chicago_US,20,46,"Expand high-quality and low-stress on-street bikeways and off-street trails, including adding by end of 2024: 25 miles protected bike lanes, 25 miles neighborhood greenways, and eliminating 15 miles of gaps in the bikeways network.",Mitigation,sub,Expand high-quality and low-stress on-street bikeways and off-street trails.,Resource Efficiency,sub,0,0.8214,False,True,False,"The extracted policy matches the general scope and intent of the ground-truth policy—expanding high-quality and low-stress bikeways and trails—but omits all key specifics: the end-of-2024 deadline, the quantified targets of 25 miles of protected bike lanes, 25 miles of neighborhood greenways, and eliminating 15 miles of network gaps. It is directionally correct but too vague to count as a full match."
Chicago_US,21,47,Increase Divvy bikes and shared micromobility trips 30% by 2030.,Mitigation,sub,Increase Divvy bikes and shared micromobility trips 30% by 2030.,Resource Efficiency,sub,1,1.0,True,True,False,"The extracted policy exactly matches the ground-truth policy in scope, quantified target (30%), subject (Divvy bikes and shared micromobility trips), and deadline (by 2030). With no source excerpt provided, there is no evidence of contradiction or hallucination relative to the document."
Chicago_US,22,48,"Enable Chicagoans to walk, bike, take transit, or use shared micromobility for 45% of all trips by 2040.",Mitigation,sub,"Enable Chicagoans to walk, bike, take transit, or use shared micromobility for 45% of all trips by 2040.",Resource Efficiency,sub,1,1.0,True,True,False,"The extracted policy exactly matches the ground-truth policy in scope, quantified target (45% of all trips), modes included (walk, bike, transit, shared micromobility), and deadline (by 2040). There is no loss of specificity or change in commitment."
Chicago_US,24,49,"Update land use policies to encourage sustainable development, accessibility, and street safety by 2023.",Mitigation,sub,"Update land use policies to encourage sustainable development, accessibility, and street safety by 2023.",Resource Efficiency,sub,1,1.0,True,True,False,"The extracted policy exactly matches the ground-truth policy in scope, commitment, and specificity: it calls to update land use policies, includes the same objectives (sustainable development, accessibility, and street safety), and preserves the 2023 deadline. No discrepancies or missing details are present."
Chicago_US,25,50,Expand use of commuter benefits by 2024.,Mitigation,sub,Expand use of commuter benefits by 2024.,Resource Efficiency,sub,1,1.0,True,True,False,"The extracted policy exactly matches the ground-truth policy in scope, timing, and commitment: 'Expand use of commuter benefits by 2024.' Although no source excerpt is provided to verify against original document language, the extraction is identical to the reference policy and fully captures the stated target and deadline."
Chicago_US,26,51,Require transportation demand management plans for new development by 2025.,Mitigation,sub,Require transportation demand management plans for new development by 2025.,Resource Efficiency,sub,1,1.0,True,True,False,"The extracted policy exactly matches the ground-truth policy in scope, commitment strength, mechanism, and deadline: it requires transportation demand management plans for new development by 2025. No discrepancies or missing details are present."
Chicago_US,27,52,Update citywide car and bike parking requirements by 2025.,Mitigation,sub,Update citywide car and bike parking requirements by 2025.,Resource Efficiency,sub,1,1.0,True,True,False,"The extracted policy exactly matches the ground-truth policy in scope, action, and deadline: it specifies updating citywide car and bike parking requirements by 2025. Commitment strength and specificity are aligned, with no missing or contradictory details."
Chicago_US,28,53,Increase CTA ridership 20% by 2030 (relative to 2019 pre-pandemic baseline).,Mitigation,sub,Increase CTA ridership 20% by 2030.,Resource Efficiency,sub,1,0.9454,True,True,False,"The extracted policy matches the ground-truth on the core quantified target and deadline: a 20% increase in CTA ridership by 2030. The only omitted detail is the reference to the 2019 pre-pandemic baseline, but the main commitment is otherwise captured accurately and specifically. This is a strong match rather than a vague paraphrase."
Chicago_US,30,54,"Enable electric freight loading docks at commercial and industrial buildings, addressing new buildings by 2025 and existing buildings by 2030.",Mitigation,sub,"Enable electric freight loading docks at commercial and industrial buildings, addressing new buildings by 2025 and existing buildings by 2030.",Mitigation,sub,1,1.0,True,True,True,"The extracted policy exactly matches the ground-truth policy in scope, target population, delivery mechanism, and deadlines: enabling electric freight loading docks at commercial and industrial buildings, with new buildings addressed by 2025 and existing buildings by 2030. Commitment strength and specificity are fully preserved. No source excerpt is provided to test against underlying document language, but relative to the ground truth this is a complete match."
Chicago_US,31,55,Support equitable electrification of ride-hail and taxi fleets by 2030.,Mitigation,sub,Support equitable electrification of ride-hail and taxi fleets by 2030.,Mitigation,sub,1,1.0,True,True,True,"The extracted policy exactly matches the ground-truth policy in scope, commitment, and deadline: it supports equitable electrification of ride-hail and taxi fleets by 2030. Although no source excerpt is provided to verify against, the extraction is an exact match to the reference policy."
Chicago_US,32,56,Enable 100% electrification of delivery fleets by 2035.,Mitigation,sub,Enable 100% electrification of delivery fleets by 2035.,Mitigation,sub,1,1.0,True,True,True,"The extracted policy exactly matches the ground-truth policy in scope, target, and deadline: it specifies 100% electrification of delivery fleets by 2035. With no source excerpt provided to suggest any discrepancy, this is a complete match."
Chicago_US,33,57,Electrify 100% of the City's fleet by 2035.,Mitigation,sub,Electrify 100% of the City's fleet by 2035.,Mitigation,sub,1,1.0,True,True,True,"The extracted policy exactly matches the ground-truth policy in scope, quantified target, and deadline: electrify 100% of the City's fleet by 2035. Although no source document excerpt is provided for verification against original text, relative to the ground-truth this is a precise and complete match."
Chicago_US,34,58,Achieve zero-emission transit fleets across Chicagoland by 2040.,Mitigation,sub,Achieve zero-emission transit fleets across Chicagoland by 2040.,Mitigation,sub,1,1.0,True,True,True,"The extracted policy exactly matches the ground-truth policy in scope ('transit fleets across Chicagoland'), commitment ('achieve zero-emission'), and deadline ('by 2040'). No discrepancies or missing details are present."
Chicago_US,37,59,"Aggregate 5,000 megawatts of clean renewable energy within a 250-mile radius of Chicago by 2030.",Mitigation,sub,"Aggregate 5,000 megawatts of clean renewable energy within a 250-mile radius of Chicago by 2030.",Mitigation,sub,1,1.0,True,True,True,"The extracted policy exactly matches the ground-truth policy in scope, quantified target (5,000 megawatts), geographic constraint (within a 250-mile radius of Chicago), and deadline (by 2030). Specificity and commitment are fully preserved, with no omissions or contradictions."
Chicago_US,38,60,Install 30 megawatts of clean renewable energy projects on City property by 2030.,Mitigation,sub,Install 30 megawatts of clean renewable energy projects on City property by 2030.,Mitigation,sub,1,1.0,True,True,True,"The extracted policy exactly matches the ground-truth policy in scope, quantified target (30 megawatts), location/mechanism (on City property), and deadline (by 2030). With no source excerpt provided, there is no evidence of contradiction or hallucination relative to the document."
Chicago_US,39,61,Achieve 100% clean renewable energy community-wide by 2035.,Mitigation,sub,Achieve 100% clean renewable energy communitywide by 2035.,Mitigation,sub,1,0.9942,True,True,True,"The extracted policy matches the ground-truth exactly in scope, target, and deadline: achieving 100% clean renewable energy community-wide by 2035. The only difference is formatting ('communitywide' vs 'community-wide'), which does not change meaning. No source excerpt is provided to assess against underlying document language, but relative to the ground-truth this is a precise match."
Chicago_US,41,62,Enact policies that support electrified renovations and new construction by 2023.,Mitigation,sub,Enact policies that support electrified renovations and new construction by 2023.,Mitigation,sub,1,1.0,True,True,True,"The extracted policy exactly matches the ground-truth policy in scope, commitment, mechanism, and deadline: it calls for enacting policies to support electrified renovations and new construction by 2023. No discrepancies or missing details."
Chicago_US,42,63,Electrify 30% of total existing residential buildings by 2035.,Mitigation,sub,Electrify 30% of total existing residential buildings by 2035.,Mitigation,sub,1,1.0,True,True,True,"The extracted policy exactly matches the ground-truth policy in scope (existing residential buildings), quantified target (30%), action (electrify), and deadline (by 2035). No discrepancies or missing details are present."
Chicago_US,43,66,Electrify 90% of total existing City-owned buildings by 2035.,Mitigation,sub,Electrify 90% of total existing City-owned buildings by 2035.,Mitigation,sub,1,1.0,True,True,True,"The extracted policy exactly matches the ground-truth policy in scope, quantified target, and deadline: electrify 90% of total existing City-owned buildings by 2035. There is no discrepancy in wording or meaning."
Chicago_US,44,67,"Enable 2,500 new public passenger electric vehicle charging stations by 2035, prioritizing low- and middle-income communities.",Mitigation,sub,"Enable 2,500 new public passenger electric vehicle charging stations by 2035.",Mitigation,sub,0,0.9389,False,True,True,"The extracted policy matches the main quantified target and deadline exactly: 2,500 new public passenger EV charging stations by 2035. However, it omits the prioritization mechanism for low- and middle-income communities, which is part of the ground-truth policy’s scope and delivery focus. This makes it directionally correct but incomplete in specificity."
Chicago_US,46,68,"Strengthen policies that support installation of green roofs and walls, tree planting, and other vegetative cover by 2023.",Adaptation,sub,"Strengthen policies that support installation of green roofs and walls, tree planting, and other vegetative cover by 2023.",Nature-Based Solutions,sub,1,1.0,True,True,False,"The extracted policy exactly matches the ground-truth policy in scope, specificity, and timing: it includes the same measures (green roofs and walls, tree planting, and other vegetative cover) and the same deadline (by 2023). Commitment strength is also aligned, using the same action-oriented language ('Strengthen policies that support')."
Chicago_US,47,69,Enable net-zero-carbon construction by 2040.,Mitigation,sub,Enable net-zero-carbon construction by 2040.,Mitigation,sub,1,1.0,True,True,True,"The extracted policy exactly matches the ground-truth policy in scope, target, and deadline: 'Enable net-zero-carbon construction by 2040.' There is no discrepancy in specificity or commitment language."
Chicago_US,49,70,Develop a fossil-fuel plants transition strategy (peaker plant transition strategy) by 2024.,Mitigation,sub,Develop a fossil-fuel plants transition strategy by 2024.,Mitigation,sub,1,0.9054,True,True,True,"The extracted policy matches the ground-truth on the core commitment and deadline: it calls for developing a fossil-fuel plants transition strategy by 2024. It is slightly less specific because it omits the parenthetical clarification 'peaker plant transition strategy,' but this does not materially change the main policy commitment. No contradiction or hallucination is present."
Chicago_US,51,71,Ensure 150 megawatts of energy storage by 2025.,Mitigation,sub,Ensure 150 megawatts of energy storage by 2025.,Mitigation,sub,1,1.0,True,True,True,"The extracted policy exactly matches the ground-truth policy in scope, quantified target (150 megawatts), and deadline (by 2025). The commitment is stated with the same strength ('Ensure'). No source excerpt is provided to verify against, but relative to the ground-truth this is an exact match."
Chicago_US,52,72,"Encourage 1,000 megawatts of new energy demand reduction by 2030, and 3,000 megawatts by 2040.",Mitigation,sub,"Invest in 1,000 megawatts of demand response by 2024, and 3,000 megawatts by 2035.",Resource Efficiency,sub,-1,0.7796,False,True,False,"The extracted policy does not match the ground-truth on key specifics. While both reference 1,000 MW and 3,000 MW of demand reduction/response, the extracted version changes the timelines from 2030 and 2040 to 2024 and 2035, which materially alters the commitment. It also shifts the framing from 'encourage' new energy demand reduction to 'invest in' demand response, changing both the mechanism and policy scope. These are substantial inaccuracies rather than minor imprecision."
Chicago_US,55,73,Report energy burden by community area by 2023.,Mitigation,sub,Report energy burden by community area by 2023.,Resource Efficiency,sub,1,1.0,True,True,False,"The extracted policy exactly matches the ground-truth policy in scope, specificity, and deadline: it commits to reporting energy burden by community area by 2023. There is no discrepancy in target, timing, or mechanism."
Chicago_US,56,74,Develop a water and soil quality measurement and mitigation strategy by 2023.,Adaptation,sub,Develop a water and soil quality measurement and mitigation strategy by 2023.,Adaptation,sub,1,1.0,True,True,True,"The extracted policy exactly matches the ground-truth policy in scope, action, and deadline: develop a water and soil quality measurement and mitigation strategy by 2023. It preserves the specificity and commitment stated in the ground truth, with no omissions or contradictions."
Chicago_US,57,75,Establish a robust outdoor air quality monitoring network by 2025.,Adaptation,sub,Establish a robust outdoor air quality monitoring network by 2025.,Mitigation,sub,1,1.0,True,True,False,"The extracted policy exactly matches the ground-truth policy in scope, commitment, mechanism, and deadline: it specifies establishing a robust outdoor air quality monitoring network by 2025. With no source excerpt provided, there is no basis to identify any discrepancy."
Chicago_US,59,76,Publish clean energy just transition metrics by 2022.,Mitigation,sub,Publish clean energy just transition metrics by 2022.,Mitigation,sub,1,1.0,True,True,True,"The extracted policy exactly matches the ground-truth policy in action, scope, and deadline: publishing clean energy just transition metrics by 2022. There is no discrepancy in specificity or commitment relative to the ground truth."
Chicago_US,60,77,Integrate community resilience and climate justice criteria into department-level strategic planning and annual budget setting by 2023.,Adaptation,sub,Integrate community resilience and climate justice criteria into department-level strategic planning and annual budget setting by 2023.,Adaptation,sub,1,1.0,True,True,True,"The extracted policy exactly matches the ground-truth policy in scope, mechanism, and deadline: integrating community resilience and climate justice criteria into department-level strategic planning and annual budget setting by 2023. It preserves the same specificity and commitment language. No source excerpt is provided to test against underlying document text, but relative to the ground truth this is an exact match."
Chicago_US,61,78,"Develop a Heat Vulnerability Index and integrate it into planning and development, community safety, and public health planning processes beginning in 2023.",Adaptation,sub,"Develop a Heat Vulnerability Index and integrate into planning and development, community safety, and public health planning processes beginning in 2023.",Adaptation,sub,1,0.9969,True,True,True,"The extracted policy matches the ground-truth essentially verbatim. It includes the same core commitment (develop a Heat Vulnerability Index), the same delivery mechanism (integrate it into planning and development, community safety, and public health planning processes), and the same start date (beginning in 2023). No material omissions or contradictions are present."
Chicago_US,62,79,"Publish citywide and community-level quality-of-life metrics on equity and sustainability by 2023, publicly reported every year.",Adaptation,sub,Publish citywide and community-level qualityof-life metrics on equity and sustainability by 2023.,Adaptation,sub,0,0.9724,False,True,True,"The extracted policy matches the core action, scope, and deadline: publishing citywide and community-level quality-of-life metrics on equity and sustainability by 2023. However, it omits the ongoing mechanism/commitment that these metrics be publicly reported every year. Because a key specificity element is missing, this is directionally correct but incomplete."
Chicago_US,63,80,Assess and optimize community-level emergency management strategies related to climate preparedness by 2024.,Adaptation,sub,Assess and optimize community-level emergency management strategies related to climate preparedness by 2024.,Adaptation,sub,1,1.0,True,True,True,"The extracted policy exactly matches the ground-truth policy in scope, action, and deadline: it commits to assessing and optimizing community-level emergency management strategies related to climate preparedness by 2024. Although no source excerpt is provided to verify against the document, the extraction is a perfect match to the reference policy."
Chicago_US,65,81,Resource community-led climate infrastructure projects by 2022.,Adaptation,sub,Resource community-led climate infrastructure projects by 2022.,Adaptation,sub,1,1.0,True,True,True,"The extracted policy exactly matches the ground-truth policy in scope, action, and deadline: 'Resource community-led climate infrastructure projects by 2022.' With no source excerpt provided, there is no basis to identify any contradiction or missing specificity relative to the document."
Chicago_US,66,82,Integrate community resiliency strategies with the City's hazard mitigation planning by 2023.,Adaptation,sub,Integrate community resiliency strategies with the City's hazard mitigation planning by 2023.,Adaptation,sub,1,0.9999,True,True,True,"The extracted policy exactly matches the ground-truth policy in scope, commitment, mechanism, and deadline: integrating community resiliency strategies with the City's hazard mitigation planning by 2023. No discrepancies or missing details are present."
Chile_CL,75,0,"Chile will close all coal-fired power generation plants nationwide no later than 2040, with closures continuing through 2024 and beyond.",Mitigation,individual,"Close all coal-fired power plants nationwide no later than 2040, including seven additional plants by 2024 after three already started.",Mitigation,individual,1,0.723,True,True,True,"The extracted policy matches the ground-truth closely in scope, target, and deadline: closure of all coal-fired power plants nationwide by 2040 is captured exactly. It also preserves the interim closure trajectory through 2024 and beyond by noting additional plants by 2024 after earlier closures. Although the wording differs slightly from the ground truth, the core commitment and timing are accurately and specifically represented, with no contradiction."
Chile_CL,1,1,"Ensure application of the Section 3.2 social pillar criteria in the update, elaboration and implementation of the NDC (SP1).",Adaptation,sub,"Ensure application of just transition and sustainable development criteria in NDC update, elaboration and implementation processes.",Mitigation,individual,0,0.6775,False,False,False,"The extracted policy is directionally aligned with the ground truth in requiring criteria to be applied during NDC update, elaboration, and implementation. However, it does not accurately preserve the specific commitment: the ground truth explicitly refers to the 'Section 3.2 social pillar criteria,' while the extraction generalizes this to 'just transition and sustainable development criteria.' That softens and alters the referenced mechanism/scope. With no source excerpt provided to verify synonymous wording, this is a partial but imprecise match rather than a full one."
Chile_CL,2,2,"Establish a mechanism to measure, report and verify application of the Section 3.2 criteria (SP2).",Adaptation,sub,"Establish a mechanism to measure, report and verify application of NDC social-pillar criteria.",Mitigation,individual,0,0.6605,False,False,False,"The extracted policy is directionally aligned with the ground-truth: both establish a mechanism to measure, report, and verify application of criteria. However, it is less specific and not fully accurate because it replaces the precise reference to 'Section 3.2 criteria (SP2)' with the broader and potentially different 'NDC social-pillar criteria.' With no source excerpt provided to validate equivalence, this softens the specificity of the policy reference. Core mechanism matches, but the exact scope/reference is imprecise."
Chile_CL,3,3,"Develop by 2021 a Strategy for Just Transition to protect rights of vulnerable groups during energy matrix decarbonization, ensuring active citizen participation (SP3).",Mitigation,sub,Develop by 2021 a Just Transition Strategy for decarbonizing Chile's energy matrix.,Mitigation,individual,0,0.7204,False,False,True,"The extracted policy matches the main commitment and deadline: developing a Just Transition Strategy by 2021 tied to decarbonizing the energy matrix. However, it omits key specificity present in the ground truth: protecting the rights of vulnerable groups and ensuring active citizen participation. Because the core intent is captured but important delivery/mechanism details are missing, this is directionally correct but incomplete."
Chile_CL,5,5,"Chile will keep its GHG emissions budget to no more than 1,100 MtCO2eq for 2020–2030, with emissions peaking by 2025 and reaching 95 MtCO2eq by 2030 (M1).",Mitigation,sub,"Limit GHG emissions to a 2020-2030 budget of 1,100 MtCO2eq, peak by 2025, and 95 MtCO2eq by 2030, excluding LULUCF.",Mitigation,individual,0,0.7514,False,False,True,"The extracted policy matches the main quantified elements of the ground truth: a 2020–2030 GHG budget of 1,100 MtCO2eq, emissions peaking by 2025, and reaching 95 MtCO2eq by 2030. However, it omits the commitment framing ('Chile will keep') and adds 'excluding LULUCF,' which is not present in the ground-truth statement and cannot be verified from the source excerpt since none is provided. Because of this unverified added specificity, the extraction is directionally correct but not an exact match."
Chile_CL,6,6,"In 2020, Chile will establish a public-private dialogue roundtable to define policy for the use of markets under Article 6, with guidelines to preserve environmental integrity, avoid double-counting, and promote sustainable development (M1).",Mitigation,sub,Establish in 2020 a public-private dialogue roundtable to define policy for using markets under Paris Agreement Article 6.,Mitigation,individual,0,0.6867,False,False,True,"The extracted policy matches the core action, timing, and scope: establishing in 2020 a public-private dialogue roundtable to define policy for using markets under Article 6. However, it omits important specificity from the ground truth about the policy guidelines and objectives: preserving environmental integrity, avoiding double-counting, and promoting sustainable development. With no source excerpt provided to verify wording, this is directionally correct but incomplete rather than a full match."
Chile_CL,9,9,"Strengthen national coordination on adaptation through the national adaptation plan and adaptation plans for 11 priority sectors, using them as inputs to an Adaptation Communication to the UNFCCC by 2022 at the latest (A2).",Adaptation,sub,Strengthen national adaptation coordination through the national adaptation plan and 11 priority-sector adaptation plans.,Adaptation,parent,0,0.7931,False,False,True,"The extracted policy matches the core direction and mechanism of the ground-truth: strengthening national adaptation coordination through the national adaptation plan and 11 priority-sector adaptation plans. However, it omits important specificity and commitment details present in the ground-truth, namely that these plans are to serve as inputs to an Adaptation Communication to the UNFCCC and that this is due by 2022 at the latest. Because the main intent is captured but key deadline/output details are missing, the match is directionally correct but incomplete."
Chile_CL,10,10,Update the National Adaptation Plan by 2022 and begin its implementation (A2a).,Adaptation,sub,Update the National Adaptation Plan and begin implementation by 2022.,Adaptation,sub,1,0.8995,True,True,True,"The extracted policy matches the ground-truth on scope and timing: it refers to updating the National Adaptation Plan and beginning its implementation by 2022. The deadline is preserved, and the commitment is substantively equivalent despite the slight reordering of phrasing."
Chile_CL,11,11,"Develop initial adaptation plans for water resources, coastal areas, and the mining sector by 2022 and begin implementation (A2b).",Adaptation,sub,"Develop and begin implementation of first adaptation plans for water resources, coastal areas and mining by 2022.",Adaptation,sub,1,0.9089,True,True,True,"The extracted policy matches the ground-truth closely in scope, timing, and action. It preserves the sectors covered (water resources, coastal areas, mining), the deadline (by 2022), and the commitment to both develop and begin implementation of the plans. The wording 'first adaptation plans' is equivalent to 'initial adaptation plans,' with no material loss of specificity or strength."
Chile_CL,12,12,"Update and implement sectoral adaptation plans on the stated 2021–2028 schedule (including updates for Agriculture and Forestry, Biodiversity, Fisheries and Aquaculture, Health, Facilities, Energy, Cities, Tourism, Water Resources, Coastal Areas, and Mining) (A2c).",Adaptation,sub,Update and implement adaptation plans for multiple priority sectors from 2021 to 2028.,Adaptation,sub,0,0.811,False,True,True,"The extracted policy is directionally consistent with the ground-truth: it captures updating and implementing adaptation plans across multiple sectors over the 2021–2028 period. However, it is less specific because it omits the sectoral framing and the listed sectors (e.g., Agriculture and Forestry, Biodiversity, Fisheries and Aquaculture, Health, Energy, Cities, Tourism, Water Resources, Coastal Areas, Mining), and does not reflect the stated schedule in detail. With no source excerpt provided, there is no basis to verify stronger accuracy, so this is a partial but vague match rather than a full one."
Chile_CL,13,13,"By 2025, strengthen subnational climate capacities and institutionality and begin implementing adaptation/mitigation via Regional Climate Change Action Plans in 10 regions; by 2030, all 16 regions will have climate action plans (A3).",Adaptation,sub,"Deliver regional climate change action plans in 10 regions by 2025 and all 16 regions by 2030, beginning adaptation and mitigation implementation.",Adaptation,individual,1,0.8682,True,False,True,"The extracted policy matches the ground-truth on the key quantified targets and deadlines: 10 regions by 2025 and all 16 regions by 2030. It also captures the implementation element by stating adaptation and mitigation implementation begins through the regional climate change action plans. While it omits the explicit phrase about strengthening subnational climate capacities and institutionality, the core commitment, scope, and timing of the policy are preserved with high specificity and no contradiction."
Chile_CL,14,14,"Update and expand climate vulnerability and risk studies during NDC implementation, considering gender, to inform adaptation measure design (A4).",Adaptation,sub,Update and expand climate vulnerability and risk studies during NDC implementation to inform adaptation measures.,Adaptation,parent,1,0.8623,True,False,True,"The extracted policy matches the ground-truth closely in scope and mechanism: it updates and expands climate vulnerability and risk studies during NDC implementation to inform adaptation measures/design. The only omission is 'considering gender,' but the core commitment and purpose are preserved, and there are no contradictory or hallucinated details."
Chile_CL,15,15,"By 2021, develop a communal-level climate risk map platform for Chile's continental territory (A4a).",Adaptation,sub,Create by 2021 a communal-level climate risk map platform for Chile's continental territory.,Adaptation,sub,1,0.9011,True,True,True,"The extracted policy matches the ground-truth closely in scope, timing, and specificity: it includes the 2021 deadline, the communal-level climate risk map platform, and Chile's continental territory. Although the wording uses 'Create' instead of 'develop,' this does not materially change the commitment."
Chile_CL,16,16,"By 2021, estimate the costs of inaction on climate change; by 2025, estimate costs associated with historic losses and damage (A4b).",Adaptation,sub,Estimate climate inaction costs by 2021 and historical losses and damages by 2025.,Adaptation,sub,1,0.8616,True,True,True,"The extracted policy matches the ground-truth closely in scope, timing, and substance: it includes estimating the costs of climate inaction by 2021 and estimating historical losses and damages by 2025. Although slightly paraphrased ('historical losses and damages' vs. 'costs associated with historic losses and damage'), the core commitments, deadlines, and specificity are preserved, with no contradiction or material omission."
Chile_CL,17,17,"By 2025, assess nationwide climate change risk to vulnerable groups, focusing on indigenous peoples, poverty, and gender (A4c).",Adaptation,sub,"Assess climate change risk to vulnerable groups nationwide by 2025, focusing on indigenous peoples, poverty and gender.",Adaptation,sub,1,0.9072,True,True,True,"The extracted policy matches the ground-truth closely in scope, timing, and focus. It includes the nationwide assessment of climate change risk, the 2025 deadline, and the emphasis on vulnerable groups with specific attention to indigenous peoples, poverty, and gender. The commitment and specificity are preserved with no meaningful omissions or contradictions."
Chile_CL,18,18,"By 2026, strengthen the monitoring and evaluation system with progress and impact indicators for all climate change adaptation instruments (A5).",Adaptation,sub,Strengthen by 2026 the monitoring and evaluation system for all climate change adaptation instruments.,Adaptation,individual,0,0.8559,False,False,True,"The extracted policy matches the core action and deadline: strengthen the monitoring and evaluation system for all climate change adaptation instruments by 2026. However, it omits a key specificity from the ground truth: the system is to be strengthened with progress and impact indicators. Because the main intent and timing are correct but an important delivery mechanism/detail is missing, this is directionally correct but incomplete."
Chile_CL,19,19,Strengthen inclusion of non-governmental actors in planning and implementing adaptation measures during the NDC implementation period (A6).,Adaptation,sub,Strengthen inclusion of non-governmental actors in planning and implementing adaptation measures during the NDC period.,Adaptation,parent,1,0.9262,True,False,True,"The extracted policy matches the ground-truth closely in scope and commitment: it calls to strengthen inclusion of non-governmental actors in planning and implementing adaptation measures during the NDC period. The only difference is omission of the word ""implementation"" before ""period,"" which does not materially change the meaning. No quantified targets or deadlines are present in either version, so specificity is aligned."
Chile_CL,20,20,"By 2025, implement and keep updated a record of adaptation actions by non-governmental actors (A6a).",Adaptation,sub,Implement and update by 2025 a record of adaptation actions by non-governmental actors.,Adaptation,sub,1,0.8985,True,True,True,"The extracted policy matches the ground-truth on the core commitment, scope, actors, and deadline: a record of adaptation actions by non-governmental actors to be implemented and updated by 2025. 'Keep updated' is faithfully conveyed by 'update,' and there is no material loss of specificity or change in commitment strength."
Chile_CL,21,21,"By 2030, establish public-private cooperation mechanisms to execute adaptation actions at national and local scale (A6b).",Adaptation,sub,Establish by 2030 public-private cooperation mechanisms for executing adaptation actions nationally and locally.,Adaptation,sub,1,0.8708,True,True,True,"The extracted policy matches the ground-truth closely in scope, timing, and mechanism. It preserves the 2030 deadline, the commitment to establish public-private cooperation mechanisms, and the purpose of executing adaptation actions at both national and local levels. Wording is slightly paraphrased but meaning is unchanged."
Chile_CL,22,22,Enhance information mechanisms to manage climate change impacts on water resources to improve resilience (A7).,Adaptation,sub,Enhance information mechanisms for managing climate-change impacts on water resources to improve resilience.,Adaptation,parent,1,0.9209,True,False,True,"The extracted policy matches the ground-truth essentially verbatim in scope, action, and intent: enhancing information mechanisms to manage climate-change impacts on water resources in order to improve resilience. There are no missing targets, deadlines, or mechanisms beyond what is already absent from the ground-truth, and no contradiction or hallucination is introduced."
Chile_CL,23,23,"By 2025, establish a national indicator for hydrological watersheds to track water shortages and risk (A7a).",Adaptation,sub,Establish by 2025 a national hydrological watershed indicator to track water shortages and risk.,Adaptation,sub,1,0.8809,True,True,True,"The extracted policy matches the ground-truth closely in scope, timing, and mechanism: it specifies establishing a national hydrological watershed indicator by 2025 to track water shortages and risk. It preserves the core commitment and deadline without material omission or contradiction."
Chile_CL,24,24,"By 2025, create a system to certify water consumption management levels at an organizational level through the HuellaChile Program (A7b).",Resource Efficiency,sub,Create by 2025 a HuellaChile certification system for organizational water-consumption management.,Resource Efficiency,sub,1,0.8755,True,True,True,"The extracted policy matches the ground-truth closely in target, deadline, scope, and mechanism: it specifies creation by 2025 of a HuellaChile certification system for organizational water-consumption management. This captures the core commitment to create a system to certify organizational-level water consumption management through the HuellaChile Program. Minor wording differences do not change the meaning."
Chile_CL,25,25,"By 2030, establish Watershed Strategic Plans for Water Resources Management in Chile’s 101 hydrological basins, incorporating climate change adaptation (A7c).",Adaptation,sub,Establish by 2030 watershed strategic water-resource management plans for Chile's 101 hydrological basins.,Adaptation,sub,1,0.8701,True,True,True,"The extracted policy matches the ground-truth on scope, target, and deadline: it commits to establishing watershed strategic water-resource management plans by 2030 for Chile’s 101 hydrological basins. The delivery mechanism is captured adequately. It omits the explicit detail that the plans incorporate climate change adaptation, but otherwise aligns closely with the core commitment and specificity."
Chile_CL,26,26,"By 2030, inspect and register 95% of Rural Health Systems to ensure rural drinking water quality standards (A7d).",Adaptation,sub,Inspect and register 95% of Rural Health Systems by 2030 to ensure rural drinking-water quality standards.,Adaptation,sub,1,0.917,True,True,True,"The extracted policy matches the ground-truth exactly in scope, target, deadline, and purpose: inspection and registration of 95% of Rural Health Systems by 2030 to ensure rural drinking-water quality standards. No meaningful details are missing or altered."
Chile_CL,27,27,"By 2030, ensure 100% of companies in the health sector implement disaster risk management plans that consider climate-change-related risks (A7e).",Adaptation,sub,"Ensure all health-sector companies implement disaster risk management plans by 2030, including climate-change risks.",Adaptation,sub,1,0.8777,True,True,True,"The extracted policy matches the ground-truth closely in scope, target, deadline, and mechanism. 'All health-sector companies' is equivalent to '100% of companies in the health sector,' the 2030 deadline is preserved, and the requirement to implement disaster risk management plans including climate-change risks is accurately captured. No meaningful loss of specificity or commitment is present."
Chile_CL,28,28,"By 2030, implement 100% of the 2030 Agenda goals for the health sector (A7f).",Adaptation,sub,Implement by 2030 all 2030 Agenda goals for the health sector.,Adaptation,sub,1,0.8556,True,True,True,"The extracted policy matches the ground-truth closely in scope, target, and deadline: it commits to implementing all 2030 Agenda goals for the health sector by 2030. The quantified specificity ('all'/'100%') and timing are equivalent, and there is no material weakening or distortion."
Chile_CL,29,29,"By 2030, require all water-related public infrastructure projects to evaluate protection of population/land (e.g., river works) and prioritize urban/rural human water consumption demands in their areas of influence (A7g).",Adaptation,sub,"By 2030, evaluate all water-related public infrastructure projects for population and land protection and priority human water consumption support.",Adaptation,sub,1,0.8783,True,True,True,"The extracted policy matches the ground-truth on scope, deadline, and core mechanism: it applies 'by 2030' to 'all water-related public infrastructure projects' and requires evaluation related to protection of population/land plus prioritization of human water consumption. Although slightly compressed and less explicit about 'urban/rural' and 'in their areas of influence,' it preserves the main commitment and specificity without contradiction."
Chile_CL,30,30,"By 2030, reduce non-treated sewage by at least 25% (A7h).",Adaptation,sub,Reduce non-treated sewage by at least 25% by 2030.,Resource Efficiency,sub,1,0.882,True,True,False,"The extracted policy matches the ground-truth exactly in target, metric, and deadline: reducing non-treated sewage by at least 25% by 2030. Although the source excerpt is not provided, relative to the ground-truth this is a precise and accurate match with no material omissions or softening."
Chile_CL,31,31,Strengthen nationwide capacity to adapt to climate-related risks and manage adverse effects of socio-natural disasters (A8).,Adaptation,sub,Strengthen nationwide capacity to adapt to climate-related risks and manage socio-natural disasters.,Adaptation,parent,0,0.8647,False,False,True,"The extracted policy is directionally consistent with the ground-truth and preserves the main intent to strengthen nationwide adaptive capacity related to climate risks and socio-natural disasters. However, it omits the specific clause 'manage adverse effects of' and instead shortens it to 'manage socio-natural disasters,' which is less precise in scope. With no source excerpt provided, this is best graded as an imprecise but broadly correct match rather than a fully exact one."
Chile_CL,32,32,"By 2021, develop guidelines on climate change effects on human mobility in Chile aligned with international instruments (A8a).",Adaptation,sub,Develop by 2021 guidelines on the effect of climate change on human mobility in Chile.,Adaptation,sub,1,0.8503,True,True,True,"The extracted policy matches the ground-truth closely on scope, timing, and action: it commits to developing guidelines on the effects of climate change on human mobility in Chile by 2021. The only omission is the clause 'aligned with international instruments,' but the core commitment, target, and deadline are captured correctly, so this is a strong match."
Chile_CL,33,33,"By 2022, develop a specific national plan for heat-wave-associated risk variables via cross-sectoral work of the Meteorological Risk Variables Working Group (A8b).",Adaptation,sub,Develop by 2022 a national plan for heat-wave risk variables through cross-sectoral work.,Adaptation,sub,1,0.8853,True,True,True,"The extracted policy closely matches the ground truth on target, deadline, and mechanism: it specifies developing a national plan by 2022 for heat-wave risk variables through cross-sectoral work. Although it omits the qualifiers 'specific,' 'associated,' and the explicit reference to the Meteorological Risk Variables Working Group (A8b), the core commitment and delivery mechanism are accurately captured without contradiction."
Chile_CL,34,34,"By 2025, all regions will incorporate climate change adaptation actions into Regional Disaster Risk Reduction Plans in coordination with CORECC (A8c).",Adaptation,sub,"By 2025, incorporate climate change adaptation actions into all regional disaster risk reduction plans.",Adaptation,sub,1,0.8579,True,True,True,"The extracted policy matches the ground-truth on the core commitment, target year, and scope: incorporating climate change adaptation actions into all regional disaster risk reduction plans by 2025. It preserves the key deadline and delivery mechanism. The only omitted detail is 'in coordination with CORECC,' but this does not materially change the main policy commitment. Overall, this is a strong match."
Chile_CL,35,35,"By 2030, fully implement the National Policy for Disaster Risk Reduction 2019–2030, harmonize it with Sendai Framework, Paris Agreement and 2030 Agenda, and review it by 2023 (A8d).",Adaptation,sub,Fully implement the National Policy for Disaster Risk Reduction 2019-2030 by 2030 and review it by 2023.,Adaptation,sub,1,0.8513,True,True,True,"The extracted policy matches the ground-truth closely on the core commitment and timelines: it states full implementation of the National Policy for Disaster Risk Reduction 2019–2030 by 2030 and review by 2023. The only omitted detail is the harmonization with the Sendai Framework, Paris Agreement, and 2030 Agenda. Since the main target, deadline, and action are correctly captured, this is a strong match overall."
Chile_CL,37,36,"In 2020, develop a nationally agreed Circular Economy Roadmap (2020–2040) setting short-, medium- and long-term measures to 2040 (I1).",Resource Efficiency,sub,"Develop in 2020 a national Circular Economy Roadmap for 2020-2040 with short-, medium- and long-term measures.",Resource Efficiency,individual,1,0.9081,True,False,True,"The extracted policy matches the ground-truth closely in scope, timing, and specificity. It preserves the 2020 development commitment, the national Circular Economy Roadmap covering 2020–2040, and the inclusion of short-, medium-, and long-term measures. The only minor omission is 'nationally agreed,' but the core commitment and target are accurately captured without contradiction."
Chile_CL,38,37,"In 2020, develop a National Organic Waste Strategy to increase municipal organic waste recovery by returning nutrients/materials/substrates into production, contributing to adaptation and mitigation (I2).",Mitigation,sub,Develop in 2020 a National Organic Waste Strategy to increase municipal organic waste recovery into productive processes.,Resource Efficiency,individual,1,0.8877,True,False,False,"The extracted policy closely matches the ground-truth in timing (""in 2020""), action (develop a National Organic Waste Strategy), and objective (increase municipal organic waste recovery into productive processes). While it omits the explicit mention of ""returning nutrients/materials/substrates"" and the adaptation/mitigation contribution, it preserves the core commitment, scope, and mechanism without contradiction."
Chile_CL,39,38,"By 2022, establish and implement circularity metrics and indicators to monitor progress and identify contributions to mitigation and adaptation (I3).",Adaptation,sub,"By 2022, establish and implement circularity metrics and indicators to monitor circular economy progress and climate contribution.",Resource Efficiency,individual,1,0.8632,True,False,False,"The extracted policy matches the ground-truth closely in deadline, action, and mechanism: 'By 2022, establish and implement circularity metrics and indicators.' It preserves the purpose of monitoring progress and climate-related contribution. While it paraphrases 'identify contributions to mitigation and adaptation' as 'monitor circular economy progress and climate contribution,' this is an accurate condensation rather than a substantive omission or contradiction."
Chile_CL,41,39,"Sustainably manage and recover 200,000 hectares of native forests, delivering around 0.9–1.2 MtCO2eq annual GHG captures by 2030 (I4).",Nature-Based Solutions,sub,"Sustainably manage and recover 200,000 hectares of native forests, capturing around 0.9-1.2 MtCO2eq annually by 2030.",Nature-Based Solutions,parent,1,0.9478,True,False,True,"The extracted policy closely matches the ground-truth in scope, target, and timeline: it includes sustainable management and recovery of 200,000 hectares of native forests and annual captures of around 0.9–1.2 MtCO2eq by 2030. The only omission is the policy label '(I4)' and the explicit 'GHG' qualifier, which does not materially change the meaning."
Chile_CL,42,40,Ensure I4 forest management planning includes long-term activities to ensure permanence of forest conservation (I4a).,Nature-Based Solutions,sub,Plan long-term forest-management activities to ensure forest conservation and permanence.,Nature-Based Solutions,sub,1,0.7696,True,True,True,"The extracted policy matches the ground-truth closely in scope and commitment: both require long-term forest management planning/activities aimed at ensuring permanence of forest conservation. Although the source excerpt is not provided, relative to the ground-truth there is no material loss of specificity or contradiction; the slight wording change from 'Ensure I4 forest management planning includes' to 'Plan' preserves the core commitment and mechanism."
Chile_CL,43,41,Apply sustainable yield parameters so extractions do not exceed forest growth under I4 (I4b).,Nature-Based Solutions,sub,Apply sustainable yield parameters so extractions do not exceed forest growth.,Resource Efficiency,sub,1,0.8759,True,True,False,"The extracted policy matches the ground-truth core commitment and specificity: it states applying sustainable yield parameters so extractions do not exceed forest growth. The only omission is the internal reference 'under I4 (I4b),' which is a labeling/context detail rather than a substantive change to scope, target, or mechanism. No contradiction or softening is introduced."
Chile_CL,44,42,"Afforest 200,000 hectares, including at least 100,000 hectares of permanent forest cover and at least 70,000 hectares of native species, delivering 3.0–3.4 MtCO2eq annual captures by 2030 (I5).",Nature-Based Solutions,sub,"Afforest 200,000 hectares by 2030, including at least 100,000 hectares permanent forest cover and 70,000 hectares native species, capturing 3.0-3.4 MtCO2eq annually.",Nature-Based Solutions,parent,1,0.9587,True,False,True,"The extracted policy closely matches the ground-truth on scope, quantified targets, and timing: 200,000 hectares afforested, including 100,000 hectares of permanent forest cover and 70,000 hectares of native species, with 3.0–3.4 MtCO2eq annual captures by 2030. It preserves the key commitment and specificity with only negligible wording differences."
Chile_CL,45,48,"By 2030, reduce forestry-sector emissions from degradation and deforestation of native forest by 25% relative to average 2001–2013 emissions (I6).",Nature-Based Solutions,sub,Reduce forestry-sector emissions from native forest degradation and deforestation by 25% by 2030 compared with 2001-2013 averages.,Mitigation,parent,1,0.8707,True,False,False,"The extracted policy matches the ground-truth closely on scope, target, baseline, and deadline: it specifies forestry-sector emissions from native forest degradation and deforestation, a 25% reduction, by 2030, relative to 2001–2013 average emissions. Although the source excerpt is not provided, relative to the ground truth this is an accurate and specific match with no material loss of commitment or mechanism."
Chile_CL,46,56,"By 2025, identify peatland areas and other wetlands in a national inventory (I7).",Adaptation,sub,Identify peatland areas and other wetlands under a national inventory by 2025.,Nature-Based Solutions,individual,1,0.9016,True,False,False,"The extracted policy matches the ground-truth exactly in scope and specificity: it identifies peatland areas and other wetlands, uses a national inventory as the mechanism, and includes the 2025 deadline. Commitment strength is equivalent, with no material omission or contradiction."
Chile_CL,47,57,"By 2030, develop standardized metrics to evaluate wetlands’ (especially peatlands) adaptation/mitigation capacity and implement actions to enhance co-benefits in five pilot sites in protected areas (I8).",Nature-Based Solutions,sub,Develop by 2030 wetland climate metrics and implement enhancement actions at five pilot protected-area sites.,Nature-Based Solutions,individual,1,0.8036,True,False,True,"The extracted policy matches the ground-truth on the key elements: deadline ('by 2030'), substance ('develop standardized metrics' for wetlands’ climate-related capacity, summarized as 'wetland climate metrics'), and implementation ('enhancement actions' at 'five pilot' sites in protected areas). While it omits some nuance such as the emphasis on peatlands and the specific adaptation/mitigation and co-benefits framing, the core commitment, target, timing, and delivery mechanism are accurately preserved."
Chile_CL,49,58,"By 2021, develop a National Plan for the Restoration of Landscapes considering restoration of 1,000,000 hectares, prioritizing the most vulnerable ecosystems (I9).",Nature-Based Solutions,sub,"Develop by 2021 a National Plan for Landscape Restoration considering restoration of 1,000,000 hectares of ecosystems.",Nature-Based Solutions,individual,1,0.885,True,False,True,"The extracted policy matches the ground-truth closely on target, deadline, and core mechanism: it specifies developing a National Plan for Landscape Restoration by 2021 and considers restoration of 1,000,000 hectares. The only omission is the prioritization of the most vulnerable ecosystems, but the main commitment and quantified scope are captured accurately."
Chile_CL,51,59,Establish new protected areas in under-represented marine ecoregions and in coastal wetland ecosystems to supplement the marine network (I10).,Nature-Based Solutions,sub,"Establish new protected areas in under-represented marine ecoregions and coastal ecosystems, considering climate-change effects.",Nature-Based Solutions,parent,0,0.8243,False,False,True,"The extracted policy is directionally aligned with the ground truth: it captures establishing new protected areas in under-represented marine ecoregions and coastal ecosystems. However, it is less specific and not an exact match. It omits the detail that the coastal ecosystems are specifically 'wetland ecosystems,' drops the purpose/mechanism 'to supplement the marine network,' and adds 'considering climate-change effects,' which is not present in the ground-truth policy. With no source excerpt to verify, this is best graded as partially correct but imprecise rather than a full match."
Chile_CL,52,60,"By 2030, protect at least 10% of under-represented marine ecoregions (Humboldt, Central Chile, Araucanía and Chiloe) via participatory, science-based marine spatial planning including climate-change criteria (I10a).",Nature-Based Solutions,sub,"By 2030, protect at least 10% of under-represented marine ecoregions using participatory, science-based spatial planning with climate criteria.",Nature-Based Solutions,sub,1,0.8797,True,True,True,"The extracted policy matches the ground-truth on the core quantified target (protect at least 10%), deadline (by 2030), and mechanism (participatory, science-based spatial planning with climate criteria). It slightly omits the specific named ecoregions and the word 'marine' before spatial planning in one place, but it still accurately captures the scope as under-represented marine ecoregions and preserves the substantive commitment."
Chile_CL,53,61,"By 2025, protect at least 20 coastal wetlands as new protected areas (I10b).",Nature-Based Solutions,sub,Protect at least 20 coastal wetlands as new protected areas by 2025.,Nature-Based Solutions,sub,1,0.8794,True,True,True,"The extracted policy matches the ground-truth exactly in scope, target, mechanism, and deadline: protecting at least 20 coastal wetlands as new protected areas by 2025. No material details are missing or altered."
Chile_CL,54,62,"By 2030, protect at least 10 additional coastal wetlands as protected areas (I10c).",Nature-Based Solutions,sub,Protect at least 10 additional coastal wetlands as protected areas by 2030.,Nature-Based Solutions,sub,1,0.9006,True,True,True,"The extracted policy matches the ground-truth exactly in substance, target, mechanism, and deadline: protect at least 10 additional coastal wetlands as protected areas by 2030. Commitment strength and specificity are preserved, with only a non-substantive reordering of the phrase."
Chile_CL,55,63,Ensure all marine protected areas created up to 2020 have management/administration plans under implementation that include climate change adaptation actions (I11).,Adaptation,sub,Ensure all marine protected areas created up to 2020 have management or administration plans under implementation that consider climate adaptation.,Nature-Based Solutions,parent,1,0.924,True,False,False,"The extracted policy closely matches the ground-truth in scope, target, and timing: it applies to all marine protected areas created up to 2020 and requires management/administration plans under implementation. It also preserves the climate adaptation component. The phrase 'consider climate adaptation' is slightly softer than 'include climate change adaptation actions,' but the overall commitment and policy intent are materially aligned, with no contradiction or hallucination."
Chile_CL,56,64,"By 2030, ensure 100% of MPAs created between 2020 and 2025 have management/administration plans including climate change adaptation actions (I11c).",Adaptation,sub,"By 2025, ensure 100% of marine protected areas created up to 2020 have management or administration plans including climate adaptation actions.",Nature-Based Solutions,sub,-1,0.8574,False,True,False,"The extracted policy does not match the ground-truth on the key temporal scope. Ground-truth: by 2030, 100% of MPAs created between 2020 and 2025 must have plans including climate adaptation actions. Extracted: by 2025, 100% of MPAs created up to 2020 must have such plans. Both the deadline and the covered set of MPAs are changed, which materially alters the commitment despite a similar mechanism."
Chile_CL,57,65,"By 2025, implement management/administration plans for at least 40% of MPAs created before 2020 through monitoring, control, community involvement, and threat control programs (I11b).",Nature-Based Solutions,sub,"By 2025, implement management plans for at least 40% of marine protected areas created before 2020.",Nature-Based Solutions,sub,0,0.8137,False,True,True,"The extracted policy matches the core target and deadline: implementing management plans for at least 40% of MPAs created before 2020 by 2025. However, it omits important specificity present in the ground truth, namely that these are management/administration plans and that implementation is to occur through monitoring, control, community involvement, and threat control programs. With no source excerpt provided, this is best graded as directionally correct but missing key delivery mechanisms."
Chile_CL,58,68,"By 2030, implement a methodology to evaluate management effectiveness for 100% of MPA management/administration plans to track mitigation and adaptation targets (I11e).",Adaptation,sub,"By 2030, implement a methodology to evaluate management effectiveness of 100% of MPA plans against mitigation and adaptation targets.",Nature-Based Solutions,sub,1,0.9397,True,True,False,"The extracted policy closely matches the ground-truth on scope, target, and deadline: it retains 'By 2030,' 'implement a methodology,' and 'evaluate management effectiveness' for '100% of MPA plans' against mitigation and adaptation targets. The only minor omission is 'management/administration plans' and 'to track' those targets, but this does not materially change the commitment or specificity."
Chile_CL,59,69,Assess co-benefits of ecosystems in marine protected areas for mitigation and adaptation and implement actions to strengthen these co-benefits (I12).,Nature-Based Solutions,sub,Assess and strengthen climate mitigation and adaptation co-benefits of ecosystems in marine protected areas.,Nature-Based Solutions,parent,1,0.8617,True,False,True,"The extracted policy matches the ground-truth closely in scope and intent: it covers assessing co-benefits of ecosystems in marine protected areas for climate mitigation and adaptation and strengthening those co-benefits. While it omits the explicit phrase 'implement actions,' 'strengthen' effectively captures the delivery mechanism at a similar level of specificity. No contradiction or hallucination is present."
Chile_CL,60,70,"By 2025, develop standardized metrics in three MPAs to evaluate their adaptation/mitigation capacities (I12a).",Adaptation,sub,"By 2025, three marine protected areas will have standardized metrics to evaluate adaptation or mitigation capacities.",Nature-Based Solutions,sub,1,0.8344,True,True,False,"The extracted policy matches the ground-truth on target, deadline, scope, and mechanism: it specifies three marine protected areas, standardized metrics, evaluation of adaptation/mitigation capacities, and the 2025 deadline. The wording shifts from 'develop standardized metrics in three MPAs' to 'three marine protected areas will have standardized metrics,' but this preserves the core commitment without materially changing specificity or intent."
Chile_CL,61,71,"By 2030, apply monitoring and verification metrics in at least five MPAs and strengthen co-benefits in their management plans (I12b).",Adaptation,sub,"By 2030, apply monitoring and verification metrics for adaptation or mitigation capacities in at least five marine protected areas.",Nature-Based Solutions,sub,0,0.7894,False,True,False,"The extracted policy matches the main target and deadline: by 2030, apply monitoring and verification metrics in at least five marine protected areas. However, it omits the ground-truth requirement to strengthen co-benefits in their management plans, which is a substantive delivery mechanism/scope element. It also adds 'for adaptation or mitigation capacities,' which is not present in the ground-truth and may narrow or alter the intent. So it is directionally correct but incomplete and somewhat imprecise."
Chile_CL,63,73,"Develop in 2020 a Capacity Development and Climate Empowerment Strategy and begin implementation in 2021 to strengthen sectoral, national and subnational capacities to meet mitigation and adaptation targets (IM1).",Adaptation,sub,Develop in 2020 and begin implementing in 2021 a Capacity Development and Climate Empowerment Strategy for national mitigation and adaptation targets.,Mitigation,parent,1,0.9183,True,False,False,"The extracted policy matches the ground-truth closely on timing, action, and purpose: it includes development in 2020, implementation beginning in 2021, and the Capacity Development and Climate Empowerment Strategy aimed at mitigation and adaptation targets. It is slightly less specific because it omits 'strengthen sectoral, national and subnational capacities,' but the core commitment, deadlines, and policy mechanism are captured accurately."
Chile_CL,65,79,"In 2020, present and initiate implementation of the Climate Change Technology Transfer and Development Strategy (EDTTCC) to support sustainable, resilient and carbon neutral development by 2050 (IM2).",Mitigation,sub,Present in 2020 and implement the Climate Change Technology Transfer and Development Strategy to support resilient and carbon-neutral development by 2050.,Mitigation,parent,1,0.812,True,False,True,"The extracted policy closely matches the ground-truth in timing (present in 2020), action (implement the Climate Change Technology Transfer and Development Strategy), and objective (support resilient/carbon-neutral development by 2050). The only minor omission is 'sustainable' and the nuance of 'initiate implementation,' but the core commitment, deadline, and mechanism are preserved accurately."
Chile_CL,68,80,"By 2030, evaluate and update the EDTTCC based on implementation monitoring (IM2a-2030-update).",Adaptation,sub,"Establish EDTTCC governance by 2020, review by 2025, evaluate/update by 2030, and link support tools for mitigation and adaptation technologies by 2030.",Mitigation,sub,0,0.7742,False,True,False,"The extracted policy partially matches the ground-truth because it includes the core element: ""evaluate/update by 2030,"" which aligns with the 2030 evaluation and update timing. However, it adds extra commitments not present in the ground-truth (establish governance by 2020, review by 2025, link support tools by 2030) and omits the specific mechanism that the update is to be based on implementation monitoring. With no source excerpt provided to verify those additions, this is directionally correct but imprecise rather than an exact match."
Chile_CL,70,81,"By 2021, establish a Climate Technology Inventory System to be transferred, including local generation and adoption of global technologies (IM2b-2021-inventory).",Resource Efficiency,sub,"Implement needs-analysis mechanisms, technological action plans, inventories and promotion tools for climate technology development and transfer between 2020 and 2030.",Mitigation,sub,0,0.6388,False,True,False,"The extracted policy is directionally related to climate technology planning and inventories, but it does not match the ground-truth with sufficient specificity. The ground-truth has a clear commitment and deadline: establish a Climate Technology Inventory System by 2021, with transfer including local generation and adoption of global technologies. The extracted version broadens the scope into multiple mechanisms ('needs-analysis mechanisms, technological action plans, inventories and promotion tools'), changes the time frame to 2020–2030, and omits the specific commitment to establish the inventory system by 2021 and its transfer-related details. With no source excerpt provided to validate wording, this is only a partial, vaguer match rather than an exact one."
Chile_CL,73,82,"Commence implementation of the Financial Strategy on Climate Change (EFCC) in 2020 and update it every 5 years, with the first revision in 2021 (IM3).",Resource Efficiency,sub,"Begin implementing the Financial Strategy on Climate Change in 2020 and update it every five years, first in 2021.",Mitigation,parent,1,0.8505,True,False,False,"The extracted policy matches the ground-truth closely in scope, timing, and mechanism: implementation begins in 2020, the Financial Strategy on Climate Change is updated every five years, and the first revision/update is in 2021. The wording is equivalent ('Begin implementing' vs 'Commence implementation'). No material details are missing or altered."
Chile_CL,72,83,Contribution to Implementation Measures Climate Finance N°3 (IM3).,Mitigation,parent,"Generate information, data and analysis to mobilize capital flows under a policy framework consistent with national climate objectives.",Mitigation,sub,0,0.607,False,False,True,"The extracted policy is directionally aligned with a climate-finance implementation measure: it refers to generating information, data, and analysis to help mobilize capital flows under a policy framework consistent with national climate objectives. However, the ground-truth is only identified as 'Contribution to Implementation Measures Climate Finance N°3 (IM3),' and the extraction does not clearly establish that it matches the specific IM3 measure. It is vague, with no quantified target, deadline, or concrete delivery mechanism beyond general analytical support, so specificity and exactness are limited."
Chile_CL,74,86,"During 2020, establish a work plan for determining direct and indirect climate expenditure (subject to resource availability and Budget Law approval) (IM3d).",Mitigation,sub,Establish in 2020 a work plan for a public framework to determine direct and indirect climate expenditure.,Mitigation,sub,0,0.7987,False,True,True,"The extracted policy is directionally correct: it captures the 2020 timing, the establishment of a work plan, and the purpose of determining direct and indirect climate expenditure. However, it loses important specificity and commitment qualifiers from the ground truth: it omits that this is subject to resource availability and Budget Law approval, and it adds/changes wording to 'a public framework,' which is not present in the ground-truth text. Because the core intent is matched but key conditions and exact mechanism are softened/altered, this is a partial match rather than exact."
Colorado_Springs_US,16,2,"Maximize opportunities for citywide, non-exclusive access to linear and linked open space systems with convenient non-motorized connections.",Mitigation,sub,Maximize multimodal transportation options Downtown to reduce individual car ownership and use.,Resource Efficiency,sub,-1,0.6174,False,True,False,"The extracted policy does not match the ground-truth policy. The ground truth is about expanding citywide, non-exclusive access to linear and linked open space systems with non-motorized connections. The extracted policy instead focuses on downtown multimodal transportation and reducing car ownership/use. These differ in scope (citywide open space access vs downtown transportation), objective, and mechanism."
Colorado_Springs_US,22,8,"Design stormwater projects to incorporate recreation, education, and transportation uses when feasible.",Adaptation,sub,Design new and redeveloped projects to reduce regional stormwater flows and improve runoff quality.,Adaptation,sub,-1,0.7184,False,True,True,"The extracted policy does not match the ground-truth commitment. The ground truth is about adding co-benefits to stormwater projects—incorporating recreation, education, and transportation uses when feasible. The extracted policy instead focuses on a different objective: reducing stormwater flows and improving runoff quality. That is a separate stormwater performance goal, not the same scope, mechanism, or commitment. No source excerpt is provided to reconcile the difference."
Colorado_Springs_US,6,16,"Establish, design, and implement connected trail/open space/park facilities within a maximum 10-minute walk or ½ mile from most homes and businesses.",Adaptation,sub,"Goal ML-1: Provide for accessible, safe, engaging, and sustainable parks and open space systems and facilities.",Nature-Based Solutions,parent,0,0.5641,False,False,False,"The extracted policy is directionally related to parks and open space access, but it is much broader and less specific than the ground-truth. It omits the key quantified accessibility standard ('within a maximum 10-minute walk or ½ mile'), the connected trail/open space/park facility design and implementation mechanism, and the scope covering most homes and businesses. The commitment is therefore softened from a concrete accessibility/location standard to a general goal statement."
Colorado_Springs_US,0,17,"Ensure adequate and sustainable funding for parks, recreation, urban forest, and open space assets.",Adaptation,parent,"Ensure adequate and sustainable funding for parks, recreation, urban forest, and open space assets.",Nature-Based Solutions,sub,1,1.0,True,False,False,"The extracted policy exactly matches the ground-truth policy in scope, commitment, and specificity. Both state the same commitment to ensure adequate and sustainable funding for parks, recreation, urban forest, and open space assets. No source excerpt is provided to test against, but relative to the ground truth this is an exact match."
Colorado_Springs_US,1,18,"Establish coordinated, dedicated, permanent, and sustainable funding sources for parks/forestry/trails/streetscapes/open space acquisition, development, and ongoing maintenance.",Adaptation,sub,"Establish dedicated sustainable funding sources for parks, forestry, trails, streetscape, open space acquisition, development and maintenance.",Nature-Based Solutions,sub,1,0.9176,True,True,False,"The extracted policy closely matches the ground-truth in scope and commitment. It preserves the core action to establish dedicated, sustainable funding sources and covers the same sectors and uses: parks, forestry, trails, streetscape/open space, acquisition, development, and maintenance. It is slightly less specific because it omits modifiers like coordinated, permanent, ongoing, and pluralizes/condenses some terms, but these are minor wording losses rather than substantive changes. No contradiction or hallucination is present."
Colorado_Springs_US,2,19,Consider increasing the TOPS (Trails Open Space and Parks) sales tax above the current 0.10 percent.,Adaptation,sub,Consider increasing the TOPS sales tax from 0.10 percent.,Nature-Based Solutions,sub,1,0.8732,True,True,False,"The extracted policy closely matches the ground-truth in scope and commitment: both say to consider increasing the TOPS sales tax, and both reference the current 0.10 percent level. Although the extracted version omits the expanded name '(Trails Open Space and Parks)' and the word 'above,' 'from 0.10 percent' conveys the same baseline and proposed direction. No contradiction or material loss of specificity is introduced."
Colorado_Springs_US,5,20,Develop an inclusive and safe non-motorized system connecting the city and serving varied trail user needs.,Mitigation,parent,Develop an inclusive and safe non-motorized system that connects the city and serves varied trail users.,Resource Efficiency,sub,1,0.9903,True,False,False,"The extracted policy closely matches the ground-truth in scope, commitment, and specificity. It preserves the core commitment to develop an inclusive and safe non-motorized system, includes the connectivity goal ('connecting the city'), and captures the intent to serve varied trail user needs with only a minor wording change ('users' vs. 'user needs') that does not materially alter meaning. No source excerpt is provided to assess against document text, but relative to the ground-truth this is an accurate match."
Colorado_Springs_US,20,21,Encourage new development and redevelopment near existing parks and open spaces to increase public access and use.,Nature-Based Solutions,sub,"Goal ML-2: Activate and expand sustainable community use and interaction with open spaces, parks, and cultural resources.",Nature-Based Solutions,parent,0,0.6072,False,False,True,"The extracted policy is directionally related to parks/open spaces and community use, but it does not match the ground-truth closely enough in scope or mechanism. The ground-truth specifically encourages new development and redevelopment near existing parks and open spaces as a means to increase public access and use. The extracted policy instead states a broader goal to 'activate and expand sustainable community use and interaction' with open spaces, parks, and cultural resources, omitting the development/redevelopment siting mechanism and the emphasis on proximity to existing parks. With no source excerpt provided, this is best scored as an imprecise but related match."
Colorado_Springs_US,13,22,"Provide green infrastructure lands, facilities, and services tailored and aligned to the conditions and needs of all areas of the city.",Adaptation,parent,"Provide green infrastructure lands, facilities, and services tailored to area conditions and needs.",Nature-Based Solutions,sub,1,0.886,True,False,False,"The extracted policy closely matches the ground-truth in scope, commitment, and wording. It preserves the core commitment to provide green infrastructure lands, facilities, and services tailored to local area conditions and needs. The omission of 'aligned' and 'of all areas of the city' is minor and does not materially change the policy intent."
Colorado_Springs_US,14,23,Align City and new private development investments to provide park/open space/trail access within a 10-minute or ½ mile walk.,Adaptation,sub,"Align City and private investments in parks, open space and trails to provide access within a 10-minute or half-mile walk.",Nature-Based Solutions,sub,1,0.9256,True,True,False,"The extracted policy closely matches the ground-truth in scope, commitment, and specificity. It preserves the core action ('Align City and private investments'), the subject matter (parks/open space/trails), and the quantified access standard ('within a 10-minute or half-mile walk'). 'New private development investments' is slightly shortened to 'private investments,' but the overall intent and delivery mechanism remain effectively the same with no material contradiction."
Colorado_Springs_US,21,25,"Utilize, maintain, and expand open space and natural areas along creeks for stormwater conveyance while meeting recreation, education, and transportation needs.",Adaptation,parent,"Use, maintain and expand open space and natural areas along creeks to convey stormwater while meeting recreation, education and transportation needs.",Nature-Based Solutions,sub,1,0.9772,True,False,False,"The extracted policy is essentially identical to the ground-truth policy in scope, commitment, and mechanism. It preserves the core actions ('use/utilize, maintain, and expand'), the location/scope ('open space and natural areas along creeks'), the purpose ('convey stormwater'), and the co-benefits/requirements ('meeting recreation, education, and transportation needs'). No material details are missing or altered."
Colorado_Springs_US,24,26,Implement efforts like the Pikes Peak Regional Greenway Master Plan and Fountain Creek Restoration Plan on other stream corridors to improve stormwater management and reduce flooding while optimizing other benefits.,Adaptation,sub,Implement stream-corridor restoration efforts to improve stormwater management and decrease flooding issues.,Nature-Based Solutions,sub,0,0.7195,False,True,False,"The extracted policy matches the general intent of the ground-truth: implementing stream-corridor restoration to improve stormwater management and reduce flooding. However, it is less specific because it omits the reference to using efforts like the Pikes Peak Regional Greenway Master Plan and Fountain Creek Restoration Plan as models, does not mention applying them on other stream corridors, and leaves out the co-benefit element ('optimizing other benefits'). With no source excerpt provided, this is directionally correct but incomplete rather than a full match."
Colorado_Springs_US,26,27,"Use the City Streamside Design Guidelines for recommendations on floodplain treatments, vegetation management, and streambank stabilization to mitigate flood events.",Adaptation,sub,"Apply streamside design guidelines for floodplain treatments, vegetation management, stream bank stabilization and flood mitigation.",Adaptation,sub,1,0.8864,True,True,True,"The extracted policy closely matches the ground-truth in scope and mechanism: it calls for applying streamside design guidelines to floodplain treatments, vegetation management, and stream bank stabilization for flood mitigation. The only minor difference is omitting the specific name 'City Streamside Design Guidelines' and rephrasing 'to mitigate flood events' as 'flood mitigation,' but the core commitment and delivery mechanism are preserved. No contradiction or hallucination is present."
Colorado_Springs_US,23,28,"Incorporate creeks and waterways as focal points for recreation, education, and off-street transportation within and near neighborhoods.",Mitigation,sub,Preserve and maintain the creek and waterway system as an essential component of stormwater infrastructure.,Nature-Based Solutions,sub,-1,0.6334,False,True,False,"The extracted policy does not match the ground-truth policy’s scope or intent. Ground truth focuses on using creeks and waterways as focal points for recreation, education, and off-street transportation near neighborhoods. The extracted policy instead emphasizes preservation and maintenance of creeks and waterways as stormwater infrastructure. This is a different policy mechanism and purpose, with no mention of recreation, education, transportation, or neighborhood integration."
Colorado_Springs_US,27,32,Cultivate an ethic of environmental stewardship and landscape health through community education and engagement.,Nature-Based Solutions,parent,"Promote landscape practices and design that use water wisely, restore biodiversity and improve resiliency.",Nature-Based Solutions,sub,-1,0.6446,False,False,True,"The extracted policy does not match the ground-truth policy’s core mechanism or scope. The ground truth is about cultivating environmental stewardship and landscape health through community education and engagement. The extracted policy instead focuses on promoting water-wise landscape design, biodiversity restoration, and resiliency—different substantive goals and no mention of community education or engagement. With no source excerpt provided to support equivalence, this is not a meaningful match."
Colorado_Springs_US,15,39,"Identify and support opportunities to increase the proportion of residents and businesses within a ¼ mile walk of parks, trails, open space, and publicly accessible outdoor amenities.",Adaptation,sub,"Align investments in mass transit, self-driving car technologies, EV charging, bicycle and walking trails to support air and water quality improvements.",Mitigation,sub,-1,0.557,False,True,False,"The extracted policy does not match the ground-truth policy. The ground truth is specifically about increasing the proportion of residents and businesses within a ¼ mile walk of parks, trails, open space, and publicly accessible outdoor amenities, with a clear accessibility focus and spatial metric. The extracted policy instead discusses aligning investments in mass transit, self-driving car technologies, EV charging, and trails for air and water quality improvements. This changes the scope, omits the ¼ mile access target, and introduces unrelated transportation technologies and environmental outcomes not present in the ground-truth policy."
Colorado_Springs_US,30,43,Partner with Colorado Springs Utilities and school districts to support education and incentives for water and energy conservation and environmental quality best practices.,Resource Efficiency,sub,Partner on education and incentives for water and energy conservation and environmental quality best practices.,Resource Efficiency,sub,1,0.757,True,True,True,"The extracted policy matches the ground-truth core commitment and mechanisms: partnership on education and incentives for water and energy conservation and environmental quality best practices. It omits the specific partners ('Colorado Springs Utilities and school districts'), but otherwise preserves the scope and intent without contradiction. Given the source document excerpt is not provided, there is no basis to assess further specificity from the document itself."
Colorado_Springs_US,32,45,"Recognize vulnerability of natural and built landscapes to hazards, degradation, and overuse, and strengthen resilience through management and planning actions.",Adaptation,parent,"Recognize vulnerability of natural and built landscapes to natural hazards, degradation and overuse.",Adaptation,sub,0,0.895,False,False,True,"The extracted policy matches the first part of the ground-truth by recognizing the vulnerability of natural and built landscapes to hazards, degradation, and overuse. However, it omits the key commitment/action component: 'strengthen resilience through management and planning actions.' Because the core intent is only partially captured and lacks the delivery mechanism, this is directionally correct but incomplete."
Colorado_Springs_US,33,46,Develop and implement a citywide integrated urban forest and noxious weed management plan for City property.,Adaptation,sub,Develop and implement a citywide integrated urban forest and noxious weed management plan.,Nature-Based Solutions,sub,0,0.9739,False,True,False,"The extracted policy matches the core action ('develop and implement a citywide integrated urban forest and noxious weed management plan') but omits the scope qualifier 'for City property.' Because the source document excerpt is not provided, this is evaluated against the ground-truth only. The extraction is directionally correct but less specific in scope, so it is incomplete rather than a full match."
Colorado_Springs_US,34,47,Focus on projects to restore degraded natural areas and open spaces.,Nature-Based Solutions,sub,Restore degraded natural areas and open spaces.,Nature-Based Solutions,sub,1,0.803,True,True,True,"The extracted policy matches the ground-truth policy exactly in scope and commitment: both state restoration of degraded natural areas and open spaces. There are no quantified targets, deadlines, or mechanisms in the ground truth to preserve, so nothing material is missing. Although the extracted version omits the introductory phrase 'Focus on projects to,' it retains the same substantive policy intent."
Colorado_Springs_US,35,48,"Plan for, improve, and complete a comprehensive system of wildlife corridors including crossings of major transportation barriers.",Nature-Based Solutions,sub,"Plan for, improve and complete a comprehensive system of wildlife corridors including crossings of transportation barriers.",Nature-Based Solutions,sub,1,0.99,True,True,True,"The extracted policy matches the ground-truth almost exactly in scope and commitment: it retains the actions to plan for, improve, and complete a comprehensive system of wildlife corridors, and includes crossings of transportation barriers. The omission of 'major' before transportation barriers is a minor loss of specificity, but it does not materially change the policy intent. No contradiction or hallucination is present."
Colorado_Springs_US,36,49,Incentivize mitigation on private property in the Wildland Urban Interface and provide adequate public funding for forest management on public land.,Mitigation,sub,Incentivize mitigation on private property in the Wildland Urban Interface and provide public funding for forest management on public land.,Adaptation,sub,1,0.9878,True,True,False,"The extracted policy closely matches the ground-truth in scope and commitment. It correctly captures both core elements: incentivizing mitigation on private property in the Wildland Urban Interface and providing public funding for forest management on public land. The only omission is the modifier 'adequate' before public funding, which slightly reduces specificity but does not materially change the policy intent. No contradiction or hallucination is present."
Colorado_Springs_US,37,50,Continue to update and implement the Colorado Springs Hazard Mitigation Plan.,Adaptation,sub,Continue to update and implement the Colorado Springs Hazard Mitigation Plan.,Adaptation,sub,1,1.0,True,True,True,"The extracted policy exactly matches the ground-truth policy in scope, commitment, and specificity: 'Continue to update and implement the Colorado Springs Hazard Mitigation Plan.' There is no discrepancy or added/hallucinated content."
Colorado_Springs_US,19,52,Repurpose underserved areas with new parks and encourage creation or redevelopment of Neighborhood Greenspaces associated with neighborhood focal points and activity centers.,Adaptation,sub,Promote green landscapes such as rooftop and vertical gardens and reduce impervious surfaces.,Nature-Based Solutions,sub,-1,0.5801,False,True,False,"The extracted policy does not meaningfully match the ground-truth. Ground truth is about repurposing underserved areas into new parks and creating/redeveloping Neighborhood Greenspaces tied to neighborhood focal points and activity centers. The extraction instead focuses on rooftop/vertical gardens and reducing impervious surfaces, which are different mechanisms and omit the specific scope, place-based focus, and redevelopment commitment in underserved areas."
Colorado_Springs_US,25,54,Educate citizens on development impacts on wildlife and encourage preservation of significant wildlife corridors and contiguous open lands through regulation.,Nature-Based Solutions,sub,"Work with wildlife habitat managers to balance wildlife needs with management for fire, floods and drought.",Adaptation,sub,-1,0.56,False,True,False,"The extracted policy does not match the ground-truth policy’s core scope or mechanism. Ground truth focuses on educating citizens about development impacts on wildlife and encouraging preservation of wildlife corridors/open lands through regulation. The extracted policy instead proposes coordination with wildlife habitat managers to balance wildlife needs with fire, flood, and drought management. This is a different policy area, omits public education, omits preservation of corridors/open lands, and omits the regulatory mechanism."
Columbus_US,28,0,Commit to making Columbus carbon neutral by 2050.,Mitigation,individual,"Reduce community GHG emissions 45% by 2030 and 100% by 2050, achieving Columbus' 2050 carbon neutrality goal.",Mitigation,individual,1,0.8199,True,True,True,"The extracted policy matches the ground-truth core commitment that Columbus will be carbon neutral by 2050. It is consistent in scope and timeline, and even adds intermediate specificity (45% by 2030 and 100% by 2050) without contradicting the ground-truth. Although the source document excerpt is not provided, relative to the stated ground-truth this is an accurate and stronger formulation of the same commitment."
Columbus_US,0,4,Strategy 1: Empower a community of climate leaders.,Adaptation,parent,Implement the strategy 'Empower a community of climate leaders' through its listed climate actions.,Mitigation,parent,0,0.7866,False,True,False,"The extracted policy matches the ground-truth strategy title exactly ('Empower a community of climate leaders'), so it is directionally correct in scope. However, it adds no specific actions, targets, deadlines, or mechanisms, and the source document excerpt is not provided to verify stronger commitment language. Because it is essentially a restatement of the strategy rather than a precise policy extraction, it is correct but vague."
Columbus_US,1,5,"Incorporate climate action programs into GreenSpot by adapting GreenSpot outreach initiatives to increase climate change awareness, with targets of 200 training events and 1,000 new community partner signatory commitments by 2030.",Adaptation,sub,"Expand GreenSpot climate action outreach to 200 training events and 1,000 new community partner commitments by 2030.",Mitigation,sub,1,0.8959,True,True,False,"The extracted policy closely matches the ground-truth in scope, targets, and deadline: it identifies GreenSpot climate action outreach and includes the quantified targets of 200 training events and 1,000 new community partner commitments by 2030. While it is slightly less specific about the mechanism ('adapting GreenSpot outreach initiatives to increase climate change awareness') and omits 'signatory,' it preserves the core commitment and specificity without contradiction."
Columbus_US,2,6,Strategy 2: Develop a clean energy economy.,Mitigation,parent,Implement the strategy 'Develop a clean energy economy' through its listed climate actions.,Mitigation,parent,0,0.7094,False,True,True,"The extracted policy matches the ground-truth strategy title ('Develop a clean energy economy') but adds no specific commitment, targets, deadlines, or mechanisms beyond a generic reference to 'listed climate actions.' With no source excerpt provided, accuracy cannot be verified further. This is directionally correct but too vague to count as a full match."
Columbus_US,3,7,"Support green business initiatives to spur job creation, targeting 10,000 new green jobs by 2030.",Mitigation,sub,"Support green business initiatives to create 10,000 new green jobs by 2030.",Mitigation,sub,1,0.9689,True,True,True,"The extracted policy matches the ground-truth closely in scope, target, and deadline: it supports green business initiatives and specifies creating 10,000 new green jobs by 2030. The wording change from 'spur job creation' to 'create' does not alter the substantive commitment. No source excerpt is provided to check against underlying document language, but relative to the ground-truth this is an accurate match."
Columbus_US,4,8,Increase annual sustainable development funding by establishing a green bank by 2025 and reaching $250 million average annual PACE investments by 2030.,Mitigation,sub,Establish a green bank by 2025 and increase PACE investments to $250 million annually by 2030.,Resource Efficiency,sub,1,0.912,True,True,False,"The extracted policy matches the ground-truth closely in scope, timing, and quantified target. It includes the key mechanism (establish a green bank by 2025) and the specific investment target/deadline (PACE investments to $250 million annually by 2030). While it omits the framing phrase 'increase annual sustainable development funding' and uses 'annually' instead of 'average annual,' the core commitment and specificity are preserved without contradiction."
Columbus_US,6,10,Develop a regional adaptive management strategy with prioritized strategies outlined by 2025; implement short-term strategies by 2030; and implement long-term strategies by 2050.,Adaptation,sub,"Develop and implement a regional adaptive management strategy with prioritized strategies by 2025, short-term implementation by 2030, and long-term implementation by 2050.",Adaptation,sub,1,0.9749,True,True,True,"The extracted policy matches the ground-truth closely in scope, timing, and mechanism. It preserves the key commitments: develop a regional adaptive management strategy, prioritize strategies by 2025, implement short-term strategies by 2030, and implement long-term strategies by 2050. Although the wording is slightly compressed, no substantive detail is lost or contradicted."
Columbus_US,7,12,Conduct 'Ambition 2025' to outline a 7% increase to GHG modeling reduction by 2025 and implement reduction strategies by 2030 and long-term strategies by 2050.,Mitigation,sub,Use Ambition 2025 to outline an additional 7% GHG modeling reduction by 2025 and implement reduction strategies through 2030 and 2050.,Mitigation,sub,1,0.928,True,True,True,"The extracted policy closely matches the ground-truth in scope, target, and timeline. It correctly identifies 'Ambition 2025,' the 7% GHG modeling reduction by 2025, and implementation of reduction strategies extending to 2030 and 2050. The wording 'through 2030 and 2050' is slightly less precise than distinguishing 2030 reduction strategies and 2050 long-term strategies, but the core commitment and deadlines are captured accurately with no material contradiction."
Columbus_US,5,13,Strategy 4: Support a healthy and resilient community.,Adaptation,parent,Implement the strategy 'Support a healthy and resilient community' through its listed climate actions.,Adaptation,parent,0,0.677,False,True,True,"The extracted policy matches the high-level strategy title in the ground truth ('Support a healthy and resilient community') but adds only a vague implementation statement ('through its listed climate actions'). With no source excerpt provided, there is no evidence of quantified targets, deadlines, mechanisms, or stronger commitment language. It is directionally correct but lacks specificity and does not capture any concrete commitment beyond restating the strategy."
Columbus_US,8,14,Establish a coordinated network of resilience hubs by developing an implementation plan for priority locations by 2025 and implementing resilience hubs within a 15-minute walk for all residents by 2050.,Adaptation,sub,"Create a coordinated network of resilience hubs, with a priority-location implementation plan by 2025 and hubs within a 15-minute walk for all residents by 2050.",Adaptation,sub,1,0.9681,True,True,True,"The extracted policy matches the ground-truth closely in scope, specificity, and timing. It preserves the coordinated network of resilience hubs, the requirement for an implementation plan for priority locations by 2025, and the goal of hubs within a 15-minute walk for all residents by 2050. Commitment strength is effectively equivalent, with only negligible paraphrasing ('Create' vs. 'Establish' and omission of 'developing'/'implementing' wording) that does not change the substance."
Columbus_US,9,15,Establish a regional emergency alert system for climate hazards by 2025.,Adaptation,sub,Implement a regional emergency alert system for climate hazards by 2025.,Adaptation,sub,1,0.9688,True,True,True,"The extracted policy matches the ground-truth closely in scope, timing, and action: both specify a regional emergency alert system for climate hazards with a 2025 deadline. 'Implement' is equivalent in commitment and specificity to 'Establish' here. No material discrepancy is present."
Columbus_US,10,17,Increase development density by establishing vacant property redevelopment targets by 2025 and ensuring 40% of new housing is within 1/4 mile of employment centers by 2030 and 60% by 2050.,Mitigation,sub,Increase development density by setting vacant property redevelopment targets by 2025 and locating 40% of new housing within 1/4 mile of employment centers by 2030 and 60% by 2050.,Resource Efficiency,sub,1,0.9883,True,True,False,"The extracted policy matches the ground-truth closely in scope, specificity, and commitment. It includes the same mechanism (vacant property redevelopment targets), the same quantified targets (40% by 2030 and 60% by 2050), and the same deadline (by 2025). The wording shift from 'ensuring' to 'locating' does not materially change the policy meaning."
Columbus_US,11,19,"Increase equitable access to green space by tracking and expanding to 430 accessible green spaces by 2030, 500 by 2050, and ensuring access to green space within a 10-minute walk for all residents by 2050.",Adaptation,sub,"Increase equitable access to green space to 430 accessible green spaces by 2030, 500 by 2050, and 10-minute-walk access for all residents by 2050.",Nature-Based Solutions,sub,1,0.9623,True,True,False,"The extracted policy matches the ground-truth closely in scope, targets, and deadlines: 430 accessible green spaces by 2030, 500 by 2050, and access within a 10-minute walk for all residents by 2050. Commitment strength is effectively preserved. It omits the explicit mechanism words 'tracking and expanding,' but the core commitment and quantified milestones are accurately captured."
Columbus_US,12,20,Implement water adaptation strategies by implementing short-term Sustaining Scioto strategies by 2025 and completing mid-term strategies by 2050.,Adaptation,sub,Implement short-term Sustaining Scioto water adaptation strategies by 2025 and complete mid-term strategies by 2050.,Adaptation,sub,1,0.9609,True,True,True,"The extracted policy matches the ground-truth closely in scope, timing, and specificity. It includes the same core commitment to implement Sustaining Scioto water adaptation strategies, specifies the short-term strategies by 2025, and completion of mid-term strategies by 2050. Commitment strength is equivalent and there is no material omission or contradiction."
Columbus_US,13,22,Assess and protect assets from climate change impacts by completing a physical vulnerability assessment by 2025 and implementing short-term actions by 2030 and long-term actions by 2050.,Adaptation,sub,Complete a physical vulnerability assessment by 2025 and implement short- and long-term assessment actions by 2030 and 2050.,Adaptation,sub,0,0.8301,False,True,True,"The extracted policy captures the key deadlines (2025, 2030, 2050) and the physical vulnerability assessment, so it is directionally aligned with the ground truth. However, it omits the broader commitment to 'assess and protect assets from climate change impacts' and weakens the mechanism by referring to 'assessment actions' rather than implementing short-term and long-term actions. Because the core intent is only partially captured and the action component is imprecise, this is a vague/softened match rather than a fully specific one."
Columbus_US,14,23,"Reduce urban heat with tree canopy cover by investing in equitable canopy across all neighborhoods by 2030, stopping net tree canopy losses by 2030, and reaching 40% city-wide tree canopy by 2050.",Adaptation,sub,"Invest in equitable tree canopy, stop net tree canopy loss by 2030, and reach 40% citywide tree canopy by 2050.",Nature-Based Solutions,sub,1,0.8617,True,True,False,"The extracted policy closely matches the ground-truth on scope, targets, and timing. It includes investing in equitable tree canopy, stopping net tree canopy loss by 2030, and reaching 40% citywide tree canopy by 2050. The only omission is the phrase 'across all neighborhoods' and the broader framing of reducing urban heat, but the core commitments and quantified deadlines are preserved with high specificity."
Columbus_US,15,24,Evaluate microgrid and energy storage projects by completing a prioritization study by 2025 and implementing 5 microgrid pilot projects by 2030.,Mitigation,sub,Complete a microgrid and energy storage prioritization study by 2025 and implement five pilot microgrid projects by 2030.,Adaptation,sub,1,0.968,True,True,False,"The extracted policy matches the ground-truth closely in scope, specificity, and commitment. It includes the same actions (complete a microgrid and energy storage prioritization study; implement microgrid pilot projects), the same deadlines (by 2025 and by 2030), and the same quantified target (5 pilot projects, expressed as 'five'). No material details are missing or contradicted."
Columbus_US,16,25,Strategy 7: Increase renewable energy.,Mitigation,parent,Implement the strategy 'Increase renewable energy' through its listed climate actions.,Mitigation,parent,0,0.734,False,True,True,"The extracted policy matches the general topic of the ground-truth ('Increase renewable energy') but adds no specific target, deadline, or mechanism beyond a generic statement to implement listed actions. With no source excerpt provided, there is no evidence of contradiction, but the extraction is vague and does not capture any concrete commitment details."
Columbus_US,17,26,Increase residential on-site solar by developing a Community Solar Plan by 2025 and reaching 50 MW installed by 2030 and 500 MW installed by 2050.,Mitigation,sub,Develop a community solar plan by 2025 and install 50 MW of residential on-site solar by 2030 and 500 MW by 2050.,Mitigation,sub,1,0.9564,True,True,True,"The extracted policy matches the ground-truth closely in scope, timing, and quantified targets: it includes developing a Community Solar Plan by 2025 and achieving 50 MW by 2030 and 500 MW by 2050 for residential on-site/community solar. Commitment strength and specificity are preserved, with only a minor wording variation ('install' vs. 'reaching installed') that does not change meaning."
Columbus_US,18,27,Increase commercial on-site solar to reach 200 MW municipal installed and 600 MW private installed by 2030 and 2 GW total installed by 2050.,Mitigation,sub,"Install 200 MW municipal and 600 MW private commercial on-site solar by 2030, reaching 2 GW total installed by 2050.",Mitigation,sub,1,0.9501,True,True,True,"The extracted policy matches the ground-truth closely in scope, quantified targets, and deadlines: 200 MW municipal and 600 MW private commercial on-site solar by 2030, and 2 GW total installed by 2050. Although it uses 'Install' instead of 'Increase ... to reach,' the commitment and specificity are effectively equivalent, with no material loss of meaning."
Columbus_US,19,28,Implement clean energy procurement: 100% municipal and 100% residential clean energy procurement by 2030; 25% commercial by 2030; and 100% commercial by 2050.,Mitigation,sub,"Procure 100% municipal and residential clean energy by 2030, 25% commercial clean energy by 2030, and 100% commercial clean energy by 2050.",Mitigation,sub,1,0.9134,True,True,True,"The extracted policy matches the ground-truth almost exactly in scope, targets, and deadlines: 100% municipal and residential clean energy by 2030, 25% commercial by 2030, and 100% commercial by 2050. The core commitment and specificity are fully preserved, with only minor wording compression ('municipal and residential' instead of repeating '100%' separately) that does not change meaning."
Columbus_US,29,32,Achieve greenhouse gas emissions reductions of 45% by 2030 and 100% (carbon neutrality) by 2050 under CAP Actions (relative to the 2013 baseline).,Mitigation,individual,Implement the strategy 'Adopt net zero and resilient building standards' through its listed climate actions.,Mitigation,parent,-1,0.576,False,False,True,"The extracted policy does not match the ground-truth policy. The ground truth is a specific emissions-reduction commitment with quantified targets (45% by 2030, 100% by 2050), a carbon-neutrality endpoint, and a baseline (2013) under CAP Actions. The extracted policy instead refers to implementing a building standards strategy and omits the emissions targets, deadlines, baseline, and overall CAP emissions-reduction commitment. This is not a meaningful match."
Columbus_US,20,35,Strategy 10: Enable carbon free vehicles.,Mitigation,parent,Implement the strategy 'Enable carbon free vehicles' through its listed climate actions.,Mitigation,parent,0,0.7863,False,True,True,"The extracted policy matches the ground-truth strategy title exactly in intent ('Enable carbon free vehicles'), but it adds no specific target, deadline, or mechanism beyond a generic statement to implement the strategy through unspecified actions. With no source excerpt provided, there is no basis to verify stronger detail. This is directionally correct but too vague to merit a full match."
Columbus_US,21,36,"Increase private zero emission vehicle adoption by developing an equitable EV charging plan and implementing an EV Ready Ordinance by 2025, reaching 15% ZEV registrations by 2030 and 100% by 2050.",Mitigation,sub,"Develop an equitable EV charging plan and implement an EV Ready Ordinance by 2025, with 15% ZEV registrations by 2030 and 100% by 2050.",Mitigation,sub,1,0.9273,True,True,True,"The extracted policy matches the ground-truth closely in scope, targets, deadlines, and mechanisms. It includes the same delivery actions (equitable EV charging plan and EV Ready Ordinance by 2025) and the same quantified adoption targets (15% ZEV registrations by 2030 and 100% by 2050). Although it omits the introductory framing phrase 'Increase private zero emission vehicle adoption,' that intent is fully preserved by the specific actions and targets."
Columbus_US,22,37,"Implement zero emission vehicle fleets by achieving 100% municipal light duty passenger ZEV by 2030, 50% rideshare and private fleets ZEV by 2030, and 100% ZEV fleets by 2050.",Mitigation,sub,"Transition municipal light-duty passenger vehicles to 100% ZEV by 2030, rideshare and private fleets to 50% ZEV by 2030, and all fleets to 100% ZEV by 2050.",Mitigation,sub,1,0.9248,True,True,True,"The extracted policy matches the ground-truth closely in scope, targets, and deadlines. It includes the same quantified commitments: 100% municipal light-duty passenger ZEV by 2030, 50% rideshare and private fleets ZEV by 2030, and 100% fleets ZEV by 2050. The wording is slightly paraphrased ('transition' and 'all fleets'), but there is no material loss of specificity or change in commitment strength."
Columbus_US,23,38,Promote medium/heavy duty zero emission vehicle adoption by reaching 2% zero emission medium/heavy duty vehicles by 2030 and 100% by 2050.,Mitigation,sub,Promote zero-emission medium- and heavy-duty vehicles to reach 2% adoption by 2030 and 100% by 2050.,Mitigation,sub,1,0.9521,True,True,True,"The extracted policy matches the ground-truth closely in scope, target, and timeline: it covers medium/heavy-duty zero-emission vehicle adoption with the same quantified milestones of 2% by 2030 and 100% by 2050. The wording is slightly condensed but does not change the commitment or specificity."
Columbus_US,24,44,Strategy 12: Reduce waste generated.,Resource Efficiency,parent,Implement the strategy 'Reduce waste generated' through its listed climate actions.,Mitigation,parent,0,0.691,False,True,False,"The extracted policy matches the ground-truth strategy title ('Reduce waste generated') but adds only a vague implementation phrase ('through its listed climate actions') without any specific target, deadline, mechanism, or commitment strength. With no source excerpt provided, there is no basis to verify stronger detail. This is directionally correct but imprecise."
Columbus_US,25,45,Reduce landfilled organic waste by 50% by 2030 and 90% by 2050.,Mitigation,sub,Reduce organic waste 50% by 2030 and 90% by 2050.,Mitigation,sub,1,0.9122,True,True,True,"The extracted policy matches the ground-truth target and deadlines exactly: a 50% reduction by 2030 and 90% by 2050. It omits the word 'landfilled,' but otherwise preserves the core commitment and specificity. Given no source excerpt is available to test against, this is a strong match to the ground-truth policy."
Columbus_US,26,46,Reduce recyclable waste sent to landfill by 40% by 2030 and 95% by 2050.,Mitigation,sub,Reduce recyclable waste landfilled 40% by 2030 and 95% by 2050.,Resource Efficiency,sub,1,0.9366,True,True,False,"The extracted policy matches the ground-truth almost exactly. It preserves the quantified targets (40% by 2030 and 95% by 2050), the subject matter (recyclable waste sent to landfill / landfilled), and the implied commitment. The wording is slightly condensed but does not lose specificity or alter meaning."
Columbus_US,27,48,"Support circular economy organizations by targeting 1,000 green jobs related to circular economy by 2030 and a 100% increase in circular economy organizations from 2030 to 2050.",Mitigation,sub,"Support circular economy organizations to create 1,000 circular-economy green jobs by 2030 and double circular economy organizations from 2030 to 2050.",Resource Efficiency,sub,1,0.9622,True,True,False,"The extracted policy matches the ground-truth closely in scope, targets, and timing. It correctly captures support for circular economy organizations, the target of 1,000 green jobs by 2030, and the 100% increase/doubling of circular economy organizations from 2030 to 2050. Wording is slightly paraphrased but equivalent in specificity and commitment."
Egypt_EG,0,0,Objective (1.a): Energy transition by increasing the share of all renewable and alternative energy sources in the energy mix.,Mitigation,parent,"Increase renewable and alternative energy in Egypt's energy mix, including a planned 42% renewable share of total electricity produced by 2035.",Mitigation,parent,0,0.592,False,True,True,"The extracted policy matches the general objective of increasing renewable and alternative energy in the energy mix, so it is directionally correct. However, it narrows the scope from the broader 'energy mix' in the ground truth to 'total electricity produced' and adds a specific 42% by 2035 target that cannot be verified against the source excerpt because no source text is provided. Without evidence for that quantified target, the extraction is more specific but not confirmably aligned, so this is a partial match rather than a full one."
Egypt_EG,1,1,"Deploy centralized renewable energy systems at large scale, including wind farms, concentrated solar power (CSP), solar PV plants, and bioenergy plants.",Mitigation,sub,"Deploy centralized and decentralized renewable energy systems, including wind, CSP, solar PV, bioenergy, rooftop solar, and solar water heaters.",Mitigation,sub,0,0.8838,False,True,True,"The extracted policy is directionally aligned with the ground-truth on deploying renewable energy systems and correctly includes the core centralized technologies: wind, CSP, solar PV, and bioenergy. However, it expands the scope beyond the ground-truth by adding decentralized systems and specific measures like rooftop solar and solar water heaters, which are not part of the reference policy. It also omits the large-scale emphasis present in the ground-truth. With no source excerpt to verify wording or commitment strength, this is a partial but imprecise match rather than an exact one."
Egypt_EG,4,2,Optimize renewable energy use in off-grid applications.,Mitigation,sub,"Develop renewable energy integration technologies, use energy storage technologies, and optimize renewable energy in off-grid applications.",Mitigation,sub,0,0.8092,False,True,True,"The extracted policy includes the core ground-truth commitment to optimize renewable energy use in off-grid applications, so it is directionally aligned. However, it adds broader elements not present in the ground-truth ('develop renewable energy integration technologies' and 'use energy storage technologies'), which weakens specificity and exact match. With no source excerpt to verify wording or commitment strength, this is best scored as an imprecise but related match rather than a full match."
Egypt_EG,6,3,"Include alternative energy sources such as green hydrogen, blue hydrogen, and nuclear energy in the energy mix.",Mitigation,sub,"Include green hydrogen, blue hydrogen, and nuclear energy as new alternative energy sources.",Mitigation,sub,1,0.8824,True,True,True,"The extracted policy matches the ground-truth closely in scope and specificity: it includes the same alternative energy sources—green hydrogen, blue hydrogen, and nuclear energy. 'As new alternative energy sources' is consistent with 'include ... in the energy mix.' There are no quantified targets or deadlines in either version, so nothing material is missing. Commitment strength is equivalent and there is no contradiction."
Egypt_EG,7,4,Increase renewable electricity generation within industrial facilities and use solar thermal energy in industrial processes.,Mitigation,sub,Increase renewable electricity and solar thermal energy use in industrial facilities and processes.,Mitigation,sub,0,0.9613,False,True,True,"The extracted policy is directionally aligned with the ground-truth: it covers increasing renewable electricity and solar thermal energy in industrial settings/processes. However, it is less specific than the ground-truth because it omits the distinction that renewable electricity generation is to be increased within industrial facilities, and that solar thermal energy is specifically to be used in industrial processes. With no source excerpt provided, accuracy can only be judged against the ground-truth, and this is a partial but imprecise match rather than a fully specific one."
Egypt_EG,8,5,Phase out coal and switch to low-carbon fuels.,Mitigation,sub,"Phase out coal, switch to low-carbon fuels, stimulate biofuel production and use, and address workforce equity in fossil-fuel facilities.",Mitigation,sub,0,0.793,False,True,True,"The extracted policy correctly captures the core commitment in the ground truth: phasing out coal and switching to low-carbon fuels. However, it adds additional elements not present in the ground-truth statement ('stimulate biofuel production and use' and 'address workforce equity in fossil-fuel facilities'). With no source excerpt provided to verify those additions, the match is directionally correct but not exact. There are also no quantified targets, deadlines, or binding mechanisms in either statement, so specificity remains limited."
Egypt_EG,2,22,"Promote small-scale decentralized renewable systems including waste-to-energy, bioenergy, rooftop PV, and solar water heaters.",Mitigation,sub,Facilitate private-sector self-use high-efficiency cogeneration or renewable power plants.,Mitigation,individual,-1,0.641,False,False,True,"The extracted policy does not meaningfully match the ground-truth. The ground-truth is specifically about promoting small-scale decentralized renewable systems, naming examples such as waste-to-energy, bioenergy, rooftop PV, and solar water heaters. The extracted policy instead focuses on facilitating private-sector self-use high-efficiency cogeneration or renewable power plants, which shifts scope toward private-sector self-generation and includes cogeneration, a concept not present in the ground-truth. It omits the decentralized/small-scale emphasis and the listed technologies central to the reference policy."
Egypt_EG,9,25,Stimulate increased production and use of biofuels as an alternative to fossil fuels.,Mitigation,sub,Develop incentive policies for biofuel use in transport.,Mitigation,individual,0,0.7137,False,False,True,"The extracted policy is directionally aligned with the ground truth because it promotes biofuel use, but it is narrower and less complete. The ground truth covers both increased production and use of biofuels as an alternative to fossil fuels, while the extraction mentions only incentive policies for biofuel use in transport and omits production. With no source excerpt provided, this cannot be confirmed further, so it is a partial but imprecise match."
Egypt_EG,3,27,"Develop technologies to accommodate renewable energy use, such as intelligent control systems.",Mitigation,sub,Study ways to encourage local manufacture of renewable energy equipment across the value chain.,Mitigation,individual,-1,0.5759,False,False,True,"The extracted policy does not match the ground-truth. The ground-truth is about developing technologies to enable renewable energy use, specifically citing intelligent control systems. The extracted policy instead focuses on encouraging local manufacture of renewable energy equipment across the value chain, which is a different objective and mechanism. With no source excerpt provided to support equivalence, this is a mismatch."
Egypt_EG,11,54,Objective (2.e): Implementation of disaster risk reduction concepts.,Adaptation,parent,Implement disaster risk reduction concepts for climate risks.,Adaptation,parent,0,0.7426,False,True,True,"The extracted policy matches the general intent of the ground-truth: implementing disaster risk reduction concepts. However, it adds 'for climate risks,' which may be directionally reasonable but is not supported by the provided ground-truth wording alone, and there are no specifics on mechanism, scope, or commitment strength. With no source excerpt to verify exact phrasing, this is best scored as a partial, generally correct but somewhat imprecise match."
Egypt_EG,12,55,"Establish early warning systems for all sectors by developing a unified database, activating climate change information centers in ministries, and issuing sector-specific recommendations (e.g., for farmers).",Adaptation,sub,Establish sectoral early warning systems using a unified database and ministry climate change information centers.,Adaptation,sub,1,0.9029,True,True,True,"The extracted policy matches the ground-truth closely in scope and mechanism: it includes establishing sectoral early warning systems, using a unified database, and ministry climate change information centers. It is slightly less specific because it omits the example of issuing sector-specific recommendations (e.g., for farmers) and the explicit phrasing 'for all sectors,' but the core commitment and delivery mechanism are captured accurately with no contradiction."
Egypt_EG,13,64,Activate and use interactive maps to study expected climate impacts on regions/projects and update interactive maps every five years as part of adaptation measures.,Adaptation,sub,Create and update interactive climate-impact maps every five years.,Adaptation,individual,1,0.8375,True,False,True,"The extracted policy matches the core commitment and specificity of the ground-truth: it calls for creating/using interactive climate-impact maps and updating them every five years. While it omits the explicit purpose ('to study expected climate impacts on regions/projects') and the framing 'as part of adaptation measures,' the main mechanism and deadline are preserved without contradiction."
Egypt_EG,14,65,Ministry of Health and Population to study expected health impacts of climate change and develop and adopt a plan to address these impacts effectively.,Adaptation,sub,The Ministry of Health and Population will study expected climate-related health impacts and adopt an effective response plan.,Adaptation,individual,1,0.9105,True,False,True,"The extracted policy matches the ground truth in scope and commitment: it identifies the Ministry of Health and Population, studying expected health impacts of climate change, and adopting an effective response plan. While it omits the phrase 'develop and' and slightly compresses 'address these impacts effectively' into 'effective response plan,' the core commitment, mechanism, and intent are preserved without contradiction. No source excerpt is available to assess against underlying document language, but relative to the ground truth this is a strong match."
Egypt_EG,15,71,Use climate risk insurance as a financial mechanism to increase societies’ ability to overcome climate risks.,Adaptation,sub,Use climate risk insurance to increase communities' ability to overcome climate risks.,Adaptation,individual,1,0.8672,True,False,True,"The extracted policy closely matches the ground-truth in scope and commitment: both state using climate risk insurance as a mechanism to increase the ability to overcome climate risks. The wording shifts from 'societies' to 'communities,' but this does not materially change the policy intent. Although the extracted version omits the explicit phrase 'as a financial mechanism,' that role is inherent in climate risk insurance and does not reduce the core match. No contradiction or hallucination is present."
Egypt_EG,18,79,Operationalize the climate change MRV system approved by the NCCC and included in Egypt’s 2018 updated biennial report.,Adaptation,sub,"Review ministry work plans, identify mitigation and adaptation projects, and report technical and financial progress in Egypt's biennial update report.",Mitigation,sub,0,0.6557,False,True,False,"The extracted policy is directionally related to MRV/reporting functions—reviewing ministry plans, identifying mitigation/adaptation projects, and reporting progress in the biennial update report—but it does not match the core ground-truth commitment to operationalize the climate change MRV system approved by the NCCC and included in Egypt’s 2018 updated biennial report. Key specificity is missing: no mention of operationalizing an MRV system, no reference to NCCC approval, and no citation of the 2018 updated biennial report. The extraction captures some implementation/reporting activities but softens and narrows the actual policy basis."
Egypt_EG,17,82,"Objective (3.d): Enhancing institutional, procedural and legal arrangements such as the Monitoring, Reporting and Verification (MRV) system.",Adaptation,parent,"Enhance institutional, procedural and legal arrangements for climate MRV systems.",Mitigation,parent,1,0.782,True,True,False,"The extracted policy closely matches the ground-truth objective in scope and mechanism: both specify enhancing institutional, procedural, and legal arrangements related to the Monitoring, Reporting and Verification (MRV) system. The wording is slightly compressed ('for climate MRV systems' vs. 'such as the MRV system') but preserves the core commitment accurately. No source excerpt is available to test against original document language, but relative to the ground truth this is a clear match."
Egypt_EG,19,83,Update statistical data collected by CAPMAS to include more climate change-related data.,Adaptation,sub,"Operationalize the climate change MRV system, update climate-related statistics, and develop institutional structures such as an emissions inventory system or carbon market regulator.",Mitigation,sub,0,0.6007,False,True,False,"The extracted policy partially matches the ground truth through 'update climate-related statistics,' which aligns with updating CAPMAS statistical data to include more climate change-related data. However, it broadens the scope substantially by adding operationalizing an MRV system and developing institutional structures like an emissions inventory system or carbon market regulator, which are not in the ground-truth policy. With no source excerpt to verify wording or strength, this is directionally correct but imprecise and over-inclusive rather than a precise match."
Egypt_EG,16,97,Establish a coordination mechanism with civil society to implement pilot projects and coordinate among NGOs to disseminate applied models.,Adaptation,sub,Direct private-sector CSR activities toward adaptation projects with environmental civil society organizations.,Adaptation,sub,-1,0.5539,False,True,True,"The extracted policy does not match the ground-truth. The ground-truth is about establishing a coordination mechanism with civil society, specifically to implement pilot projects and coordinate among NGOs to disseminate applied models. The extracted policy instead focuses on directing private-sector CSR activities toward adaptation projects with environmental civil society organizations. This changes both the actors/mechanism (CSR direction rather than a coordination mechanism among civil society/NGOs) and omits the key functions of pilot project implementation and dissemination of applied models."
Fiji_FJ,0,1,"Minister must take all reasonable steps to prepare, communicate, maintain and update successive NDCs, pursue domestic mitigation measures, and communicate an NDC every 5 years with progression and highest possible ambition, including specified accounting and reporting information.",Mitigation,parent,"The Minister must prepare, communicate and maintain successive NDCs and pursue domestic mitigation measures.",Mitigation,individual,0,0.8769,False,False,True,"The extracted policy captures the core direction of the ground truth: the Minister must prepare/communicate/maintain successive NDCs and pursue domestic mitigation measures. However, it omits several material specifics that are part of the reference policy: the duty to take 'all reasonable steps,' the requirement to update NDCs, the 5-year communication cycle, the progression/highest possible ambition standard, and the specified accounting/reporting information. Because it is directionally correct but materially less specific and weaker in commitment detail, it merits a 0 rather than a 1."
Fiji_FJ,7,2,"Engage in adaptation planning processes and implement actions including developing or enhancing relevant plans, policies or contributions, as appropriate.",Adaptation,sub,The Minister may submit and periodically update an adaptation communication or National Adaptation Plan.,Adaptation,individual,0,0.5926,False,False,True,"The extracted policy is directionally related to adaptation planning, but it does not match the ground-truth commitment. The ground truth is broader and stronger: to engage in adaptation planning processes and implement actions, including developing or enhancing relevant plans, policies, or contributions. The extracted text is narrower and weaker, focusing only on the Minister 'may submit and periodically update' an adaptation communication or National Adaptation Plan. The permissive 'may' softens commitment strength, and it omits the broader requirement to engage in planning processes and implement actions."
Fiji_FJ,2,3,Pursue domestic mitigation measures aimed at achieving Fiji's NDC objectives.,Mitigation,sub,All ministers must promote sectoral emissions reduction or limitation targets in Fiji's NDC.,Mitigation,individual,0,0.733,False,False,True,"The extracted policy is directionally aligned with the ground truth in that it concerns domestic actions to support achievement of Fiji's NDC. However, it changes the scope and commitment by specifying 'All ministers must' and focusing on promoting 'sectoral emissions reduction or limitation targets,' which is more specific and prescriptive than the ground-truth statement 'Pursue domestic mitigation measures aimed at achieving Fiji's NDC objectives.' Without source text, this cannot be confirmed as accurate. The core intent matches, but the mechanism and obligated actors are altered, so this is only a partial match."
Fiji_FJ,8,27,Provide a national inventory report and information necessary to track progress in implementing and achieving Fiji's NDC.,Adaptation,sub,The Director must prepare and publish biennial national inventory reports using the Fijian GHG Inventory.,Mitigation,individual,0,0.7115,False,False,False,"The extracted policy is directionally related to the ground-truth because both concern national inventory reporting for tracking emissions/NDC progress. However, it is not a full match: the ground-truth also requires providing information necessary to track progress in implementing and achieving Fiji's NDC, which is omitted. The extracted policy adds specificity about the Director, publication, biennial timing, and use of the Fijian GHG Inventory, but without the source excerpt these details cannot be verified against the document. Overall, the extraction captures part of the policy but misses a key element of scope."
Fiji_FJ,16,30,Fiji declares a climate emergency and commits to contribute to a net zero emissions global economy by achieving net zero greenhouse gas emissions by 2050.,Mitigation,individual,Fiji sets a long-term emissions reduction target of net zero greenhouse gas emissions by 2050.,Mitigation,individual,0,0.8522,False,True,True,"The extracted policy captures the key target and deadline: net zero greenhouse gas emissions by 2050. However, it omits important elements of the ground-truth policy’s scope and commitment framing, namely that Fiji 'declares a climate emergency' and that it commits to contribute to a 'net zero emissions global economy.' Without the source excerpt, accuracy to the document cannot be directly verified, but relative to the ground truth this is directionally correct yet incomplete."
Fiji_FJ,17,31,Long-term emissions reduction target is net zero GHG emissions by 2050; Minister must promote achievement via carbon budgets and publish a 5-yearly emissions/progress statement with recommendations.,Mitigation,individual,"The Minister must determine five-year carbon budgets for 2026-2050, each contributing toward net zero by 2050.",Mitigation,individual,0,0.7679,False,True,True,"The extracted policy captures an important mechanism from the ground truth: the Minister must set five-year carbon budgets aimed at achieving net zero by 2050. However, it omits key elements of the ground-truth policy, especially the explicit long-term target phrasing of net zero GHG emissions by 2050 and the requirement to publish a five-yearly emissions/progress statement with recommendations. It is therefore directionally correct but incomplete on specificity and delivery mechanism."
Fiji_FJ,6,32,Account for Fiji's NDC in a way that promotes environmental integrity and avoids double counting.,Mitigation,sub,"Each carbon budget must express Fiji's GHG reduction relative to 2013 emissions, which the Minister must determine using IPCC methodologies.",Mitigation,individual,-1,0.5992,False,False,True,"The extracted policy does not match the ground-truth. The ground-truth is about accounting for Fiji's NDC to promote environmental integrity and avoid double counting. The extracted policy instead discusses expressing carbon budgets relative to 2013 emissions and requiring the Minister to use IPCC methodologies. These are different in scope, mechanism, and commitment, with no clear mention of NDC accounting, environmental integrity, or avoiding double counting."
Fiji_FJ,9,33,"Minister may introduce and implement economy-wide mitigation regulations/measures including carbon pricing/ETS, emissions fees, fiscal incentives/levies, sink protection measures, sustainable building regulations, and awareness programmes.",Mitigation,parent,"The Minister may introduce regulations, measures and actions to limit or reduce Fiji's greenhouse gas emissions across the economy.",Mitigation,parent,0,0.7211,False,True,True,"The extracted policy is directionally consistent with the ground-truth: it captures that the Minister may introduce economy-wide measures to reduce greenhouse gas emissions. However, it is substantially less specific. It omits the key delivery mechanisms explicitly listed in the ground-truth, such as carbon pricing/ETS, emissions fees, fiscal incentives/levies, sink protection, sustainable building regulations, and awareness programmes. Because the source excerpt is not provided, grading rests on comparison to the ground-truth, and the extraction is accurate but overly vague rather than fully matching."
Fiji_FJ,10,34,"Introduce and implement a carbon pricing mechanism, including an emissions trading scheme.",Mitigation,sub,"The Minister may introduce a carbon pricing mechanism, including an emissions trading scheme.",Mitigation,sub,0,0.8264,False,True,True,"The extracted policy is directionally aligned with the ground-truth on scope and mechanism: both refer to introducing a carbon pricing mechanism including an emissions trading scheme. However, the extracted version weakens the commitment strength by saying the Minister 'may introduce' rather than the more committed 'Introduce and implement.' With no source excerpt provided to verify exact wording, this is best scored as an imprecise but related match rather than a full match."
Fiji_FJ,11,35,Prescribe emissions-based fees/charges payable to the State on emissions above a prescribed level.,Mitigation,sub,The Minister may prescribe fees and charges on greenhouse gas emissions above a prescribed level.,Mitigation,sub,0,0.7162,False,True,True,"The extracted policy is directionally aligned with the ground truth: it refers to prescribing fees and charges on greenhouse gas emissions above a prescribed level. However, it weakens and omits important elements. The ground truth specifies emissions-based fees/charges payable to the State, whereas the extraction adds 'The Minister may,' making the commitment more discretionary and not clearly preserving the requirement that the charges are payable to the State. With no source excerpt provided, this is a partial but imprecise match rather than a fully specific one."
Fiji_FJ,12,36,"Introduce fiscal incentives and national levies to reduce emissions, conserve sinks, and encourage investment in renewable energy, efficient cogeneration, energy-efficient and zero-waste infrastructure/processes.",Mitigation,sub,"The Minister may introduce fiscal incentives and levies to reduce emissions, conserve natural sinks, and encourage renewable energy, efficient cogeneration, energy-efficient infrastructure and zero-waste infrastructure.",Mitigation,sub,0,0.8172,False,True,True,"The extracted policy is directionally aligned with the ground truth on the main mechanisms and objectives: fiscal incentives and levies to reduce emissions, conserve sinks, and encourage renewable energy, efficient cogeneration, energy-efficient infrastructure, and zero-waste approaches. However, it weakens commitment strength by changing the broader policy action to 'The Minister may introduce' rather than the more direct ground-truth formulation, and it omits key specificity such as 'national' levies, 'investment in' these areas, and 'processes' alongside infrastructure. With no source excerpt provided, accuracy to the document cannot be verified beyond comparison to the ground truth. Overall, it is a partial but imprecise match rather than a fully correct one."
Fiji_FJ,13,37,"Enhance protection of land and ocean carbon sinks, including halting/reversing deforestation, afforestation, REDD+, reef/fisheries conservation, mangrove protection/planting, nature-based coastal protection, and sustainable agriculture practices.",Nature-Based Solutions,sub,"The Minister may enhance protection of land and ocean carbon sinks, including forests, REDD+, reefs, fisheries, mangroves, nature-based coastal protection and sustainable agriculture.",Nature-Based Solutions,sub,0,0.7888,False,True,True,"The extracted policy is directionally aligned with the ground-truth on scope: it covers land and ocean carbon sinks and includes forests, REDD+, reefs, fisheries, mangroves, nature-based coastal protection, and sustainable agriculture. However, it omits several key specifics from the ground-truth, including halting/reversing deforestation, afforestation, mangrove protection/planting, and the emphasis on conservation. It also weakens commitment strength by using 'may enhance' rather than a clearer policy commitment. With no source document excerpt provided, accuracy cannot be further verified, so this is a partial but imprecise match."
Fiji_FJ,14,38,"Make regulations and develop policies for constructing sustainable, low-emissions, energy-efficient, climate-resilient infrastructure and buildings.",Mitigation,sub,"The Minister may regulate and develop policies for sustainable, low-emissions, energy-efficient and climate-resilient infrastructure and buildings.",Mitigation,sub,1,0.8325,True,True,True,"The extracted policy closely matches the ground-truth in scope and mechanism: it covers regulating and developing policies for sustainable, low-emissions, energy-efficient, climate-resilient infrastructure and buildings. The only minor difference is 'The Minister may' versus the ground-truth's imperative 'Make regulations and develop policies,' which slightly softens commitment strength, but without source text this is not enough to count as a mismatch. Core commitment and subject are captured accurately."
Fiji_FJ,15,39,Implement programmes to raise awareness and promote sustainable production and consumption patterns to reduce GHG emissions.,Mitigation,sub,The Minister may implement programmes promoting sustainable production and consumption patterns to reduce greenhouse gas emissions.,Mitigation,sub,0,0.7437,False,True,True,"The extracted policy is directionally aligned with the ground-truth on promoting sustainable production and consumption patterns to reduce GHG emissions, but it omits the awareness-raising component and weakens the commitment by changing 'Implement programmes' to 'may implement programmes,' making it more aspirational/discretionary. With no source excerpt provided, accuracy can only be judged against the ground-truth, and the match is partial rather than exact."
Fiji_FJ,4,53,"Provide necessary information for clarity, transparency and understanding when communicating Fiji's NDC.",Adaptation,sub,International transfers of Fijian Mitigation Outcome Units require Director consent and must align with Fiji's NDC and Paris Agreement accounting rules.,Mitigation,individual,-1,0.5971,False,False,False,"The extracted policy does not match the ground-truth policy. The ground truth is about providing information for clarity, transparency, and understanding when communicating Fiji's NDC. The extracted policy instead concerns regulatory conditions for international transfers of Fijian Mitigation Outcome Units, including Director consent and accounting alignment. These are different in scope, mechanism, and commitment, with no meaningful overlap."
Fiji_FJ,1,58,"Prepare, communicate and maintain successive NDCs that the Minister intends Fiji to achieve.",Mitigation,sub,"The Minister may implement regulations, policies, measures, adaptation planning processes and actions to increase Fiji's climate resilience and adaptive capacity.",Adaptation,individual,-1,0.5518,False,False,False,"The extracted policy does not match the ground-truth policy. The ground truth is specifically about preparing, communicating, and maintaining successive Nationally Determined Contributions (NDCs) that the Minister intends Fiji to achieve. The extracted policy instead refers to the Minister's discretionary power to implement regulations, policies, measures, and adaptation planning actions to increase resilience and adaptive capacity. This is a different subject area, lacks the NDC commitment entirely, and uses weaker/other authority language ('may implement') rather than the specific ongoing obligation in the ground truth."
Helsinki_FI,93,0,Helsinki sets a traffic-sector goal to reduce greenhouse gas emissions from traffic by 69% from 2005 levels by 2035.,Mitigation,individual,Make Helsinki carbon-neutral by 2035 by reducing greenhouse gas emissions by 80 percent.,Mitigation,individual,-1,0.7609,False,True,True,"The extracted policy does not match the ground-truth policy in scope or target. Ground truth is specifically a traffic-sector goal: reduce traffic greenhouse gas emissions by 69% from 2005 levels by 2035. The extraction instead states a citywide carbon-neutrality goal by 2035 with an 80% emissions reduction, which changes the sectoral scope, target level, and policy framing. With no source excerpt to support the extraction, this is a contradictory mismatch rather than a vague partial match."
Helsinki_FI,0,1,Using sustainable means of transport (key actions related to modes of transport).,Mitigation,parent,Key actions related to modes of transport (29 kt CO₂e). covering actions 1-30.,Resource Efficiency,parent,0,0.7343,False,True,False,"The extracted policy matches the general scope of the ground-truth: both refer to key actions related to modes of transport/sustainable transport. However, it is vague and imprecise relative to the ground-truth phrasing, adding an unexplained emissions figure '(29 kt CO₂e)' and 'covering actions 1-30' without clarifying the actual commitment or explicitly stating 'using sustainable means of transport.' With no source excerpt provided, this is directionally correct but lacks specificity and clear commitment language."
Helsinki_FI,15,2,The growing city structure (key actions related to the growing city structure).,Mitigation,parent,Key actions related to the service buildings of the City covering actions 31-43.,Mitigation,parent,-1,0.6023,False,True,True,"The extracted policy does not match the ground-truth policy. The ground-truth is about the growing city structure, while the extracted policy is about service buildings and specific actions 31–43, indicating a different scope. With no source excerpt provided, there is no basis to infer these are the same policy area; as stated, this is a scope mismatch rather than a vague paraphrase."
Helsinki_FI,44,3,Circular economy in construction projects (key actions related to circular economy in construction projects).,Mitigation,parent,Key actions related to circular economy in construction projects covering actions 44-46.,Resource Efficiency,parent,0,0.8419,False,True,False,"The extracted policy matches the general topic and scope of the ground-truth ('circular economy in construction projects') and indicates it refers to key actions. However, it is vague and adds only a reference to 'actions 44-46' without providing any substantive commitment, target, mechanism, or specificity. With no source excerpt available, there is no basis to verify stronger alignment, so this is directionally correct but imprecise."
Helsinki_FI,30,4,Residential and service buildings and outdoor lighting owned by the City (key actions related to the service buildings of the City).,Mitigation,parent,Key actions related to City-owned residential buildings covering actions 47-53.,Adaptation,parent,0,0.7155,False,True,False,"The extracted policy is directionally aligned with the ground-truth in that it concerns City-owned residential buildings and references a subset of related actions. However, it is less accurate and specific than the ground-truth because it omits 'service buildings and outdoor lighting' and narrows the scope to only 'City-owned residential buildings.' With no source excerpt provided, there is no basis to confirm that actions 47-53 fully capture the full ground-truth scope. This is therefore an imprecise partial match rather than a complete one."
Helsinki_FI,66,9,Key actions related to new energy solutions.,Mitigation,parent,Key actions related to the energy renaissance covering actions 67-82.,Resource Efficiency,parent,0,0.7329,False,True,False,"The extracted policy is directionally related to the ground-truth because both refer broadly to energy-related actions. However, it is less accurate and specific: it shifts from 'new energy solutions' to 'energy renaissance' and only references a range of actions (67–82) without stating any concrete commitments, targets, deadlines, or mechanisms. With no source excerpt provided, there is no basis to confirm a stronger match."
Helsinki_FI,84,14,Key actions related to consumption and waste management.,Mitigation,parent,Key actions related to sharing economy and circular economy covering actions 120-129.,Resource Efficiency,parent,0,0.6588,False,True,False,"The extracted policy is directionally aligned with the ground truth because sharing economy and circular economy actions can fall under consumption and waste management. However, it is broader and less precise than the ground truth, which specifically identifies key actions related to consumption and waste management. The extraction adds the detail 'covering actions 120-129,' but without the source text this cannot be verified, and it does not clearly capture the exact policy scope or mechanisms. This is therefore an imprecise but related match rather than a full match."
Helsinki_FI,27,15,Reducing the emissions from the harbours (key actions related to reducing the emissions from the Port operations).,Mitigation,parent,Key actions related to carbon sinks covering actions 130-135.,Nature-Based Solutions,parent,-1,0.5551,False,True,False,"The extracted policy does not match the ground-truth. The ground-truth is about reducing emissions from harbours/Port operations, while the extracted policy refers to carbon sinks and actions 130-135, which is a different topic and scope. With no source excerpt provided to support equivalence, this is a clear mismatch."
Helsinki_FI,1,22,"Improve services in traffic nodes and smoothness of traffic connections, including implementing HSL Solmu and park-and-ride action plans and improving real-time wayfinding via signposts and apps.",Mitigation,sub,The services offered in traffic nodes and the smoothness of the traffic connections will be improved.,Resource Efficiency,sub,0,0.6785,False,True,False,"The extracted policy matches the general intent of the ground-truth by stating that services in traffic nodes and the smoothness of traffic connections will be improved. However, it omits the key delivery mechanisms and specificity present in the ground-truth, namely implementing the HSL Solmu and park-and-ride action plans and improving real-time wayfinding via signposts and apps. Commitment strength is similar in direction, but the extraction is materially less specific."
Helsinki_FI,2,23,Complete the target network for bicycle traffic in the inner city by 2025.,Mitigation,sub,The target network for bicycle traffic in the inner city will be completed by 2025.,Resource Efficiency,sub,1,0.9119,True,True,False,"The extracted policy matches the ground-truth exactly in scope, target, and deadline: completing the inner-city bicycle traffic target network by 2025. Commitment strength is effectively equivalent; while phrased passively ('will be completed') rather than as an imperative ('Complete'), it preserves the same concrete commitment and timing. No material details are missing or altered."
Helsinki_FI,3,24,Complete the Baana network for bicycle traffic by 2030.,Mitigation,sub,The Baana network for bicycle traffic will be completed by 2030.,Resource Efficiency,sub,1,0.9,True,True,False,"The extracted policy matches the ground-truth closely in scope, target, and deadline: it states that the Baana network for bicycle traffic will be completed by 2030. Although the source excerpt is not provided, relative to the ground-truth this is an accurate restatement with equivalent specificity and commitment."
Helsinki_FI,4,25,Expand the cycling lane network with high-level winter maintenance.,Mitigation,sub,The cycling lane network with high-level winter maintenance will be expanded.,Resource Efficiency,sub,1,0.9187,True,True,False,"The extracted policy matches the ground-truth exactly in scope and commitment: it states that the cycling lane network will be expanded and specifies high-level winter maintenance. With no source excerpt provided, there is no evidence of contradiction or missing key details relative to the reference policy."
Helsinki_FI,5,26,"Promote a pleasant and safe pedestrian environment, including by implementing the traffic safety development programme.",Mitigation,sub,"A pleasant and safe environment for pedestrians will be promoted, for example by implementing the development programme for traffic safety.",Resource Efficiency,sub,1,0.8929,True,True,False,"The extracted policy matches the ground-truth closely in scope, commitment, and mechanism. It preserves the core commitment to promote a pleasant and safe pedestrian environment and includes the same delivery mechanism of implementing the traffic safety development programme. The wording is essentially a paraphrase with no material loss or distortion."
Helsinki_FI,6,27,"Develop cycling services (city bikes, hubs, parking) and related communications, and improve the ability/capacity to carry bicycles on heavy rail traffic.",Mitigation,sub,"Services for bicycling (city bikes, bike hubs, bike parking, etc.) and the related communications will be developed. The ability to carry bicycles in heavy train traffic will be developed and the capacity for this will be increased.",Resource Efficiency,sub,1,0.8603,True,True,False,"The extracted policy closely matches the ground-truth in scope, commitment, and mechanism. It includes development of cycling services with the same examples (city bikes, hubs, parking), related communications, and improving both the ability and capacity to carry bicycles on heavy rail/heavy train traffic. Wording is slightly paraphrased but substantively equivalent, with no meaningful omissions or contradictions."
Helsinki_FI,7,28,"Implement the development programme for tram traffic in Helsinki and achieve objectives for tram speed, flow, reliability and disturbance levels.",Mitigation,sub,"The development programme for tram traffic in Helsinki will be implemented. The objectives for the speed, flow, reliability and disturbance level of tram traffic will be achieved.",Resource Efficiency,sub,1,0.9221,True,True,False,"The extracted policy matches the ground-truth closely in scope, commitment, and specificity. It includes both core elements: implementing the tram traffic development programme in Helsinki and achieving objectives for tram speed, flow, reliability, and disturbance levels. The wording is effectively equivalent, with only minor stylistic differences and no loss of meaning."
Helsinki_FI,8,29,Improve public transport service level and rail network coverage by ensuring passenger demand via coordinated land use/transport investment planning and strengthening the trunk network.,Mitigation,sub,The service level of public transport and the coverage of the rail network will be improved.,Resource Efficiency,sub,0,0.7109,False,True,False,"The extracted policy matches the general intent of the ground-truth by stating that public transport service levels and rail network coverage will be improved. However, it omits the key delivery mechanisms and specificity present in the ground-truth: ensuring passenger demand through coordinated land use/transport investment planning and strengthening the trunk network. With no source excerpt provided, accuracy cannot be further verified, so this is directionally correct but incomplete."
Helsinki_FI,9,30,Implement the cycling promotion programme and the bicycle parking development programme.,Mitigation,sub,The promotion programme for cycling and the development programme for bicycle parking will be implemented.,Resource Efficiency,sub,1,0.887,True,True,False,"The extracted policy matches the ground-truth closely in scope and commitment. It preserves both programmes named in the ground truth—cycling promotion and bicycle parking development—and uses equivalent implementation language ('will be implemented' vs 'Implement'). There are no missing targets, deadlines, or mechanisms relative to the ground truth, which itself is brief and non-quantified."
Helsinki_FI,11,31,"Prepare for a trial of a vehicle traffic pricing system (road toll/congestion tax) through additional surveys with the State/region, including examining allocation of toll revenues to transport system development.",Mitigation,sub,A pricing system for vehicle traffic (a road toll or congestion tax):,Mitigation,sub,0,0.7018,False,True,True,"The extracted policy matches the general topic and scope of the ground-truth by identifying a vehicle traffic pricing system such as a road toll or congestion tax. However, it omits the key specifics: preparation for a trial, the need for additional surveys with the State/region, and the examination of allocating toll revenues to transport system development. Because the core intent is captured only at a high level without the commitment and mechanisms, this is directionally correct but too vague for a full match."
Helsinki_FI,12,32,"Continue current parking policy until 2021 and raise parking fees thereafter to reduce CO2 emissions, with business impact studied before the decision.",Mitigation,sub,"The current parking policy will continue until 2021 and, afterwards, the parking fees will be raised further to reduce CO2 emissions. The impact on business will be studied before making the decision.",Mitigation,sub,1,0.9111,True,True,True,"The extracted policy matches the ground-truth closely in scope, timing, mechanism, and conditional detail. It correctly states continuation of current parking policy until 2021, raising parking fees afterward to reduce CO2 emissions, and studying business impacts before the decision. Commitment strength and specificity are preserved without material omission or contradiction."
Helsinki_FI,13,33,Scale parking fees more heavily based on emissions and to promote joint use of vehicles.,Mitigation,sub,Parking fees will be scaled more heavily from the perspective of emissions and the promotion of the joint use of vehicles.,Resource Efficiency,sub,1,0.8677,True,True,False,"The extracted policy closely matches the ground-truth in scope and mechanism: it states that parking fees will be scaled more heavily based on emissions and to promote the joint use of vehicles. There is no meaningful loss of specificity relative to the ground truth, and the commitment is expressed consistently. No contradiction or hallucination is present."
Helsinki_FI,14,34,Expand parking fee zones.,Mitigation,sub,The parking fee zones will be expanded.,Resource Efficiency,sub,1,0.828,True,True,False,"The extracted policy directly matches the ground-truth policy in scope and commitment: both state that parking fee zones will be expanded. Although no additional specificity is present, none is present in the ground truth either, so this is an accurate match rather than a vague paraphrase."
Helsinki_FI,16,35,Promote public transport and other sustainable travel by complementing the city's community structure (as part of MAL planning).,Mitigation,sub,The use of public transport and other sustainable means of travel will be promoted by complementing the community structure of the City.,Resource Efficiency,sub,1,0.8037,True,True,False,"The extracted policy closely matches the ground-truth in scope, commitment, and mechanism. Both state that public transport and other sustainable travel modes will be promoted by complementing the city's/community structure. Although no source excerpt is provided to verify wording against the document, relative to the ground-truth this is an accurate restatement with no material loss of meaning. The only minor omission is the explicit reference to MAL planning, but the core commitment and delivery approach are preserved."
Helsinki_FI,17,36,Update parking norms to better support sustainable transport in new areas and complementary construction of existing areas.,Mitigation,sub,The parking norms will be updated to better support sustainable transport both in the design of new areas and in the complementary construction of existing areas.,Resource Efficiency,sub,1,0.8701,True,True,False,"The extracted policy matches the ground-truth closely in scope and wording: updating parking norms to support sustainable transport in both new areas and complementary construction of existing areas. Commitment strength is equivalent ('will be updated' vs 'update'), and no key details are lost or contradicted. Although neither version includes quantified targets or deadlines, the extraction accurately reflects the source policy as given."
Helsinki_FI,18,37,Encourage creation of blocks and areas focusing on bicycle and pedestrian traffic through land use planning.,Mitigation,sub,The creation of blocks and areas that focus on bicycle and pedestrian traffic will be encouraged through land use planning.,Resource Efficiency,sub,1,0.9417,True,True,False,"The extracted policy matches the ground-truth almost verbatim. It captures the same scope (creation of blocks and areas focused on bicycle and pedestrian traffic), the same mechanism (through land use planning), and the same commitment strength ('will be encouraged' vs. 'encourage creation'). No material details are missing or altered."
Helsinki_FI,20,38,Develop an environmental zone by assessing expansion and inclusion of CO2 criteria (2017–2021) and preparing a CO2-based environmental zone ready for introduction (2021–2025).,Mitigation,sub,The environmental zone will be developed:,Mitigation,sub,0,0.6718,False,True,True,"The extracted policy matches the general topic and direction of the ground-truth policy (developing an environmental zone), but it omits the key specifics that make the policy meaningful. Missing are the staged timeline (2017–2021 assessment and 2021–2025 preparation), the inclusion and assessment of CO2 criteria, and the commitment to make a CO2-based environmental zone ready for introduction. With no source excerpt provided, there is no basis to verify stronger accuracy. This is therefore directionally correct but too vague and incomplete for a full match."
Helsinki_FI,21,39,"Enable market-based construction of public charging infrastructure for electric cars, implementing recommendations of the electric traffic working group (by 2035).",Mitigation,sub,Market-based construction of public charging infrastructure for electric cars will be made possible. Implemented as per the recommendations of the electric traffic working group.,Mitigation,sub,0,0.8805,False,True,True,"The extracted policy matches the core intent and mechanism of the ground truth: enabling market-based construction of public charging infrastructure for electric cars, in line with recommendations of the electric traffic working group. However, it omits the deadline '(by 2035)', which is a key specificity detail. Commitment strength is broadly similar, but the missing timeline makes it less precise than the ground truth."
Helsinki_FI,22,40,"Tighten environmental criteria in competitive bidding for delivery/heavy delivery/utilities and machinery services (and related contract work), monitor compliance after procurement, and research introducing an environmental bonus system.",Mitigation,sub,"The City of Helsinki will develop and tighten the environmental criteria (incl. alternative fuel sources, emission classes) in all competitive bidding processes for delivery services, heavy delivery services and utility vehicle and machinery services, as well as in competitive bidding processes for contract work including any of the above-mentioned services. Once the procurement process is completed, the client will monitor the environmental criteria. An environmental bonus system will be introduced into the competitive bidding processes for delivery and utility vehicle and machinery services as well as into competitive bidding processes for contract work including the above-mentioned services will be researched (cf. HSL).",Mitigation,sub,1,0.7212,True,True,True,"The extracted policy closely matches the ground-truth in scope, commitment, and mechanism. It covers tightening environmental criteria in competitive bidding for delivery, heavy delivery, utility vehicle and machinery services, including related contract work; it includes post-procurement monitoring of environmental criteria; and it states that introducing an environmental bonus system will be researched. It is at least as specific as the ground-truth, adding examples like alternative fuels and emission classes without contradicting anything. The only slight issue is some awkward phrasing around the bonus system, but the substantive policy match is clear."
Helsinki_FI,23,41,Apply environmental criteria to procurement/leasing of City vehicles; Stara and HKL fleets will only use vehicles running on biofuels or renewable electricity by 2020.,Mitigation,sub,The environmental criteria will be applied to procurement of the City's own vehicles and leasing vehicles. The fleets of Stara and HKL will only use vehicles that run on biofuels or renewable electricity by 2020.,Mitigation,sub,1,0.9606,True,True,True,"The extracted policy matches the ground-truth closely in scope, target, mechanism, and deadline. It correctly captures applying environmental criteria to procurement and leasing of City vehicles, and the specific commitment that Stara and HKL fleets will only use vehicles running on biofuels or renewable electricity by 2020. Commitment strength is preserved ('will only use'), and no material details are missing or contradicted."
Helsinki_FI,24,42,Take an active role in developing city logistics and incentives for low-emissions delivery traffic by researching a delivery parking ID system with emissions-based pricing and expanding loading/unloading points.,Mitigation,sub,The City of Helsinki will have an active role in developing city logistics and incentives to encourage low-emissions delivery traffic,Resource Efficiency,sub,0,0.7194,False,True,False,"The extracted policy matches the general intent of the ground-truth: the city will take an active role in developing city logistics and incentives for low-emissions delivery traffic. However, it omits the specific delivery mechanisms that make the ground-truth more concrete, namely researching a delivery parking ID system with emissions-based pricing and expanding loading/unloading points. With no source excerpt provided, accuracy can only be judged against the ground-truth, and the extraction is directionally correct but too vague to merit a full match."
Helsinki_FI,25,43,"HSL targets: 10% of ordered bus traffic operated with electric buses by 2022, 30% by 2025, and 90% of ordered traffic run on biofuels by 2020.",Mitigation,sub,"HSL will continue to pursue its objectives; for example, 10 % of the bus traffic ordered by HSL will be operated using electric buses by 2022, with an increase to 30 % by 2025; and 90 % of the traffic ordered by HSL will be run on biofuels (renewable next-generation biodiesel and biogas) by 2020.",Mitigation,sub,1,0.8937,True,True,True,"The extracted policy matches the ground-truth closely on all key elements: the electric bus targets are 10% by 2022 and 30% by 2025, and the biofuel target is 90% by 2020. It preserves the scope ('traffic ordered by HSL') and the delivery mechanism (electric buses; biofuels). The added detail about 'renewable next-generation biodiesel and biogas' is compatible elaboration rather than contradiction. Although it begins with softer framing ('will continue to pursue its objectives'), the concrete target language remains intact and specific."
Helsinki_FI,26,44,Expand charging infrastructure for buses as part of the bus traffic competitive bidding programme.,Mitigation,sub,The charging infrastructure for buses will be expanded as part of the bus traffic competitive bidding programme.,Mitigation,sub,1,0.9037,True,True,True,"The extracted policy matches the ground-truth closely in scope, mechanism, and commitment. Both state that charging infrastructure for buses will be expanded as part of the bus traffic competitive bidding programme. There are no missing targets or deadlines in the ground truth, and the extracted version does not add or contradict anything."
Helsinki_FI,28,45,"Port of Helsinki will create a 'Carbon-neutral Port by 2035' Action Plan including periodic energy reviews, advancing shore power, environmental criteria for machinery/vehicles, enabling low-emission fuel bunkering, and potential discounts/support for shipping companies; and enabling more energy-efficient ships in Vuosaari Harbour.",Mitigation,sub,The Port of Helsinki will create the Carbon-neutral Port by 2035 Action Plan which will include the following types of actions:,Mitigation,sub,0,0.8792,False,True,True,"The extracted policy correctly identifies the main commitment: the Port of Helsinki will create a 'Carbon-neutral Port by 2035' Action Plan. However, it omits the substantive specificity present in the ground truth, including periodic energy reviews, shore power, environmental criteria for machinery/vehicles, low-emission fuel bunkering, possible discounts/support for shipping companies, and enabling more energy-efficient ships in Vuosaari Harbour. With no source excerpt provided to verify wording, this is directionally correct but too incomplete to count as a full match."
Helsinki_FI,29,46,Make West Harbour traffic smoother between the Harbour and Länsiväylä.,Mitigation,sub,The traffic of the West Harbour will be made smoother between the Harbour and the Länsiväylä.,Resource Efficiency,sub,1,0.9234,True,True,False,"The extracted policy matches the ground-truth almost exactly in scope and commitment: it states that traffic in West Harbour will be made smoother between the Harbour and Länsiväylä. There are no quantified targets, deadlines, or mechanisms in either version, so no specificity is lost relative to the ground truth."
Helsinki_FI,31,52,Examine implementation status of recent energy survey actions and project unimplemented feasible actions; improve documentation of survey implementation.,Adaptation,sub,The status of the actions identified in the energy surveys of the last years will be examined and both the unimplemented and feasible actions will be projected. The documentation of the survey implementation will also be developed.,Mitigation,sub,1,0.8507,True,True,False,"The extracted policy closely matches the ground-truth in scope and mechanism. It states that actions identified in recent energy surveys will be examined, that unimplemented feasible actions will be projected, and that documentation of survey implementation will be developed/improved. Although wording differs slightly ('developed' vs. 'improve'), the substantive commitment is the same, and there are no missing key details relative to the ground truth."
Helsinki_FI,32,53,Identify major sources of heat loss and heat recovery opportunities in City service buildings (especially sports halls and apartment buildings) and implement viable projects.,Mitigation,sub,"The most significant sources of heat loss in the City's service building stock (in particular, sports halls and apartment buildings) and the opportunities for heat recovery will be identified. The viable projects will be implemented.",Adaptation,sub,1,0.9178,True,True,False,"The extracted policy matches the ground-truth closely in scope, specificity, and commitment. It identifies the same building types (City service buildings, especially sports halls and apartment buildings), the same actions (identify major heat loss sources and heat recovery opportunities), and the same implementation commitment (implement viable projects). The wording is essentially equivalent, with no meaningful omissions or contradictions."
Helsinki_FI,33,54,Better allocate energy cost and savings impacts to actors influencing facility energy consumption and develop an encouraging method for all actors to conserve energy.,Resource Efficiency,sub,The cost effects of energy consumption and energy savings will be better allocated for the actors affecting the energy consumption of facilities.,Resource Efficiency,sub,0,0.7846,False,True,True,"The extracted policy matches the core idea of reallocating energy costs/savings to actors who influence facility energy consumption, which aligns with the first part of the ground-truth. However, it omits the second key element: developing an encouraging method for all actors to conserve energy. With no source excerpt provided, this is directionally correct but incomplete and less specific in mechanism and scope."
Helsinki_FI,34,55,Develop office-building energy monitoring toward energy-efficiency monitoring by integrating building condition and usage data; connect all City-owned/service properties to the monitoring system.,Mitigation,sub,The consumption monitoring of office buildings will be developed towards the monitoring of energy- efficiency by adding the condition and usage data of the buildings into the energy consumption data.,Resource Efficiency,sub,0,0.8075,False,True,False,"The extracted policy captures the core action of evolving office-building consumption monitoring into energy-efficiency monitoring by adding building condition and usage data, which aligns with the first part of the ground-truth. However, it omits the second key commitment to connect all City-owned/service properties to the monitoring system. Because a material scope element is missing, the match is only partial and lacks full specificity."
Helsinki_FI,35,56,Pilot electricity and heating demand response in City premises and develop a plan for adoption scale and schedule based on pilots.,Mitigation,sub,"Demand response of electricity and heating will be piloted in the City's premises in different types of service building. Based on the pilots, the potential of demand response in the premises and the need for investments will be estimated, and a plan will be made for the extent and schedule of the adoption of these changes.",Resource Efficiency,sub,1,0.8424,True,True,False,"The extracted policy closely matches the ground truth in scope, commitment, and mechanism. It includes piloting electricity and heating demand response in City premises and states that, based on the pilots, a plan will be made for the extent/scale and schedule of adoption. It adds detail about estimating potential and investment needs, which is consistent rather than contradictory. The core commitment and delivery mechanism are captured accurately."
Helsinki_FI,36,57,"Examine property-specific/regional energy storage opportunities and cost effects, set objectives for storage use (demand response and reserve power), and prepare an operating plan.",Mitigation,sub,"Property-specific or regional opportunities for storing energy (electricity and heat) will be examined, as will the cost effects of these opportunities. Based on the results, objectives will be set for using the storage to increase the demand response level and as reserve power, and an operating plan will be prepared.",Resource Efficiency,sub,1,0.8643,True,True,False,"The extracted policy closely matches the ground-truth in scope, sequence, and mechanism. It includes examining property-specific or regional energy storage opportunities and cost effects, setting objectives for storage use, specifically for demand response and reserve power, and preparing an operating plan. The added clarification '(electricity and heat)' does not materially change the meaning. Commitment strength is also aligned ('will be examined,' 'will be prepared'). No key target, deadline, or mechanism from the ground truth is missing."
Helsinki_FI,37,58,Prepare a target programme for using renewable energy in City construction projects and existing buildings and monitor progress.,Mitigation,sub,"A target programme for using renewable energy in the City's construction projects and existing buildings will be prepared, and the progress of the programme will be monitored.",Mitigation,sub,1,0.9207,True,True,True,"The extracted policy matches the ground-truth closely in scope, commitment, and mechanism. It includes both core actions: preparing a target programme for renewable energy use in City construction projects and existing buildings, and monitoring progress. Wording is essentially equivalent, with no material omissions or contradictions. No source document excerpt is provided, so grading is based on comparison to the ground truth alone."
Helsinki_FI,38,59,"Continuously develop procurement criteria and methods in construction and maintenance to reflect ambitious goals on energy efficiency, lifecycle CO2 emissions and environmental impacts.",Mitigation,sub,"The City will constantly develop its criteria and methods for procurements in construction and maintenance so that they will take City's ambitious goals into account in terms of things such as energy efficiency, lifecycle CO2 emissions and environmental impacts.",Mitigation,sub,1,0.8003,True,True,True,"The extracted policy closely matches the ground-truth in scope, commitment, and specificity. It preserves the continuous development of procurement criteria and methods, correctly limits the scope to construction and maintenance, and retains the key objectives: ambitious goals on energy efficiency, lifecycle CO2 emissions, and environmental impacts. The wording is slightly paraphrased ('constantly develop' vs. 'continuously develop'; 'take into account' vs. 'reflect') but does not materially change the commitment."
Helsinki_FI,39,60,"Strengthen commitment and competence of actors responsible for construction/maintenance regarding low emissions, energy efficiency, lifecycle impacts and procurement environmental criteria (2018–2019).",Resource Efficiency,sub,"The commitment and competence of the actors responsible for construction and maintenance will be strengthened in terms of the low emission levels, energy efficiency and lifecycle impacts of the construction projects and existing buildings and in terms of the environmental criteria used in procurements.",Mitigation,sub,1,0.8424,True,True,False,"The extracted policy closely matches the ground-truth in scope and substance: it strengthens the commitment and competence of actors responsible for construction and maintenance, and includes low emissions, energy efficiency, lifecycle impacts, and environmental procurement criteria. The wording is slightly expanded ('construction projects and existing buildings') but remains consistent with the ground-truth rather than contradictory. The only missing detail is the explicit timeframe '(2018–2019)', but the core commitment and mechanisms are captured accurately, so this is a strong match."
Helsinki_FI,40,61,"Set policies, objectives and procedures for facility projects to address conflicting interests related to energy efficiency and renewable energy (costs, profitability, protection values, architecture, cityscape).",Mitigation,sub,"Policies, objectives and procedures will be set for facility projects with conflicting interests related to energy efficiency and the utilisation of renewable energy, i.e. costs, profitability, protection values, architectonic solutions and the cityscape.",Mitigation,sub,1,0.9034,True,True,True,"The extracted policy closely matches the ground-truth in scope, commitment, and specificity. It preserves the core action ('set policies, objectives and procedures'), the application area ('facility projects'), and the purpose of addressing conflicting interests related to energy efficiency and renewable energy. The listed examples of conflicting interests are also substantially the same, with only minor paraphrasing ('utilisation of renewable energy' for 'renewable energy', 'architectonic solutions' for 'architecture'). No meaningful details are lost or contradicted."
Helsinki_FI,41,62,Develop project planning and cost calculations to ensure maximum prices in project decisions do not impede cost-efficient energy-efficiency and emissions-reduction solutions (2018).,Resource Efficiency,sub,The project planning and cost calculations for facility projects will be developed from the perspective of energy efficiency and emissions reductions to ensure that the maximum prices set in project decisions will not impede the implementation of cost-efficient solutions.,Resource Efficiency,sub,1,0.8056,True,True,True,"The extracted policy closely matches the ground-truth in scope, mechanism, and intent. It includes the same core action—developing project planning and cost calculations—and preserves the purpose of ensuring that maximum prices in project decisions do not prevent cost-efficient energy-efficiency and emissions-reduction solutions. The wording is slightly paraphrased ('facility projects' and 'implementation of cost-efficient solutions') but does not materially change the commitment. The only missing detail is the year '(2018)', but otherwise the specificity and substance align well."
Helsinki_FI,42,63,"Minimise lifecycle emissions from City construction and infrastructure projects by developing tools/methods/databases, reporting current state and opportunities, setting emissions objectives and procurement criteria by project type, and piloting lifecycle calculation tools across planning and construction.",Mitigation,sub,The lifecycle emissions from the City's construction and infrastructure projects will be minimised.,Mitigation,sub,0,0.7785,False,True,True,"The extracted policy matches the high-level intent of the ground-truth—minimising lifecycle emissions from City construction and infrastructure projects—but it omits nearly all of the specific delivery mechanisms and commitments. The ground-truth includes developing tools/methods/databases, reporting current state and opportunities, setting emissions objectives and procurement criteria by project type, and piloting lifecycle calculation tools across planning and construction. The extraction is therefore directionally correct but too vague and incomplete to count as a full match."
Helsinki_FI,43,64,"Pilot energy-plus construction, assess costs/challenges, and prepare a plan to gradually move toward energy-plus construction.",Mitigation,sub,"The City will pilot energy-plus construction, examine the cost effects and challenges of such construction, and, based on the former, prepare a plan for moving gradually towards energy-plus construction while discussing the matter with innovative actors in the construction industry.",Mitigation,sub,1,0.7863,True,True,True,"The extracted policy matches the ground-truth closely in scope, commitment, and mechanism. It includes all core elements: piloting energy-plus construction, assessing costs and challenges, and preparing a plan to gradually move toward energy-plus construction. The added detail about discussing the matter with innovative actors in the construction industry does not conflict with the ground truth; it is an acceptable elaboration rather than a hallucinated change in commitment. No quantified targets or deadlines are present in either version, so specificity is aligned."
Helsinki_FI,45,65,"Prepare actions and instructions to increase use of recycled materials in housing construction, infrastructure construction and maintenance by identifying obstacles and opportunities.",Mitigation,sub,"The obstacles and opportunities related to increasing the proportion of recycled materials in housing construction, infrastructural construction and maintenance. Actions and instructions for this will be prepared.",Resource Efficiency,sub,1,0.8738,True,True,False,"The extracted policy matches the ground-truth closely in scope and mechanism: it identifies obstacles and opportunities related to increasing recycled materials in housing, infrastructure construction, and maintenance, and states that actions and instructions will be prepared. There are no quantified targets or deadlines in the ground-truth, and none are invented in the extraction. Commitment strength is consistent with the source phrasing ('will be prepared' / 'prepare')."
Helsinki_FI,46,66,"Implement principles and a 2018–2021 action plan for using excavated earth, rock and demolition material in groundwork, and participate in developing/adopting the regional landmass GIS tool (SeutuMaisa).",Mitigation,sub,"The principles of using excavated earth, rock material and demolition material in groundwork and the related action plan (2018-2021) will be put into practice as a part of the procedures following the resource planning system. The principles will apply to the key processes of the Urban Environment Division: the land acquisition and area management of the City, the general planning of land use, zoning, pre-construction and the planning and construction of infrastructure and buildings. The City will participate in the development and adoption of the regional landmass tool using geographical information (SeutuMaisa).",Resource Efficiency,sub,1,0.807,True,True,False,"The extracted policy matches the ground-truth closely in scope, commitment, and mechanism. It explicitly states that the principles and the 2018–2021 action plan for using excavated earth, rock, and demolition material in groundwork will be implemented ('will be put into practice'), and it includes participation in the development and adoption of the regional GIS-based landmass tool SeutuMaisa. It is slightly more detailed than the ground truth by specifying internal city processes, but this is consistent rather than contradictory. No key target, timeframe, or mechanism is missing."
Helsinki_FI,47,67,Pilot emission-free construction sites in City projects and adopt a model and criteria for all sites based on pilot experiences; include criteria in project environmental documentation and steer other builders to use them.,Mitigation,sub,"Emission-free construction sites will be piloted in the City's own construction projects, and a model and criteria for all sites will be adopted based on the experiences from the pilot. The model and the criteria will be included in the environmental document for infrastructure and housing construction projects, as well as in the environmental plan of the site. The actors having construction projects within the City will be steered to use the model and the criteria.",Mitigation,sub,1,0.8843,True,True,True,"The extracted policy matches the ground-truth closely in scope, commitment, and mechanism. It includes piloting emission-free construction sites in City projects, adopting a model and criteria based on pilot experiences, incorporating those criteria into project environmental documentation, and steering other builders/actors with construction projects in the City to use them. The extracted version is slightly more specific by mentioning infrastructure and housing construction projects and the site environmental plan, but this does not conflict with the ground-truth."
Helsinki_FI,48,68,Implement heat recovery from exhaust air and sewage in renovated locations (heat recovery ventilation or EAHP) and implement EAHP projects without renovations where economically viable (payback under 15 years).,Resource Efficiency,sub,Solutions for the recovery of the heat from exhaust air and sewage will be implemented: locations being renovated will use either mechanical input and removal with heat recovery or an EAHP. EAHP projects will be implemented without renovations in buildings where it is economically viable (repayment period of under 15 years).,Adaptation,sub,1,0.8855,True,True,False,"The extracted policy closely matches the ground-truth in scope, specificity, and commitment. It correctly captures: (1) heat recovery from exhaust air and sewage, (2) the requirement for renovated locations to use heat recovery ventilation/mechanical ventilation with heat recovery or an EAHP, and (3) implementation of EAHP projects without renovations where economically viable, with the same quantified threshold of payback/repayment under 15 years. The wording is slightly paraphrased but preserves the core commitment, target condition, and delivery mechanism."
Helsinki_FI,49,69,Pursue high energy efficiency in renovations of City-owned housing and implement measures where viable on a lifecycle cost basis.,Mitigation,sub,"Great energy efficiency will be sought in the renovations of the City's own housing production, and actions for making the buildings more energy efficient will be implemented where they are viable in terms of lifecycle costs.",Resource Efficiency,sub,1,0.8421,True,True,False,"The extracted policy closely matches the ground-truth in scope, commitment, and mechanism. It correctly captures that the policy applies to renovations of City-owned housing, aims for high/great energy efficiency, and limits implementation to measures that are viable on a lifecycle cost basis. The wording is slightly paraphrased ('City's own housing production' vs. 'City-owned housing'), but the substantive meaning is preserved with no material loss of specificity or change in commitment strength."
Helsinki_FI,50,70,"Plan and implement renovations and energy-efficiency measures according to long-term maintenance plans, including annual measures; complete the plan by end of 2018 with annual monitoring.",Mitigation,sub,"The renovations and separate measures for improving energy efficiency will be planned and implemented according to the long-term maintenance plans. The plan must also include annual maintenance and repair-type measures (heat exchangers, adjustments to radiator valves, reduction of water consumption).",Resource Efficiency,sub,0,0.7574,False,True,False,"The extracted policy matches the core scope and mechanism: planning and implementing renovations and energy-efficiency measures according to long-term maintenance plans, and it includes annual maintenance/repair-type measures. However, it misses key specificity from the ground truth: completion of the plan by the end of 2018 and annual monitoring. Because those deadline and monitoring requirements are omitted, the extraction is directionally correct but incomplete."
Helsinki_FI,51,71,Upgrade Heka's old property automation systems to improve energy efficiency and enable remote reading/measuring of water consumption with HSY.,Mitigation,sub,Heka's old property automation systems will be upgraded to improve energy efficiency. Remote reading and measuring of water consumption will be made possible in collaboration with HSY.,Resource Efficiency,sub,1,0.912,True,True,False,"The extracted policy matches the ground-truth closely in scope, commitment, and mechanism. It includes both core elements: upgrading old property automation systems to improve energy efficiency, and enabling remote reading/measuring of water consumption in collaboration with HSY. There are no quantified targets or deadlines in the ground truth, so none are missing. The wording is slightly rephrased but preserves the same commitment and specificity."
Helsinki_FI,52,72,Investigate renewable energy use in City and subsidiary building stock to find cost-efficient targets (10–15 year payback) for local heat/electricity production and prepare a scheduled implementation plan.,Mitigation,sub,"The City will investigate the utilisation of renewable energy in its own building stock and that of its subsidiaries. The objective is to find cost-efficient (repayment period of 10-15 years) targets to be repaired in terms of local heating and electricity production. Based on the investigation, a scheduled implementation plan will be prepared.",Mitigation,sub,1,0.8543,True,True,True,"The extracted policy matches the ground-truth closely in scope, commitment, and specificity. It includes investigation of renewable energy use in the City’s own and subsidiaries’ building stock, the cost-efficiency criterion with a 10–15 year repayment/payback period, the focus on local heat/heating and electricity production, and the commitment to prepare a scheduled implementation plan based on the investigation. The phrase 'targets to be repaired' appears to be a mistranslation/typo, but the intended meaning aligns with the ground-truth target-setting requirement rather than contradicting it."
Helsinki_FI,53,73,Pilot geothermal/marine heating in Heka buildings and expand its use based on experiences.,Mitigation,sub,Heka will pilot the use of geothermal/marine heating and expand the use thereof based on the experiences.,Mitigation,sub,1,0.8901,True,True,True,"The extracted policy matches the ground-truth closely in commitment and mechanism: it states that Heka will pilot geothermal/marine heating and expand its use based on experience. The only minor omission is the explicit mention of 'in Heka buildings,' but this is strongly implied by 'Heka will pilot' and does not materially change the policy scope. No contradiction or hallucination is present."
Helsinki_FI,54,74,"Prepare general/common renovation guidelines and technical concept solutions including energy targets, renewable energy adoption, heat recovery measures, and consider demolition for unprotected locations where renovation costs approach new build costs.",Resource Efficiency,sub,"General and common guidelines to support renovations will be prepared. Descriptions of technical concept solutions will be prepared for different types of projects: buildings of different ages and types, renovations of different types; lifecycle calculations, such as MOBO, will be used here. The concepts will be updated based on the development of solutions and prices. The concept solution will include the following, in addition to the technical renovation solutions:",Resource Efficiency,sub,0,0.7795,False,True,True,"The extracted policy matches the general direction of the ground-truth: it commits to preparing general/common renovation guidelines and technical concept solutions. However, it is less specific and incomplete relative to the ground-truth. It omits key elements that define the scope of those concept solutions, namely energy targets, renewable energy adoption, heat recovery measures, and the consideration of demolition for unprotected locations when renovation costs approach new-build costs. It adds some project-type and lifecycle-calculation detail, but without the omitted core mechanisms the match is only partial."
Helsinki_FI,55,80,"Include energy-efficiency requirements stricter than national level in City plot conveyance conditions, actively assess and update requirements as national requirements advance, and use requirements to promote energy conservation and renewable energy production in buildings.",Mitigation,sub,The City's conditions for plot conveyance will include energy efficiency requirements that are stricter than the requirements at national level. The development needs and opportunities for the requirements will be actively assessed as the national requirements advance and as experience is gained from pilots and other projects. The requirements for energy efficiency will promote energy conservation and the production of renewable energy for buildings.,Mitigation,sub,1,0.8944,True,True,True,"The extracted policy matches the ground-truth closely in scope, commitment, and mechanism. It includes: (1) stricter-than-national energy-efficiency requirements in City plot conveyance conditions, (2) active assessment of development needs/opportunities as national requirements advance, and (3) use of the requirements to promote energy conservation and renewable energy production in buildings. The wording is slightly more detailed than the ground truth but remains fully consistent. No key target, deadline, or mechanism is missing relative to the reference policy."
Helsinki_FI,56,82,Include carbon footprint and eco-efficiency criteria in quality-based plot conveyance competitions.,Mitigation,sub,"In plot conveyance competitions based on quality, the criteria will include the carbon footprint and eco-efficiency of the construction project.",Mitigation,sub,1,0.8413,True,True,True,"The extracted policy matches the ground-truth closely in scope and mechanism: it specifies that in quality-based plot conveyance competitions, the criteria will include carbon footprint and eco-efficiency. This preserves the core commitment and delivery mechanism without adding contradictory detail. Although no source excerpt is provided to verify wording, relative to the ground-truth this is an accurate restatement."
Helsinki_FI,57,83,"Implement plot conveyance competitions that specifically aim at carbon-neutrality, analyse experiences, and use lessons to develop plot conveyance terms and conditions (pilots during 2017–2021; experiences included by 2035).",Mitigation,sub,"The City will implement plot conveyance competitions that aim particularly at carbon-neutrality, the experiences from which will be analysed. The experiences gathered will be used when developing the terms and conditions for plot conveyance.",Mitigation,sub,1,0.8339,True,True,True,"The extracted policy matches the ground-truth closely in scope, commitment, and mechanism: it includes implementing plot conveyance competitions aimed at carbon-neutrality, analysing the experiences, and using those lessons to develop plot conveyance terms and conditions. The wording is slightly less specific because it omits the timing details ('pilots during 2017–2021; experiences included by 2035'), but the core commitment and delivery mechanism are captured accurately without contradiction."
Helsinki_FI,58,84,"Develop pre-emptive guidance for housing companies to promote energy-efficient renovations and renewable energy, including adopting TOP11 geothermal instructions and exploring fee exemptions for geothermal projects.",Mitigation,sub,"Pre-emptive guidance for housing companies (for example, in the project planning stage) will be developed to promote energy-efficient renovations and the use of renewable energy sources.",Resource Efficiency,sub,0,0.8174,False,True,False,"The extracted policy matches the main intent of the ground-truth: developing pre-emptive guidance for housing companies to support energy-efficient renovations and renewable energy. However, it omits key specifics present in the ground-truth, namely adopting TOP11 geothermal instructions and exploring fee exemptions for geothermal projects. Without those delivery mechanisms, the extraction is directionally correct but incomplete."
Helsinki_FI,59,85,Prepare operating models and examples for energy-efficient solutions in renovation of protected buildings.,Resource Efficiency,sub,Operation models and good examples for energy-efficient solutions in the renovation of protected buildings will be prepared.,Resource Efficiency,sub,1,0.9164,True,True,True,"The extracted policy matches the ground-truth closely in scope and commitment. It preserves the core action to prepare operating models/examples for energy-efficient solutions in renovating protected buildings. Wording differences ('good examples' vs. 'examples', 'operation models' vs. 'operating models') do not change the meaning. No source excerpt is provided to assess against original document language, but relative to the ground-truth this is a specific and accurate match."
Helsinki_FI,60,86,Examine how climate objectives can be taken into account when updating the building code.,Mitigation,sub,The City will examine how climate objectives can be taken into account when updating the building code.,Mitigation,sub,1,0.8919,True,True,True,"The extracted policy matches the ground-truth exactly in scope and commitment. Both state that climate objectives will be examined for consideration when updating the building code. There are no quantified targets or deadlines in the ground truth, and the extracted version does not introduce or omit any meaningful detail."
Helsinki_FI,61,87,Prepare a roadmap/service path for developing building control across all project stages to enable energy-efficient construction (pilots 2017–2021; experiences included by 2035).,Mitigation,sub,A road map or service path will be prepared for the development of building control in all stages of a construction project to enable energyefficient construction.,Resource Efficiency,sub,0,0.7773,False,True,False,"The extracted policy matches the core action and scope: preparing a roadmap/service path for building control across all construction project stages to enable energy-efficient construction. However, it omits key specificity from the ground truth, namely the implementation timeline/details ('pilots 2017–2021; experiences included by 2035'). Because the main commitment is captured but important deadlines/mechanisms are missing, this is directionally correct but less specific."
Helsinki_FI,62,88,Prepare an energy renaissance programme to support energy-efficient renovation of neighbourhoods and existing private building stock (planning 2017–2021; implementation 2022–2035).,Mitigation,sub,An energy renaissance programme will be prepared to support the renovation of neighbourhoods and the existing private building stock energyefficiently.,Resource Efficiency,sub,0,0.8846,False,True,False,"The extracted policy matches the core commitment and scope: preparing an energy renaissance programme to support energy-efficient renovation of neighbourhoods and existing private building stock. However, it omits the key timing details present in the ground truth (planning 2017–2021; implementation 2022–2035), reducing specificity. Commitment strength is broadly preserved ('will be prepared'), but without the deadlines the match is incomplete rather than exact."
Helsinki_FI,63,89,"Investigate ending oil heating by 2035 and improving renewable energy use and energy efficiency in electrically heated buildings, including selecting a pilot area and examining options with residents.",Mitigation,sub,The City will investigate ending oil heating by 2035 and increasing the use of renewable energy and the energy efficiency in electrically heated buildings.,Mitigation,sub,0,0.8218,False,True,True,"The extracted policy matches the main scope and target date: investigating an end to oil heating by 2035, along with improving renewable energy use and energy efficiency in electrically heated buildings. However, it omits important specificity from the ground truth about selecting a pilot area and examining options with residents, which are part of the delivery mechanism. Commitment strength remains consistent as an investigation rather than a binding phaseout, but the missing implementation details make it incomplete rather than fully matching."
Helsinki_FI,64,90,Develop the Energy and Climate Atlas (3D model) for resident energy-efficiency guidance and develop tools for assessing costs and improvement potential in building energy consumption.,Mitigation,sub,The 3D model (the Energy and Climate Atlas) will be developed in the energy efficiency guidance for residents. Energy tools for the assessment of the costs and potential improvements in buildings' energy consumption will be developed.,Resource Efficiency,sub,1,0.9031,True,True,False,"The extracted policy matches the ground-truth closely in scope and mechanism. It correctly identifies development of the Energy and Climate Atlas as a 3D model for resident energy-efficiency guidance and the development of tools to assess costs and improvement potential in building energy consumption. There are no quantified targets or deadlines in the ground truth, so none are missing. Commitment strength is preserved as a development action rather than weakened or contradicted."
Helsinki_FI,65,91,Improve energy-related competence of housing cooperative decision-makers through training and case presentations on energy efficiency and renewable energy.,Mitigation,sub,The energy-related competences of the decision-makers in housing cooperatives will be improved.,Resource Efficiency,sub,0,0.7749,False,True,False,"The extracted policy matches the general intent of the ground-truth: improving the energy-related competence of housing cooperative decision-makers. However, it omits the specific delivery mechanisms in the ground-truth—training and case presentations focused on energy efficiency and renewable energy. It also slightly strengthens the wording to 'will be improved' without source text to verify binding force. Because the core direction is correct but key specificity is missing, this is a partial match."
Helsinki_FI,67,92,"Helen will implement customer-end emissions reduction actions including improving district heating connection measurements and tariff adjustments, examining hourly district heating tariffs, and developing energy monitoring interfaces for customers.",Mitigation,sub,Helen Ltd will implement emissions reduction actions based on its own development programme and decisions. The actions include:,Resource Efficiency,sub,0,0.7283,False,True,False,"The extracted policy is directionally aligned with the ground-truth in that it says Helen Ltd will implement emissions reduction actions. However, it omits the specific customer-end measures that define the policy: improving district heating connection measurements and tariff adjustments, examining hourly district heating tariffs, and developing energy monitoring interfaces for customers. It also weakens specificity by replacing the concrete actions with vague language about a development programme and decisions. With no source excerpt provided, this cannot be confirmed against document text, but relative to the ground-truth it is incomplete and imprecise rather than contradictory."
Helsinki_FI,68,93,Identify and schedule renewable district heating procurement for the City organisation and create a plan to reach 100% renewable district heating.,Mitigation,sub,"The opportunities to acquire renewable district heating will be identified in the City organisation, as will the cost effects thereof. The acquisition will be scheduled. A plan will be created for the acquisition of renewable district heating and on the date when its proportion will reach 100 per cent of all district heating.",Mitigation,sub,1,0.8265,True,True,True,"The extracted policy matches the ground-truth closely in scope, commitment, and specificity. It includes identifying opportunities to procure renewable district heating within the City organisation, scheduling that acquisition, and creating a plan for reaching 100% renewable district heating. The extracted version adds cost effects and phrases the target as determining the date when renewable district heating reaches 100% of all district heating, which is consistent with the ground-truth rather than contradictory. No material mismatch is present."
Helsinki_FI,69,94,The City will purchase renewable/emission-free electricity and each purchasing unit will prepare a scheduled plan for switching to renewable electricity.,Mitigation,sub,The City will acquire renewable/emission-free electricity. Purchasing units will prepare a scheduled plan for the switch to renewable electricity.,Mitigation,sub,1,0.9662,True,True,True,"The extracted policy matches the ground-truth closely in scope, commitment, and mechanism. It preserves both core elements: (1) the City will procure renewable/emission-free electricity, and (2) each purchasing unit will prepare a scheduled plan to transition/switch to renewable electricity. The wording is essentially equivalent, with no meaningful loss of specificity or weakening of commitment."
Helsinki_FI,70,95,Automate and make water consumption measurement hour-based and remotely readable; HSY recommends consumption-based invoicing.,Resource Efficiency,sub,The primary measurement of water consumption will be automated and made hour-based and remotely readable. HSY recommends consumption-based invoicing.,Resource Efficiency,sub,1,0.9282,True,True,True,"The extracted policy matches the ground-truth closely in scope, commitment, and mechanism. It captures the automation of water consumption measurement, specifies that it is hour-based and remotely readable, and includes HSY’s recommendation for consumption-based invoicing. No meaningful details are missing or contradicted."
Helsinki_FI,71,96,"Encourage all properties to improve energy efficiency by creating a privacy-preserving 'energy wellness' data model comparing properties to reference groups (budget €200,000).",Mitigation,sub,"The City will encourage all properties in the City area to take action to improve energy efficiency and energy consumption. A data model will be created, which will allow interested parties to see the 'energy wellness' of their own property, compared to a reference group. The model will not violate privacy or the protection of property. The results produced by the data model will provide guidance on the acquisition of inspections or surveys, as needed.",Resource Efficiency,sub,1,0.7755,True,True,False,"The extracted policy matches the ground-truth closely in scope and mechanism: it encourages all properties to improve energy efficiency through a privacy-preserving 'energy wellness' data model that compares a property to a reference group. It correctly captures the privacy-preserving aspect and the comparative model. The added detail about guiding inspections/surveys is compatible rather than contradictory. The only omission is the €200,000 budget, but the core commitment and delivery mechanism are accurately preserved, so this is a strong match."
Helsinki_FI,72,97,"Investigate, pilot and adopt two-way district heating in City properties.",Mitigation,sub,"Two-way district heating in the City properties will be investigated, piloted and adopted.",Resource Efficiency,sub,1,0.8699,True,True,False,"The extracted policy matches the ground-truth closely in scope, action, and commitment: it covers investigating, piloting, and adopting two-way district heating in City properties. No source excerpt is provided to test against original wording, but relative to the ground-truth this is an accurate restatement with no material loss of specificity or change in meaning."
Helsinki_FI,73,98,"Study technical, economic and emissions impacts of hybrid heating systems (heat pump + district heating), verify existing systems, and produce recommendations for efficient connections and implementation (budget €150,000).",Mitigation,sub,"The technical, economical and emission-related impacts of a hybrid heating system, combining a heat pump and district heating, will be studied at the level of individual properties and the entire energy system. The functionality and afore-mentioned impacts of existing hybrid systems will be verified. Based on the results of the study, recommendations will be created for the connections and implementation of the hybrid systems to ensure that the functions are energy-efficient and cost-efficient.",Mitigation,sub,1,0.7979,True,True,True,"The extracted policy matches the ground-truth closely in scope and mechanism: it studies the technical, economic, and emissions impacts of hybrid heating systems combining heat pumps and district heating; verifies existing hybrid systems; and produces recommendations for connections and implementation. It preserves the commitment strength ('will be studied', 'will be verified', 'recommendations will be created'). It even adds detail about analysis at property and energy-system levels, which is consistent rather than contradictory. The only omitted specific detail is the €150,000 budget, but the core commitment, target activity, and delivery mechanism are captured accurately."
Helsinki_FI,74,99,Account for land-use needs of centralised and regional renewable energy production.,Mitigation,sub,The land-use needs of centralised and regional production of renewable energy will be taken into account.,Mitigation,sub,1,0.873,True,True,True,"The extracted policy closely matches the ground-truth in scope and commitment. It preserves the core action ('taken into account' / 'account for') and the same subject matter: land-use needs of both centralised and regional renewable energy production. There is no substantive change in meaning, and neither version includes additional quantified targets, deadlines, or mechanisms."
Helsinki_FI,75,100,"Identify major waste-heat locations and plan actions to utilise waste heat, including analysing impacts of property sewage heating on the wastewater treatment plant.",Mitigation,sub,"The most significant potential heat waste locations will be identified, and actions to utilise this heat waste will be planned. The impact the utilisation of sewage heating in properties will have on the water treatment plant will be analysed.",Resource Efficiency,sub,1,0.8689,True,True,False,"The extracted policy closely matches the ground-truth in scope, commitment, and mechanism. It includes identifying major/significant waste-heat locations, planning actions to utilise waste heat, and analysing the impacts of sewage heating in properties on the wastewater/water treatment plant. Differences are minor paraphrases ('most significant potential' vs 'major', 'water treatment plant' vs 'wastewater treatment plant') and do not materially change the meaning."
Helsinki_FI,76,101,Assess geothermal well space allocation needs in the Underground Master Plan and mediate between builders and Helen on regional energy/hybrid solutions to promote adoption.,Mitigation,sub,"The space allocation requirements of the geothermal wells will be assessed as a part of the preparation of the Underground Master Plan. The City will be an active mediator between constructors and Helen as regional energy options and hybrid solutions are examined, which will promote the adoption of such solutions.",Mitigation,sub,1,0.8547,True,True,True,"The extracted policy closely matches the ground truth in scope, commitment, and mechanism. It includes assessing geothermal well space allocation needs within preparation of the Underground Master Plan and acting as an active mediator between constructors/builders and Helen while regional energy options and hybrid solutions are examined to promote adoption. Although wording differs slightly ('constructors' vs 'builders', 'regional energy options' vs 'regional energy'), the substantive commitment and delivery mechanism are preserved with no meaningful loss of specificity."
Helsinki_FI,77,102,Survey areas suitable for geo-energy (geothermal heating potential survey).,Mitigation,sub,The areas suitable for geo-energy will be surveyed (survey for geothermal heating potential).,Resource Efficiency,sub,1,0.8882,True,True,False,"The extracted policy matches the ground-truth closely in scope and action: both state that areas suitable for geo-energy/geothermal heating potential will be surveyed. There is no source excerpt to test against, but relative to the ground-truth this is an accurate restatement with equivalent specificity and commitment."
Helsinki_FI,78,103,"Examine opportunities to recover and utilise landfill gases from closed landfills in the Helsinki area, building on past surveys and reports.",Mitigation,sub,"Opportunities to recover and utilise the landfill gases of closed landfills in the Helsinki area will be examined further, with the help of surveys and reports made in the past.",Mitigation,sub,1,0.9448,True,True,True,"The extracted policy closely matches the ground-truth in scope, action, and mechanism. It preserves the core commitment to examine opportunities to recover and utilise landfill gases from closed landfills in the Helsinki area and correctly notes that this work builds on past surveys and reports. The wording 'will be examined further' is slightly stronger than 'examine opportunities,' but it remains consistent with the stated intent and does not materially alter the commitment."
Helsinki_FI,79,111,Strengthen climate change mitigation and circular economy skills in school curricula and schoolwork and expand teachers' knowledge (2017–2021).,Mitigation,sub,"The skills related to the mitigation of climate change and to circular economy will be strengthened in school curricula and in schoolwork, in general. Teachers' knowledge will be expanded.",Resource Efficiency,sub,1,0.839,True,True,False,"The extracted policy closely matches the ground-truth in scope and commitment: it includes strengthening climate change mitigation and circular economy skills in school curricula and schoolwork, and expanding teachers' knowledge. The wording is slightly less precise because it omits the 2017–2021 timeframe and adds 'in general,' but the core commitment and mechanisms are accurately preserved with no contradiction."
Helsinki_FI,80,112,"Offer educational institutions internships in Smart & Clean, join joint development projects, and support institutions/campuses in adopting low-carbon solutions.",Mitigation,sub,"The City will offer educational institutions internships in Smart & Clean, participate in joint development projects and support the institutions and their campuses in the adoption of low-carbon solutions.",Mitigation,sub,1,0.853,True,True,True,"The extracted policy matches the ground-truth closely in scope, commitment, and mechanism. It includes all core elements: offering internships in Smart & Clean, participating/joining joint development projects, and supporting institutions/campuses in adopting low-carbon solutions. The wording is essentially equivalent, with only minor paraphrasing ('participate' vs 'join') that does not change meaning. No source excerpt is provided to test against the original document, but relative to the ground truth this is a precise match."
Helsinki_FI,81,113,Increase environmental education in early childhood education and schools.,Adaptation,sub,The amount of environmental education in early childhood education and schools will be increased.,Mitigation,sub,1,0.8308,True,True,False,"The extracted policy matches the ground-truth closely in scope and commitment: both state that environmental education in early childhood education and schools will be increased. Neither version includes quantified targets, deadlines, or implementation mechanisms, so there is no loss of specificity relative to the ground truth. No contradiction or hallucination is present."
Helsinki_FI,82,114,"Organise courses and education on climate change mitigation and adaptation, circular economy and sharing economy for City employees, representatives and residents.",Adaptation,sub,"The City will organise courses and education on the mitigation of and adaptation to climate change, as well as circular economy and sharing economy for its employees, representatives and residents.",Adaptation,sub,1,0.888,True,True,True,"The extracted policy matches the ground-truth closely in scope, commitment, and specificity. It preserves the same action ('organise courses and education'), the same topics (climate change mitigation and adaptation, circular economy, sharing economy), and the same target groups (City employees, representatives, and residents). There is no meaningful loss or distortion of detail."
Helsinki_FI,83,115,Promote urban agriculture by crowdsourcing a survey of suitable spaces and defining criteria and rules for their use.,Adaptation,sub,Urban agriculture will be promoted by using crowdsourcing to survey spaces suitable to be used by the residents. The criteria for spaces suitable for urban agriculture and the rules for the use of these spaces will be defined.,Resource Efficiency,sub,1,0.8952,True,True,False,"The extracted policy matches the ground-truth closely in scope, mechanism, and specificity. It includes promoting urban agriculture, using crowdsourcing to survey suitable spaces, and defining both criteria for suitable spaces and rules for their use. The added phrase 'to be used by the residents' does not materially change the policy intent. No key target, deadline, or mechanism from the ground truth is missing."
Helsinki_FI,85,116,Develop recipes to reduce emissions from City food services and protect the Baltic Sea.,Mitigation,sub,Recipes will be developed to reduce the emissions from the City's food services and protect the Baltic Sea.,Mitigation,sub,1,0.9268,True,True,True,"The extracted policy matches the ground-truth closely in scope and commitment: it states that recipes will be developed, and preserves both purposes—reducing emissions from City food services and protecting the Baltic Sea. There are no quantified targets or deadlines in the ground truth, so none are missing. The wording is essentially equivalent rather than vague or contradictory."
Helsinki_FI,86,117,Increase the proportion of vegetarian meals in schools and day care centres.,Mitigation,sub,The proportion of vegetarian meals will be increased in schools and day care centres. The recommendations for both school meals and the meals in early childhood education encourage institutions to increase the proportion of vegetarian food. Both recommendations are based on the national nutritional guidelines.,Mitigation,sub,1,0.8219,True,True,True,"The extracted policy matches the ground-truth policy in scope and substance: it identifies schools and day care/early childhood education settings and states that the proportion of vegetarian meals/food will be increased. It also adds implementation context via recommendations and national nutritional guidelines, which is consistent rather than contradictory. While neither version includes quantified targets or deadlines, the extraction accurately captures the core commitment without hallucinating a different policy."
Helsinki_FI,87,118,"Reduce food waste in Service Centre, Palmia and other stakeholder operations through monitoring consumption, campaigns, process efficiency and rationalising product selection/pack sizes.",Mitigation,sub,"Food waste will be reduced in the operations of the Service Centre, Palmia and other interest groups.",Resource Efficiency,sub,0,0.7623,False,True,False,"The extracted policy matches the general intent and scope of the ground-truth by stating that food waste will be reduced in the operations of the Service Centre, Palmia, and other stakeholders/interest groups. However, it omits the specific delivery mechanisms in the ground-truth: monitoring consumption, campaigns, improving process efficiency, and rationalising product selection and pack sizes. With no source excerpt provided to verify wording, this is directionally correct but lacks key specificity."
Helsinki_FI,88,119,"Examine opportunities for low-emission food transport (e.g., climate-friendly long-life packaging; more efficient deliveries).",Mitigation,sub,The opportunities to transport food optimally in terms of emissions will be examined.,Mitigation,sub,0,0.7529,False,True,True,"The extracted policy matches the general intent of the ground-truth: examining opportunities to reduce emissions from food transport. However, it is less specific and omits the illustrative mechanisms in the ground-truth, namely climate-friendly long-life packaging and more efficient deliveries. It also softens the framing from 'low-emission food transport' to 'transport food optimally in terms of emissions,' which is directionally correct but vaguer. With no source excerpt provided, this is best scored as an imprecise but meaningful match."
Helsinki_FI,89,120,"Increase collaboration with grocery shops to reduce food waste, including transferring excess food to community initiatives and institutions (e.g., Shared Table).",Mitigation,sub,Collaboration with grocery shops will be increased to reduce food waste.,Resource Efficiency,sub,0,0.8343,False,True,False,"The extracted policy matches the general intent of the ground-truth—greater collaboration with grocery shops to reduce food waste—but it omits key specificity. Missing are the delivery mechanisms in the ground-truth, especially transferring excess food to community initiatives and institutions such as Shared Table. With no source excerpt provided, accuracy cannot be further validated, but relative to the ground-truth this is directionally correct yet incomplete."
Helsinki_FI,90,121,"Update environmental criteria for events, encourage use of the EcoCompass environmental management system, and develop tools to measure CO2 emissions of events.",Mitigation,sub,The environmental criteria for events will be updated and materials to help with the planning of environmental matters will be produced. Both the City's own events and commercial events will be encouraged to use the EcoCompass environmental management system. Tools for measuring the CO2 emissions of events will be developed.,Resource Efficiency,sub,1,0.8633,True,True,False,"The extracted policy closely matches the ground-truth in scope and mechanisms: it includes updating environmental criteria for events, encouraging both City and commercial events to use the EcoCompass environmental management system, and developing tools to measure CO2 emissions of events. The added detail about producing materials to help with planning environmental matters is compatible with the ground-truth's update to criteria and does not materially distort it. Commitment strength is consistent with the ground-truth ('will be updated', 'will be encouraged', 'will be developed'). No contradictions or hallucinated core elements are present."
Helsinki_FI,92,131,Helsinki City Strategy sets an intermediate goal to reduce greenhouse gas emissions by 60% from 1990 to 2030.,Mitigation,individual,"Strategic goals are to be created for sustainable and innovative procurements in the Helsinki Group. A road map for innovative and sustainable procurements will be created, and the City's procurement strategy will be updated.",Mitigation,sub,-1,0.6119,False,False,True,"The extracted policy is about sustainable and innovative procurement planning and updating the city's procurement strategy. It does not mention the ground-truth climate policy’s core commitment: a 60% greenhouse gas emissions reduction from 1990 levels by 2030. The scope, target, and deadline are all missing, so there is no meaningful match."
Helsinki_FI,94,144,"Require Helsinki Group subsidiary communities and joint municipal authorities to integrate emissions reduction policies into their control systems, with a minimum objective of carbon-neutrality by 2035.",Mitigation,individual,"The organisations, subsidiary communities and joint municipal authorities of the Helsinki Group will be required to integrate the emissions reduction policies into their respective control systems. The minimum objective is to reach carbon-neutrality by 2035.",Mitigation,sub,1,0.918,True,False,True,"The extracted policy matches the ground-truth closely in scope, commitment, and specificity. It correctly identifies Helsinki Group organisations/subsidiary communities and joint municipal authorities, preserves the binding requirement to integrate emissions reduction policies into control systems, and includes the specific minimum objective of carbon-neutrality by 2035. The addition of 'organisations' does not materially alter the policy."
Helsinki_FI,91,151,Helsinki aims to become carbon-neutral by 2035 by reducing greenhouse gas emissions 80% from 1990 levels and compensating the remaining 20% through emissions reductions outside the city.,Mitigation,individual,"Helsinki's potential emission compensation methods, compensation needs and costs will be assessed. The compensation methods of other cities will be examined, and Helsinki will participate in national and international collaboration to define shared rules for the calculations. Helsinki will aim to implement the compensations in a fashion that will benefit the City, for example by actively creating conditions for the production of clean energy, such as wind power, and by sequestering carbon in the City area.",Mitigation,sub,0,0.7431,False,False,True,"The extracted policy is directionally related to the ground-truth because it discusses emissions compensation and implementation mechanisms. However, it misses the core quantified commitment and deadline: becoming carbon-neutral by 2035, reducing emissions 80% from 1990 levels, and compensating the remaining 20% through reductions outside the city. The extraction focuses on assessing compensation methods, costs, and collaboration, which are subsidiary implementation details rather than the main target. Without the binding target, timeline, and full scope, it is too vague for a full match."
Hiroshima_JP,7,0,"Hiroshima City will set greenhouse gas emissions reduction targets of 80% by FY2050, 30% by FY2030, and 5% by FY2020 compared to FY2013 (with FY2020 also equivalent to 7% compared to FY2005).",Mitigation,individual,"Reduce citywide greenhouse gas emissions by 80% from FY2013 levels by FY2050, 30% by FY2030, and 5% by FY2020.",Mitigation,individual,1,0.7709,True,True,True,"The extracted policy matches the ground-truth core commitment and all key quantified targets and deadlines: 80% by FY2050, 30% by FY2030, and 5% by FY2020 relative to FY2013. It accurately reflects the emissions reduction scope and specificity. It omits the additional equivalence note that FY2020 is also 7% compared to FY2005, but this is supplementary rather than changing the main target structure."
Hiroshima_JP,8,2,Hiroshima City will set a short-term (FY2020) energy-use reduction target of 5% for total energy use not affected by the CO2 emission factor of electric utilities.,Mitigation,individual,Reduce total energy use by 5% as the short-term energy reduction target.,Resource Efficiency,individual,0,0.6468,False,True,False,"The extracted policy captures the core quantified target of a 5% reduction in total energy use and identifies it as a short-term target, which is directionally consistent with the ground truth. However, it omits key specificity: the deadline/reference year (FY2020), the actor (Hiroshima City), and the important scope qualifier that the target applies to energy use not affected by the CO2 emission factor of electric utilities. Because these details materially narrow the policy scope, the match is only partial rather than exact."
Hiroshima_JP,9,12,"For households, Hiroshima City sets KPIs including: newly-built ZEH share 50% by FY2020 and almost 100% by FY2030; low-carbon house share 50% by FY2020; household fuel cells total 15,000 by FY2020 and 56,000 by FY2030; and LED adoption (>80% of household lighting) 50% by FY2020 and almost 100% by FY2030.",Mitigation,individual,"Achieve household uptake targets for ZEH, low-carbon houses, household fuel cells, and LED lighting by FY2020 and FY2030.",Resource Efficiency,sub,0,0.737,False,False,False,"The extracted policy is directionally correct in scope: it identifies the household measures in the ground truth (ZEH, low-carbon houses, household fuel cells, and LED lighting) and notes the FY2020/FY2030 timeframes. However, it omits nearly all specificity that makes the KPI policy meaningful: the quantified targets are missing (e.g., ZEH 50% by FY2020 and almost 100% by FY2030; low-carbon houses 50% by FY2020; fuel cells 15,000/56,000; LED adoption 50% and almost 100%), and it does not reflect that these are explicit KPIs. Because the main intent is captured but the key target levels are absent, this is an imprecise match rather than a full match."
Hiroshima_JP,10,18,"For business activities, Hiroshima City sets KPIs including Eco Action 21/ISO14001 introductions (500 by FY2020; 1,000 by FY2030), LED lighting use in offices (88.1% by FY2020; almost 100% by FY2030), and BEMS introduction rate (13% by FY2020; 47% by FY2030).",Mitigation,individual,"Increase business uptake of Eco Action 21/ISO14001, LED lighting, and BEMS by FY2020 and FY2030.",Resource Efficiency,sub,0,0.7075,False,False,False,"The extracted policy matches the general scope and measures in the ground truth: it refers to business uptake of Eco Action 21/ISO14001, LED lighting, and BEMS, and correctly ties them to FY2020 and FY2030. However, it omits all quantified KPI targets (500/1,000 introductions; 88.1%/almost 100% LED use; 13%/47% BEMS rate) and does not convey the specificity that these are explicit KPIs. With no source excerpt provided, accuracy can only be judged against the ground truth; this is directionally correct but too vague to be a full match."
Hiroshima_JP,11,30,"For waste, Hiroshima City sets KPIs including reducing waste per person per day to 826 g/person/day by FY2020 and reducing incineration amount to 295,000 ton/year by FY2020.",Mitigation,individual,"Reduce daily waste per person to 826 g/person/day and incinerated waste to 295,000 tons/year by FY2020.",Resource Efficiency,sub,1,0.7381,True,False,False,"The extracted policy matches the ground-truth closely on all key specifics: it includes both quantified KPIs (826 g/person/day and 295,000 tons/year) and the deadline (by FY2020). It preserves the policy scope (waste) and commitment content without adding contradictions. While it omits the framing that these are Hiroshima City KPIs and slightly paraphrases 'incineration amount' as 'incinerated waste,' the substantive target and specificity are fully aligned."
Hiroshima_JP,12,37,"Hiroshima City sets KPIs to increase introduced biomass boilers in city facilities to 3 by FY2020 and 9 by FY2030, and to increase area of park and green spaces to 1,000 ha by FY2020.",Mitigation,individual,"Increase biomass boilers in city facilities to 3 by FY2020 and 9 by FY2030, and increase park and green-space area to 1,000 ha by FY2020.",Nature-Based Solutions,sub,1,0.7678,True,False,False,"The extracted policy matches the ground-truth closely on all key specifics: biomass boilers in city facilities are targeted at 3 by FY2020 and 9 by FY2030, and park/green-space area is targeted at 1,000 ha by FY2020. Scope, quantified targets, and deadlines are preserved. Although the source excerpt is not provided, relative to the ground-truth this is an accurate and specific match."
Hiroshima_JP,13,44,Hiroshima City sets KPIs for cross-sectional measures: dispersed power introductions in city facilities (1 by FY2020; 8 by FY2030) and smart communities introduced (3 by FY2020; 10 by FY2030).,Mitigation,individual,Introduce 8 dispersed power systems in city facilities and 10 smart communities by FY2030.,Mitigation,sub,0,0.6494,False,False,True,"The extracted policy matches the FY2030 quantitative targets in the ground truth: 8 dispersed power introductions in city facilities and 10 smart communities by FY2030. However, it omits the FY2020 interim KPIs (1 and 3 respectively) and does not reflect that these are framed as cross-sectional KPI settings. Because it is accurate but incomplete on specificity and scope, the match is directionally correct rather than fully complete."
Hiroshima_JP,0,48,"Hiroshima City will implement an Adaptation Plan with two pillars: improving acknowledgement/understanding of climate change and improving regional comprehensive ability to deal with climate risks, and will comprehensively develop three measures under these pillars.",Adaptation,parent,Develop citywide adaptation measures through improved understanding of climate change impacts and strengthened regional ability to manage climate risks.,Adaptation,parent,0,0.6785,False,True,True,"The extracted policy is directionally aligned with the ground truth: it captures the two main pillars of the Adaptation Plan—improving understanding of climate change and strengthening regional capacity to address climate risks. However, it is less specific and omits key details present in the ground truth, namely that Hiroshima City will implement an Adaptation Plan structured around these two pillars and will comprehensively develop three measures under them. Because the core intent is correct but the plan structure and specificity are softened, this merits a 0 rather than a full match."
Hiroshima_JP,1,49,"Hiroshima City will promote creation of an environment for more accurate understanding of climate change and its effects through publicity/education via city media, school sub-readings, and delivery lectures.",Adaptation,sub,"Promote accurate understanding of climate change and its effects through publicity, school sub-readings, and lectures.",Adaptation,sub,1,0.6754,True,True,True,"The extracted policy closely matches the ground-truth in scope and mechanism: it promotes accurate understanding of climate change and its effects through publicity, school sub-readings, and lectures. While it omits minor phrasing such as 'creation of an environment,' 'via city media,' and 'delivery lectures,' the core commitment and delivery mechanisms are correctly captured with no contradiction or hallucination."
Hiroshima_JP,2,50,"Hiroshima City will advance adaptation measures focusing particularly on natural disaster/coast area, health, and people's life/city life, incorporating an additional 'adaptation' viewpoint into existing disaster prevention and healthcare measures, and steadily promoting selected effective measures from its FY2015 comprehensive strategy.",Adaptation,sub,"Build resilience against climate change by advancing measures in seven adaptation areas, especially natural disaster/coast area, health, and people’s life/city life.",Adaptation,parent,0,0.6357,False,False,True,"The extracted policy is directionally aligned with the ground truth on the main adaptation focus areas, correctly highlighting natural disaster/coast area, health, and people’s life/city life. However, it misses important specificity and mechanism from the ground truth: adding an explicit adaptation viewpoint into existing disaster prevention and healthcare measures, and steadily promoting selected effective measures from the FY2015 comprehensive strategy. It also introduces 'seven adaptation areas,' which cannot be verified from the provided ground truth and may be unsupported. Because the core intent is captured but key delivery details are omitted or altered, this is a partial match."
Hiroshima_JP,3,51,"As adaptation measures for increased short-time heavy rain, Hiroshima City will implement city renovation for disaster prevention, construct a disaster information sharing system, and enhance disaster information delivery systems.",Adaptation,sub,"Respond to increased short-duration heavy rain through disaster-prevention city renovation, disaster information sharing systems, and enhanced disaster information delivery systems.",Adaptation,sub,1,0.7701,True,True,True,"The extracted policy matches the ground-truth closely in scope and mechanism: it addresses increased short-duration/heavy rain and includes all three measures—disaster-prevention city renovation, disaster information sharing systems, and enhanced disaster information delivery systems. Although the source document excerpt is not provided, relative to the ground-truth there is no material omission or contradiction. The commitment strength is slightly less explicit because it omits 'Hiroshima City will implement/construct/enhance,' but the substantive policy content is preserved accurately."
Hiroshima_JP,4,52,"As adaptation measures for health impacts from temperature rise, Hiroshima City will publicize heat disorder risks and provide information for heat disorder prevention.",Adaptation,sub,Provide publicity and information on prevention of heat disorder caused by temperature rise.,Adaptation,sub,1,0.7188,True,True,True,"The extracted policy matches the ground-truth closely in scope and mechanism: it commits to publicizing heat disorder risks and providing prevention information related to temperature rise. While it condenses the phrasing and omits the explicit mention of 'health impacts' and 'Hiroshima City,' the core commitment and delivery mechanism are preserved without contradiction. No quantified targets or deadlines exist in the ground truth, so none are missing."
Hiroshima_JP,5,53,"As heat/heat-island adaptation measures, Hiroshima City will create a water and green network through conservation/creation of public open spaces and promote roof and wall greening of buildings (including via the green promotion system).",Adaptation,sub,"Counter heat and heat-island effects by conserving and creating public open space, water and green networks, and rooftop and wall greening.",Nature-Based Solutions,sub,1,0.7166,True,True,False,"The extracted policy matches the ground-truth closely in scope and mechanisms: it includes conserving/creating public open space, creating water and green networks, and rooftop/wall greening as heat and heat-island countermeasures. It is slightly less specific because it omits Hiroshima City as the actor and the parenthetical reference to promotion via the green promotion system, but the core commitment and delivery measures are captured accurately with no contradiction."
Hiroshima_JP,6,54,Hiroshima City will cooperate with the state and universities to consider a system to learn and evaluate climate change effects to time and advance adaptation measures appropriately.,Adaptation,sub,Cooperate with the national government and universities to consider a system for learning and evaluating climate change effects.,Adaptation,sub,0,0.6709,False,True,True,"The extracted policy matches the core action and actors in the ground truth: cooperation with the national/state government and universities to consider a system for learning and evaluating climate change effects. However, it omits the purpose and mechanism detail that this is intended to help advance adaptation measures in a timely/appropriate way. With no source excerpt provided, this is directionally correct but less specific than the ground truth."
Hiroshima_JP,14,55,"For government operations, Hiroshima City sets targets to reduce greenhouse gas emissions by FY2020 by 5% in the city area and 5.1% for the city office (vs FY2013), and by FY2030 by 30% for both city area and city office (vs FY2013).",Mitigation,individual,"Reduce greenhouse gas emissions from city government operations by 5.1% from FY2013 levels by FY2020 and 30% by FY2030, with source-specific short-term targets.",Mitigation,individual,0,0.7601,False,True,True,"The extracted policy is directionally correct for the city office/government operations targets: it captures the 5.1% reduction by FY2020 and 30% by FY2030 relative to FY2013. However, it omits the separate city-area targets (5% by FY2020 and 30% by FY2030), so it does not fully match the ground-truth scope. It also adds ""source-specific short-term targets,"" which is not supported by the provided ground-truth. Because it is partially accurate but incomplete and slightly embellished, the appropriate grade is 0."
Hong_Kong_HK,0,2,Parent strategy: Net-zero electricity generation (long-term target of net-zero carbon emissions in electricity generation before 2050) by increasing use of zero-carbon energy and pursuing suitable supply options.,Mitigation,parent,"Achieve net-zero electricity generation before 2050 through zero-carbon electricity, renewable energy, new energy sources and regional cooperation.",Mitigation,individual,1,0.7416,True,False,True,"The extracted policy aligns closely with the ground-truth: it preserves the core target of achieving net-zero electricity generation before 2050 and reflects the delivery approach of expanding zero-carbon energy and pursuing additional supply options. While it paraphrases 'suitable supply options' as 'renewable energy, new energy sources and regional cooperation,' this remains consistent in scope and intent rather than contradictory. Commitment strength and deadline are retained, so this is a strong match."
Hong_Kong_HK,1,3,"By 2035, Hong Kong will cease using coal for daily electricity generation and keep coal only for backup; coal will be replaced by natural gas and zero-carbon energy (including renewables and nuclear).",Mitigation,sub,"Cease using coal for daily electricity generation by 2035, retaining coal only for backup support.",Mitigation,individual,0,0.7011,False,False,True,"The extracted policy matches the core commitment and deadline: cease using coal for daily electricity generation by 2035 and retain coal only for backup. However, it omits the replacement mechanism specified in the ground truth—namely that coal will be replaced by natural gas and zero-carbon energy, including renewables and nuclear. Because the main target is correct but an important delivery detail is missing, this is directionally correct but not fully specific."
Hong_Kong_HK,2,4,"Hong Kong will increase the share of renewable energy in the electricity generation fuel mix from less than 1% to 7.5–10% by 2035, and to 15% before 2050.",Mitigation,sub,Increase renewable energy in the electricity fuel mix to 7.5% to 10% by 2035 and 15% subsequently.,Mitigation,individual,0,0.7038,False,False,True,"The extracted policy captures the main quantified target of increasing renewable energy in the electricity fuel mix to 7.5–10% by 2035 and 15%, which is directionally aligned with the ground truth. However, it omits key specificity: the baseline ('from less than 1%') and weakens the second deadline from 'before 2050' to the vaguer 'subsequently.' Commitment scope is otherwise accurate, but the missing timing detail prevents a full match."
Hong_Kong_HK,3,11,"The Government will incorporate renewable energy technologies in all capital works projects, update the Green Government Buildings circular, and increase required roof space for installing RE systems in new government buildings from 10% to 25%, while continuing RE installation in existing government buildings where possible.",Mitigation,sub,Require renewable-energy technologies in government capital works and raise new government building roof-space provision for RE systems from 10% to 25%.,Mitigation,individual,1,0.8637,True,False,True,"The extracted policy matches the core commitment and key quantified detail in the ground truth: it requires renewable-energy technologies in government capital works and correctly states the increase in roof-space provision for RE systems in new government buildings from 10% to 25%. It is slightly less complete because it omits updating the Green Government Buildings circular and continuing installations in existing government buildings where possible, but the main scope, commitment, and target are captured accurately rather than softened."
Hong_Kong_HK,4,12,"WSD plans to install larger floating solar systems (5–10 MW each) at multiple reservoirs and is studying a >100 MW floating solar system at Plover Cove Reservoir, targeted to generate over 100 million kWh/year.",Mitigation,sub,Install 5-10 MW floating solar systems at reservoirs and study an over-100 MW floating solar system at Plover Cove Reservoir.,Mitigation,individual,1,0.8224,True,False,True,"The extracted policy matches the ground-truth closely in scope and specificity: it includes installing 5–10 MW floating solar systems at reservoirs and studying an over-100 MW system at Plover Cove Reservoir. It preserves the core commitment and key quantified capacities. The only omission is the target generation figure of over 100 million kWh/year, but the main policy commitment and mechanism are accurately captured."
Hong_Kong_HK,5,16,The Government and power companies will enhance regional cooperation to identify and invest in zero-carbon energy sources/projects in neighbouring regions through joint investment and development.,Mitigation,sub,Seek regional cooperation and joint investment opportunities for zero-carbon energy projects near Hong Kong.,Mitigation,individual,0,0.7334,False,False,True,"The extracted policy is directionally aligned with the ground truth: it mentions regional cooperation and joint investment opportunities for zero-carbon energy projects in nearby regions, which matches the general intent. However, it is less specific and weaker in commitment. It omits the identified actors ('The Government and power companies'), the stronger action to 'enhance' cooperation, and the mechanism of both 'identify and invest in' projects 'through joint investment and development.' 'Seek' is more aspirational and softer than the ground-truth commitment."
Hong_Kong_HK,7,21,Hong Kong will reduce electricity consumption of new and existing commercial buildings by 15–20% and residential buildings by 10–15% by 2035 (baseline: 2015 operational conditions).,Mitigation,sub,Reduce electricity consumption of commercial buildings by 15% to 20% and residential buildings by 10% to 15% by 2035.,Resource Efficiency,individual,0,0.7487,False,False,False,"The extracted policy captures the main quantified targets and the 2035 deadline for commercial (15–20%) and residential (10–15%) buildings. However, it omits important specificity from the ground truth: the scope includes both new and existing commercial buildings, and the baseline is explicitly 2015 operational conditions. It also slightly softens the framing by not reflecting the jurisdictional commitment ('Hong Kong will'). Directionally correct, but missing key scope/baseline details."
Hong_Kong_HK,6,23,"Parent strategy: Energy saving and green buildings, with targets to cut building electricity consumption and strengthen regulations and tools to improve energy performance.",Mitigation,parent,Explore expanding energy-efficiency regulation to high-energy-consuming buildings including data centres.,Resource Efficiency,individual,0,0.67,False,False,False,"The extracted policy is directionally aligned with the ground-truth’s focus on strengthening building energy-efficiency regulation, especially for high-energy-consuming buildings. However, it is much narrower in scope and weaker in commitment: 'Explore expanding' is aspirational and tentative, whereas the ground-truth includes a broader parent strategy with targets to cut building electricity consumption and use regulations/tools to improve energy performance. The extract omits quantified targets, deadlines, and the broader building-sector scope, so it is only a partial, vague match."
Hong_Kong_HK,8,24,The Government plans to tighten statutory OTTV standards by 2025 and complete RTTV reviews by 2023 and 2030; new government buildings will have OTTV at least 10% above statutory standards.,Mitigation,sub,"Review and tighten OTTV and RTTV standards for commercial, hotel and residential buildings.",Resource Efficiency,individual,0,0.7068,False,False,False,"The extracted policy matches the general intent of reviewing and tightening OTTV/RTTV standards, but it is too vague compared with the ground truth. It omits the key deadlines (tighten OTTV by 2025; RTTV reviews by 2023 and 2030) and the specific additional commitment that new government buildings will achieve OTTV at least 10% above statutory standards. It also adds building categories not present in the ground-truth wording. Directionally correct, but missing important specificity and scope details."
Hong_Kong_HK,10,25,"The Government will consider more frequent energy audits and mandating implementation of identified energy management opportunities, strengthen promotion of retro-commissioning, and consider requiring large commercial buildings to regularly commission key systems.",Mitigation,sub,"Consider more frequent energy audits, mandatory energy-management opportunities and regular commissioning for large commercial buildings.",Resource Efficiency,individual,1,0.878,True,False,False,"The extracted policy matches the ground-truth closely in scope and commitment strength. It captures the key elements: considering more frequent energy audits, mandating implementation of identified energy management opportunities, and regular commissioning for large commercial buildings. While it omits the retro-commissioning promotion detail and slightly compresses the phrasing, the core commitments and conditional/consider language are substantially preserved without contradiction."
Hong_Kong_HK,11,28,"The Government will keep the Mandatory Energy Efficiency Labelling Scheme (MEELS) under review, consider setting minimum energy efficiency requirements for specified appliances before supply in Hong Kong, and consider expanding MEELS to non-domestic/commercial appliances.",Mitigation,sub,"Keep MEELS under review, upgrade grading standards, consider minimum efficiency requirements and expand coverage to non-domestic or commercial appliances.",Resource Efficiency,individual,1,0.7385,True,False,False,"The extracted policy matches the ground-truth closely in scope and commitment: it keeps MEELS under review, considers minimum energy efficiency requirements, and expands coverage to non-domestic/commercial appliances. The added phrase about upgrading grading standards is extra and not stated in the ground-truth, but it does not materially contradict it. Although both formulations are somewhat non-binding and lack quantified targets or deadlines, the extraction preserves the same aspirational commitment and core mechanisms."
Hong_Kong_HK,9,30,The Government will study adding district cooling systems (DCS) in more new development areas (including Hung Shui Kiu/Ha Tsuen and artificial islands in Central Waters).,Resource Efficiency,sub,Expand district cooling systems in more new development areas and optimise them using big data and artificial intelligence.,Resource Efficiency,individual,0,0.6431,False,False,True,"The extracted policy is directionally aligned with the ground-truth on expanding district cooling systems to more new development areas. However, it misses the weaker commitment strength in the source/ground-truth ('will study adding' rather than directly 'expand'), omits the specific example areas (Hung Shui Kiu/Ha Tsuen and artificial islands in Central Waters), and adds an unsupported mechanism ('optimise them using big data and artificial intelligence') not present in the ground-truth. This makes it broadly correct in intent but imprecise and partly hallucinated."
Hong_Kong_HK,21,31,The Government has set a Green Energy Target to improve the energy performance of the Government by 6% by 2024-25.,Mitigation,individual,Improve whole-government energy performance by 6% by 2024-25 under the Green Energy Target.,Resource Efficiency,individual,1,0.8628,True,True,False,"The extracted policy matches the ground-truth closely in scope, target, and deadline: it specifies a whole-of-government/government-wide energy performance improvement of 6% by 2024-25 under the Green Energy Target. Commitment strength is consistent with the ground-truth framing. The wording is slightly paraphrased but preserves the core commitment accurately."
Hong_Kong_HK,12,33,"Parent strategy: Green transport, aiming for zero carbon emissions from vehicles and the transport sector before 2050 through electrification, new energy transport, and traffic management measures.",Mitigation,parent,"Achieve zero carbon emissions from vehicles and the transport sector before 2050 through electrification, new energy transport and traffic management.",Mitigation,individual,1,0.7926,True,False,True,"The extracted policy matches the ground-truth closely in scope, target, and mechanisms: it aims for zero carbon emissions from vehicles and the transport sector before 2050 and includes electrification, new energy transport, and traffic management. The wording is essentially equivalent, with only a minor omission of 'aiming for,' which does not materially change the policy content."
Hong_Kong_HK,13,34,Hong Kong targets ceasing new registration of fuel-propelled and hybrid private cars in 2035 or earlier.,Mitigation,sub,Cease new registration of fuel-propelled and hybrid private cars in 2035 or earlier and expand EV charging infrastructure.,Mitigation,individual,0,0.7594,False,False,True,"The extraction correctly captures the core target and timeline: ceasing new registration of fuel-propelled and hybrid private cars in 2035 or earlier. However, it adds an extra element—expanding EV charging infrastructure—that is not present in the ground-truth policy. Because the main commitment matches but includes unsupported additional content, this is directionally correct but not an exact match."
Hong_Kong_HK,14,40,The Government will partner with sectors to test electric and new energy public transport and commercial vehicles and aims to set a more concrete way forward and timetable around 2025; it will review EV charging installation targets around 2025.,Mitigation,sub,Test electric and new-energy public transport and commercial vehicles and set a concrete way forward and timetable around 2025.,Mitigation,individual,0,0.7879,False,False,True,"The extracted policy captures the main intent to test electric and new-energy public transport and commercial vehicles and to set a more concrete way forward and timetable around 2025. However, it omits two specific elements from the ground truth: the government's commitment to partner with sectors as the delivery mechanism, and the separate commitment to review EV charging installation targets around 2025. Because it is directionally correct but missing key mechanism and an additional policy component, the match is only partial."
Hong_Kong_HK,15,41,"The Government plans to collaborate with franchised bus companies and stakeholders in the next three years to test hydrogen fuel cell electric buses and heavy vehicles, supported by an interdepartmental working group on hydrogen energy.",Mitigation,sub,Test hydrogen fuel cell electric buses and heavy vehicles with franchised bus companies and stakeholders over the next three years.,Mitigation,individual,1,0.7951,True,False,True,"The extracted policy closely matches the ground-truth in scope, target, and timeline: it covers testing hydrogen fuel cell electric buses and heavy vehicles, with franchised bus companies and stakeholders, over the next three years. The only omitted detail is that this is a government plan supported by an interdepartmental working group on hydrogen energy, but the core commitment and delivery context are still captured accurately enough for a full match."
Hong_Kong_HK,16,43,"The Government will subsidise ferry operators to trial electric and hybrid ferries and will explore progressively replacing traditional ferries with new energy ferries before 2035, subject to trial results and technology.",Mitigation,sub,Subsidise ferry operators to trial electric and hybrid ferries and explore replacing traditional ferries with new-energy ferries before 2035.,Mitigation,individual,1,0.8886,True,False,True,"The extracted policy matches the ground-truth closely in scope, timing, and mechanism. It correctly captures subsidising ferry operators to trial electric and hybrid ferries and exploring replacement of traditional ferries with new-energy ferries before 2035. The omission of 'progressively' and the qualification 'subject to trial results and technology' slightly reduces nuance, but the core commitment and target are preserved accurately rather than materially changed."
Hong_Kong_HK,17,45,"The Government will roll out a Free-flow Tolling System at government tolled tunnels and press ahead with congestion charging, with preliminary proposals to be drawn up in 2022.",Mitigation,sub,Pursue free-flow tolling and congestion charging to improve road network efficiency and reduce congestion emissions.,Resource Efficiency,individual,0,0.6992,False,False,False,"The extracted policy matches the general direction of the ground-truth by identifying free-flow tolling and congestion charging. However, it is less specific and weaker in commitment: it omits that the Free-flow Tolling System will be rolled out specifically at government tolled tunnels, and misses the concrete timeline that preliminary proposals for congestion charging are to be drawn up in 2022. It also adds rationale about improving efficiency and reducing emissions that is not present in the ground-truth. So it is directionally correct but vague and incomplete rather than a full match."
Hong_Kong_HK,18,52,"Parent strategy: Waste reduction, aiming to move away from reliance on landfills for municipal waste disposal by 2035 and support carbon neutrality in waste management.",Mitigation,parent,Move away from reliance on landfills for municipal waste disposal by 2035 through adequate waste-to-energy facilities.,Mitigation,individual,0,0.7627,False,False,True,"The extracted policy matches the core direction and deadline of the ground-truth: moving away from reliance on landfills for municipal waste disposal by 2035. However, it adds a specific delivery mechanism—'through adequate waste-to-energy facilities'—that is not present in the ground-truth provided, and it omits the broader parent-strategy context of supporting carbon neutrality in waste management. Because the main target is correct but the mechanism is unsupported and the full scope is incomplete, this is directionally correct but imprecise."
Hong_Kong_HK,19,55,Hong Kong aims to reduce per capita municipal solid waste disposal by 40–45% and raise the recovery rate to about 55% through MSW charging and other waste reduction and recycling initiatives.,Mitigation,sub,Implement municipal solid waste charging and waste-reduction initiatives to reduce per capita MSW disposal by 40% to 45% and raise recovery rate to about 55%.,Resource Efficiency,individual,1,0.7523,True,False,False,"The extracted policy closely matches the ground-truth on scope, targets, and mechanisms. It correctly includes municipal solid waste charging and waste-reduction initiatives, the quantified target to reduce per capita MSW disposal by 40–45%, and the recovery rate target of about 55%. Commitment strength is effectively equivalent to the source intent, with no material omissions or contradictions."
Hong_Kong_HK,20,59,The Government will enhance recovery of landfill gases from the three operating landfills to provide thermal energy and electricity for landfill operations and export to gas company/power grids.,Mitigation,sub,Enhance recovery of landfill gases from the three operating landfills for thermal energy and electricity.,Mitigation,individual,0,0.8794,False,False,True,"The extracted policy matches the core action and scope: enhancing recovery of landfill gases from the three operating landfills for thermal energy and electricity. However, it omits a key delivery/mechanism detail from the ground truth: that the energy is for landfill operations and export to gas company/power grids. With no source excerpt to verify wording or strength, this is directionally correct but less specific than the reference policy."
Hong_Kong_HK,22,83,"WSD targets reducing average fresh water per capita consumption by 10% in 2030 (base year 2016) and containing fresh water demand at around 1 billion m³ per annum before 2040, via water conservation, water loss management, and expanded use of seawater/recycled water for non-potable purposes.",Resource Efficiency,individual,Reduce average fresh-water per capita consumption by 10% by 2030 from 2016 and contain demand at around 1 billion m³ per year before 2040.,Resource Efficiency,individual,0,0.7516,False,True,True,"The extracted policy correctly captures the two key quantified targets and timelines: a 10% reduction in per-capita fresh water consumption by 2030 relative to 2016, and containing demand at around 1 billion m³ per year before 2040. However, it omits the delivery mechanisms in the ground truth—water conservation, water loss management, and expanded use of seawater/recycled water for non-potable purposes. With no source excerpt provided to verify wording or commitment strength, this is directionally accurate but incomplete on specificity."
Hong_Kong_HK,23,87,"The Tseung Kwan O Desalination Plant (first stage) is targeted to be commissioned in 2023 with capacity about 135,000 m³/day (about 5% of overall fresh water demand) and provision to expand to 270,000 m³/day.",Adaptation,individual,"Construct the first stage of Tseung Kwan O Desalination Plant by 2023 with 135,000 m³/day capacity and expansion to 270,000 m³/day.",Adaptation,individual,1,0.9056,True,True,True,"The extracted policy closely matches the ground-truth on timing, scope, and quantitative detail: it identifies the first stage of the Tseung Kwan O Desalination Plant, the 2023 deadline, initial capacity of 135,000 m³/day, and expansion to 270,000 m³/day. The only minor omission is the contextual detail that 135,000 m³/day is about 5% of overall fresh water demand and that the ground-truth says 'targeted to be commissioned' rather than 'construct ... by 2023,' but these do not materially change the core commitment."
Indonesia_ID,17,0,Indonesia commits to an updated First NDC target of 29% (unconditional) and up to 41% (conditional) GHG reduction versus BAU by 2030.,Mitigation,individual,Reduce Indonesia's GHG emissions by 29% unconditionally and up to 41% conditionally compared with business-as-usual by 2030 under the First NDC.,Mitigation,individual,1,0.8446,True,True,True,"The extracted policy matches the ground-truth closely in scope, target, conditions, and deadline: 29% unconditional and up to 41% conditional GHG reduction versus BAU by 2030 under the First NDC. It preserves the key quantified targets and timeframe without contradiction. Although the source excerpt is not provided, relative to the ground-truth this is a precise match."
Indonesia_ID,0,8,"AFOLU-related policies and measures supporting REDD+ and forest governance include a peatland license moratorium, mandatory sustainable forest management certification, strategic environmental assessments (SEAs) via landscape approach, environmental economic instruments, and establishment of the Environmental Fund Management Agency (BPDLH).",Nature-Based Solutions,parent,"Implement forest-governance policies and measures supporting REDD+ and low-carbon development, including peatland licensing restrictions, mandatory forest certification, strategic environmental assessments, environmental economic instruments, and the Environmental Fund Management Agency.",Nature-Based Solutions,parent,1,0.8241,True,True,True,"The extracted policy closely matches the ground-truth in scope and mechanisms. It correctly captures REDD+/forest-governance measures and includes the key elements: peatland licensing restrictions/moratorium, mandatory forest certification, strategic environmental assessments, environmental economic instruments, and the Environmental Fund Management Agency. The added phrase 'low-carbon development' slightly broadens framing, and it omits some specificity such as 'sustainable forest management,' 'via landscape approach,' and the agency acronym BPDLH, but these do not materially change the core commitment. No contradiction is present."
Indonesia_ID,1,9,Terminate issuance of new licenses on peatland under Presidential Instruction No. 5/2019.,Nature-Based Solutions,sub,Terminate new license issuance on peatland under Presidential Instruction No. 5/2019.,Mitigation,sub,1,0.9428,True,True,False,The extracted policy matches the ground-truth exactly in scope and mechanism: it refers to terminating issuance of new licenses on peatland under Presidential Instruction No. 5/2019. The wording is slightly compressed ('Terminate new license issuance' vs. 'Terminate issuance of new licenses') but there is no substantive loss of meaning. No contradiction or missing key detail is apparent.
Indonesia_ID,2,10,Implement mandatory certification for sustainable forest management.,Nature-Based Solutions,sub,Implement mandatory certification for sustainable forest management.,Nature-Based Solutions,sub,1,1.0,True,True,True,"The extracted policy exactly matches the ground-truth policy in scope, commitment strength, and mechanism: both state 'Implement mandatory certification for sustainable forest management.' Although no source excerpt is provided to verify against original document wording, the extraction fully aligns with the stated ground truth."
Indonesia_ID,3,11,"Apply Government Regulation No. 46/2016 on Strategic Environmental Assessments (SEAs) using a landscape approach to secure food, water, and energy security based on sound ecosystem management.",Nature-Based Solutions,sub,"Use strategic environmental assessments through a landscape approach to secure food, water and energy security based on ecosystem management.",Nature-Based Solutions,sub,1,0.7254,True,True,True,"The extracted policy closely matches the ground-truth in scope and mechanism: it calls for using strategic environmental assessments via a landscape approach to secure food, water, and energy security based on ecosystem management. Although it omits the specific legal instrument reference ('Apply Government Regulation No. 46/2016'), the core commitment and delivery approach are preserved without contradiction. With no source excerpt provided, there is no basis to penalize further."
Indonesia_ID,4,12,Implement Government Regulation No. 46/2017 on Environmental Economic Instruments.,Mitigation,sub,Implement environmental economic instruments under Government Regulation No. 46/2017.,Mitigation,sub,1,0.9103,True,True,True,"The extracted policy matches the ground-truth almost exactly in scope and mechanism: it commits to implementing environmental economic instruments under Government Regulation No. 46/2017. There are no quantified targets or deadlines in the ground truth, and none are invented in the extraction. Commitment strength is preserved through the same implementation framing."
Indonesia_ID,5,13,Establish the Environmental Fund Management Agency (BPDLH) via Presidential Regulation No. 77/2018.,Mitigation,sub,Establish the Environmental Fund Management Agency (BPDLH) under Presidential Regulation No. 77/2018.,Mitigation,sub,1,0.9894,True,True,True,"The extracted policy matches the ground-truth exactly in substance: it establishes the Environmental Fund Management Agency (BPDLH) and correctly cites Presidential Regulation No. 77/2018. The wording difference ('under' vs. 'via') does not change scope, commitment, or specificity."
Indonesia_ID,6,15,"In forestry and other land uses, Indonesia identifies actions required to reduce emissions and achieve net sink (2050 under CPOS; 2030 under LCCP), including reducing deforestation/peat emissions, increasing sequestration via reduced degradation and enhanced regeneration, peatland restoration, forest restoration/sink enhancement, sustainable forest management, and maximizing use of unproductive lands.",Nature-Based Solutions,parent,Implement forestry and other land-use actions to reduce emissions and turn the sector into a net sink by 2050 under CPOS and by 2030 under LCCP.,Nature-Based Solutions,parent,0,0.7363,False,True,True,"The extracted policy matches the core scope and headline target of the ground truth: forestry and other land-use actions to reduce emissions and achieve a net sink, with the same timelines (2050 under CPOS; 2030 under LCCP). However, it omits the specific delivery mechanisms/actions listed in the ground truth, such as reducing deforestation and peat emissions, increasing sequestration through reduced degradation and regeneration, peatland restoration, forest restoration/sink enhancement, sustainable forest management, and use of unproductive lands. With no source excerpt provided, accuracy cannot be further verified, so this is directionally correct but underspecified rather than a full match."
Indonesia_ID,7,16,Reduce emissions from deforestation and peatland (peat decomposition and peat fire).,Nature-Based Solutions,sub,"Reduce emissions from deforestation and peatland, including peat decomposition and peat fire.",Mitigation,sub,1,0.9724,True,True,False,"The extracted policy matches the ground-truth exactly in scope and specificity: it covers reducing emissions from deforestation and peatland, explicitly including peat decomposition and peat fire. There is no contradiction or missing core element relative to the ground-truth."
Indonesia_ID,8,17,Increase natural forest carbon sequestration capacity by reducing degradation and enhancing regeneration.,Nature-Based Solutions,sub,Increase natural forest carbon sequestration by reducing degradation and enhancing regeneration.,Nature-Based Solutions,sub,1,0.992,True,True,True,"The extracted policy matches the ground-truth exactly in scope and mechanism, with only a negligible omission of the word 'capacity' that does not change the substantive meaning. Both state increasing natural forest carbon sequestration through reducing degradation and enhancing regeneration. No source excerpt is provided to assess against document wording, but relative to the ground truth this is a precise match."
Indonesia_ID,9,18,Restore peatland.,Nature-Based Solutions,sub,Restore peatland as part of the FOLU emissions-reduction and net-sink pathway.,Nature-Based Solutions,sub,0,0.7682,False,True,True,"The extracted policy matches the core action in the ground truth: restoring peatland. However, it adds contextual framing ('as part of the FOLU emissions-reduction and net-sink pathway') that is not present in the ground-truth statement, and no source excerpt is provided to verify that framing. Since the core policy is correct but the added mechanism/context cannot be confirmed, this is directionally correct but somewhat imprecise rather than an exact match."
Indonesia_ID,10,19,Implement forest restoration (enrichment planting/sink enhancement).,Nature-Based Solutions,sub,Implement forest restoration through enrichment planting and sink enhancement.,Nature-Based Solutions,sub,1,0.9527,True,True,True,"The extracted policy matches the ground-truth exactly in scope and mechanism: it specifies forest restoration through enrichment planting and sink enhancement. There is no conflict or added hallucinated detail. Although no source excerpt is provided to verify against original document language or commitment strength, relative to the ground-truth this is a precise match."
Indonesia_ID,11,20,Adopt sustainable forest management practices.,Nature-Based Solutions,sub,Adopt sustainable forest management practices in production forests.,Nature-Based Solutions,sub,1,0.9143,True,True,True,"The extracted policy matches the ground-truth policy closely. It preserves the same core commitment—adopting sustainable forest management practices—and adds a plausible scope qualifier ('in production forests') without changing or contradicting the underlying intent. Since the source document excerpt is not provided, there is no basis to assess contradiction against the source. The extraction is at least as specific as the ground truth and remains accurate."
Indonesia_ID,12,21,Maximize the use of unproductive (idle) lands for establishing forest and agriculture plantations.,Nature-Based Solutions,sub,Maximize use of unproductive idle lands for forest and agriculture plantations.,Resource Efficiency,sub,1,0.97,True,True,False,"The extracted policy matches the ground-truth policy almost verbatim in scope and commitment: it calls to maximize the use of unproductive/idle lands for establishing forest and agriculture plantations. There are no quantified targets, deadlines, or mechanisms in the ground truth, and none are needed for a full match here. No contradiction or hallucination is present."
Indonesia_ID,14,22,"Ban conversion of forested land (productive production forest) in forest areas for APL, except where non-forested lands in production forest are not available, under Government Regulation No. 104/2015.",Nature-Based Solutions,sub,"Ban conversion of forested productive production forest to other land uses under Government Regulation No. 104/2015, with limited exceptions.",Mitigation,individual,1,0.8407,True,False,False,"The extracted policy closely matches the ground-truth in scope and commitment: it identifies a ban on converting forested productive production forest to other land uses under Government Regulation No. 104/2015 and notes limited exceptions. While it does not spell out the specific exception ('except where non-forested lands in production forest are not available') or explicitly mention APL, 'other land uses' and 'limited exceptions' accurately preserve the core policy intent without contradiction. Given the lack of source excerpt, this is a strong substantive match."
Indonesia_ID,19,23,"In RPJMN 2020–2024, Indonesia expands forest areas that need to be protected based on ecosystem services from 51.8 Mha to 65.3 Mha (inside and outside forest areas).",Nature-Based Solutions,individual,Expand forest area protected for ecosystem-service value from 51.8 Mha to 65.3 Mha in the RPJMN 2020-2024.,Nature-Based Solutions,individual,1,0.8137,True,True,True,"The extracted policy matches the ground-truth closely on scope, target, and timeframe: it identifies expansion of protected forest area based on ecosystem-service value from 51.8 Mha to 65.3 Mha in RPJMN 2020–2024. The wording is slightly compressed and omits the clarifying phrase 'inside and outside forest areas,' but there is no contradiction and the core quantified commitment is captured accurately and specifically."
Indonesia_ID,21,26,Develop integrated oil palm–livestock farming with targets: CPOS 11.70% (1.68 Mha) by 2030 and 22.72% (3.25 Mha) by 2050; LCCP 21.11% (3.02 Mha) by 2030 and 34.33% (4.91 Mha) by 2050.,Mitigation,individual,Increase enhanced natural regeneration and forest restoration in production forests to about 1.70 Mha after 2030 and 8.8 Mha by 2050 under LCCP.,Nature-Based Solutions,individual,-1,0.6658,False,True,False,"The extracted policy does not match the ground-truth policy. The ground truth is about developing integrated oil palm–livestock farming with specific CPOS and LCCP percentage and area targets for 2030 and 2050. The extracted policy instead discusses enhanced natural regeneration and forest restoration in production forests, with different area targets and no oil palm–livestock integration. This is a different policy area and therefore not a meaningful match."
Indonesia_ID,15,27,Terminate new permits and improve primary natural forest and peatland governance under Presidential Instruction No. 5/2019.,Nature-Based Solutions,sub,Protect peatland and prohibit new permits for peatland use under Presidential Instruction No. 5/2019.,Mitigation,individual,0,0.7843,False,False,False,"The extracted policy partially matches the ground truth: it correctly identifies a prohibition on new permits and references Presidential Instruction No. 5/2019, and it captures peatland protection. However, it omits the commitment to improve governance and narrows the scope from both primary natural forest and peatland to only peatland. With no source excerpt provided, this is directionally correct but incomplete in scope and mechanism."
Indonesia_ID,20,29,Indonesia sets peatland restoration targets: CPOS 1.03 Mha by 2030 and 1.7 Mha by 2050; LCCP 2.7 Mha by 2030 and 4.2 Mha by 2050.,Nature-Based Solutions,individual,Increase degraded peatland restoration under LCCP to 2.7 Mha by 2030 and 4.2 Mha by 2050.,Nature-Based Solutions,individual,0,0.742,False,True,True,"The extracted policy correctly captures the LCCP peatland restoration targets of 2.7 Mha by 2030 and 4.2 Mha by 2050, matching part of the ground truth with good specificity on quantities and deadlines. However, it omits the CPOS targets (1.03 Mha by 2030 and 1.7 Mha by 2050), so it does not fully match the full scope of the ground-truth policy. With no source excerpt provided, accuracy cannot be further verified against document language. Overall this is directionally correct but incomplete."
Indonesia_ID,18,76,"Indonesia sets an adaptation pathways goal to reduce climate change impacts on national GDP loss by 3.45% in 2050 by increasing resilience in food, water, energy, and environmental health across economic, social/livelihood, and ecosystem/landscape resilience areas.",Adaptation,individual,"Reduce the impact of climate change on national GDP loss by 3.45% in 2050 by increasing resilience in food, water, energy and environmental health.",Adaptation,individual,0,0.6934,False,True,True,"The extracted policy matches the main quantified target and deadline: reducing climate change impacts on national GDP loss by 3.45% in 2050, and it correctly includes the sectoral resilience areas of food, water, energy, and environmental health. However, it omits important specificity from the ground truth: this is framed as an adaptation pathways goal, and the resilience increase is meant to occur across economic, social/livelihood, and ecosystem/landscape resilience areas. With no source excerpt provided to verify wording, this is directionally correct but incomplete rather than a full match."
Italy_IT,2,24,Build the 400 kV 'Foggia–Villanova' and 'Deliceto–Bisaccia' power lines to increase exchange limits South→Central Southern and encourage renewable generation in the South.,Mitigation,sub,"In terms of transmission infrastructure, the references are Terna S.p.A.'s development plans, which will be revised with a view to introducing additional measures, such as centralised storage systems, needed to ensure safe integration of renewable sources, and reducing...",Mitigation,individual,0,0.5979,False,False,True,"The extracted policy is directionally related to transmission infrastructure and renewable integration, but it does not capture the specific ground-truth commitment: building the 400 kV 'Foggia–Villanova' and 'Deliceto–Bisaccia' power lines, nor the purpose of increasing South→Central Southern exchange limits. Instead it speaks generally about revising Terna's development plans and adding measures like centralised storage. With no source excerpt provided to verify wording, this is at best a vague partial match lacking the concrete projects, targets, and mechanism."
Italy_IT,21,57,"From January 2020, when public administrations purchase or hire at least two vehicles to replace fleets, at least 50% must be electric, hybrid, or hydrogen-powered vehicles (within earmarked budget limits).",Mitigation,individual,"A compulsory requirement Is also envisaged for local authorities to ensure that, at the time of their renewal, their fleet of cars, buses and public service vehicles is made up of at least 25% electric vehicles or vehicles fuelled with LNG or CNG.",Resource Efficiency,individual,-1,0.6595,False,True,False,"The extracted policy does not match the ground-truth on key specifics. Ground-truth: from January 2020, public administrations replacing fleets by purchasing or hiring at least two vehicles must ensure at least 50% are electric, hybrid, or hydrogen-powered, subject to budget limits. Extracted: local authorities, at renewal, fleets of cars/buses/public service vehicles must be at least 25% electric or LNG/CNG-fuelled. This changes the obligated entities, threshold (25% vs 50%), eligible technologies (adds LNG/CNG, omits hybrid/hydrogen), and mechanism/scope. These are material contradictions, not a vague paraphrase."
Italy_IT,15,96,Italy confirms a target of at least 1.1 billion m³ of advanced biomethane from agricultural waste and OFMSW by 2030 for transport.,Mitigation,individual,increased use of biomethane in the transport sector.,Resource Efficiency,individual,0,0.5949,False,True,False,"The extracted policy is directionally aligned with the ground-truth because it refers to biomethane use in the transport sector. However, it omits all critical specifics: the quantified target (at least 1.1 billion m³), the feedstock scope (advanced biomethane from agricultural waste and OFMSW), the deadline (by 2030), and the stronger commitment wording ('confirms a target'). With no source excerpt provided, this cannot be verified further, but relative to the ground-truth it is too vague for a full match."
Italy_IT,14,136,"Italy targets installed renewable electricity capacities by 2030 including 52,000 MW solar and 19,300 MW wind (including 900 MW offshore), alongside other RES capacity targets.",Mitigation,individual,Italy plans to pursue the target of obtaining 30% of gross final consumption of energy from renewable sources in 2030 by defining a pathway of sustainable growth for renewable sources and the full integration thereof into the system.,Mitigation,individual,-1,0.7241,False,True,True,"The extracted policy does not match the ground-truth policy. The ground truth is specifically about 2030 installed renewable electricity capacity targets in Italy, including quantified MW targets for solar (52,000 MW) and wind (19,300 MW, including 900 MW offshore). The extracted policy instead refers to a different target: 30% of gross final energy consumption from renewables by 2030, with vague language about defining a pathway for integration. It misses the core commitment, the specific technology-level capacity targets, and the delivery specificity."
Italy_IT,13,139,"By 2030, Italy expects renewables shares of 55.0% in electricity, 33.9% in heating and cooling, and 22.0% in transport (RED II accounting).",Mitigation,individual,- -55.0% renewables share in the electricity sector; - -33.9% renewables share in the heating sector (for heating and cooling); - -22.0% with regard to the incorporation of renewables in the transport sector (calculated using the target accounting criteria established by RED II).,Resource Efficiency,individual,1,0.7429,True,True,False,"The extracted policy matches the ground-truth targets and sectoral scope: 55.0% electricity, 33.9% heating and cooling, and 22.0% transport using RED II accounting criteria. It preserves the quantified specificity and mechanism. The only omission is the explicit 'By 2030' timeframe and the 'Italy expects' phrasing, but the core commitment and detail align closely enough for a full match."
Italy_IT,7,198,Streamline the Valle del Piave medium network to reduce congestion and encourage renewable generation.,Mitigation,sub,"The significant penetration of renewables will require, first and foremost, an increased use of pre-existing pumping systems, thanks to planned network upgrades in the north of Italy, in addition to new systems in the same category.",Mitigation,individual,0,0.5621,False,False,True,"The extracted policy is directionally related to integrating renewables via network upgrades in northern Italy, which overlaps partially with the ground-truth aim of streamlining the Valle del Piave medium network to reduce congestion and support renewable generation. However, it does not mention the Valle del Piave medium network, congestion reduction, or streamlining specifically, and instead introduces increased use of pumping systems and new systems, which are not in the ground-truth. With no source excerpt to verify wording, this is only a vague partial match rather than a specific, accurate one."
Italy_IT,8,210,"Build 400 kV 'Paternò–Pantano–Priolo' and 'Chiaramonte Gulfi–Ciminna' power lines to improve interchangeability of resources in Sicily and between Sicily and the mainland, increase reliable operation, and encourage renewable generation.",Mitigation,sub,"- -electrification of some Italian storage and compression plants, transforming them into gas-electricity dual-fuel installations, reducing emissions, improving performance and, in effect, connecting the networks of the two TSOs to provide flexibility for the electricity...",Mitigation,individual,-1,0.6161,False,False,True,"The extracted policy does not match the ground-truth. The ground-truth is specifically about constructing two 400 kV transmission lines ('Paternò–Pantano–Priolo' and 'Chiaramonte Gulfi–Ciminna') in/for Sicily to improve interchangeability, reliability, and renewable integration. The extracted policy instead discusses electrification of storage and compression plants into dual-fuel gas-electricity installations and connecting TSO networks for flexibility. This is a different infrastructure measure, with different scope, mechanism, and purpose, and it omits the named power lines entirely."
Italy_IT,0,215,"Terna's Development Plan 2017 identifies priority development actions including overseas connections (HVDC Grand'Ile–Piossasco and Italy–Montenegro) and domestic grid projects to reduce congestion, increase safety/reliability in metropolitan areas, and improve quality and safety.",Mitigation,parent,"With reference to developments in the electrical transmission network, all of the measures established in Terna's Development and Defence Plan (which previously analysed scenarios involving strong growth in renewables and for which reference is made to Terna's 2017 and 2018...",Resource Efficiency,individual,0,0.7128,False,False,False,"The extracted policy is directionally related to Terna’s transmission network development plans, but it is too vague to match the ground truth with specificity. It references Terna’s Development and Defence Plan and mentions 2017/2018 planning, which aligns broadly with the source topic, but it does not capture the priority actions identified in the ground truth: the specific overseas HVDC links (Grand'Ile–Piossasco and Italy–Montenegro) or the domestic grid objectives to reduce congestion and improve safety/reliability. Commitment and mechanisms are therefore softened and underspecified rather than clearly matched."
Italy_IT,24,277,"Italy will complete the interconnection projects currently underway (Italy–France and Italy–Montenegro, first centre) by 2020 to contribute to achieving the 10% electricity interconnection target by 2020.",Mitigation,individual,"Italy has planned gradual termination of production of electricity with carbon by 2025, with the first significant step by 2023, compensated, in addition to the sharp increase in renewable energy, by a plan for changing infrastructures (to flexible generation, networks and...",Mitigation,individual,-1,0.6376,False,True,True,"The extracted policy does not match the ground-truth policy. Ground truth is specifically about completing Italy–France and Italy–Montenegro electricity interconnection projects by 2020 to help meet a 10% interconnection target. The extracted policy instead discusses phasing out carbon-based electricity by 2025, steps by 2023, renewables, and infrastructure changes. This is a different policy area, with different targets, timelines, and mechanisms, so there is no meaningful match."
Italy_IT,18,408,"Italy's PNIRE (National Plan for Electric Vehicle Charging Infrastructure) targets by 2020 include up to 13,000 slow/accelerated public charging stations and 6,000 fast charging stations, a 1:8 public-to-private ratio, and 130,000 electric vehicles in circulation, supported by a €72.2 million programme including €28.7 million government co-financing.",Mitigation,individual,-  National Plan for Electric Vehicle Charging Infrastructure (PNIRE),Mitigation,individual,0,0.7208,False,True,True,"The extracted policy correctly identifies the policy name (PNIRE), so it is directionally aligned with the ground-truth. However, it omits all substantive details needed for a full match: the 2020 targets (13,000 slow/accelerated public charging stations, 6,000 fast charging stations, 1:8 public-to-private ratio, 130,000 EVs) and the €72.2 million support programme with €28.7 million government co-financing. With no source excerpt provided, accuracy beyond the title cannot be verified, but relative to the ground-truth it is far too vague and underspecified for a full match."
Italy_IT,17,431,Italy will continue and enhance the Energy Renovation Programme for the Central Public Administration (PREPAC) for 2021-2030 and plans to renovate 3.2 million m² of central public administration buildings over 2021-2030 to meet the 3% annual renovation obligation.,Mitigation,individual,## · Programme for upgrading the energy efficiency of central government buildings (PREPAC ),Resource Efficiency,individual,0,0.6784,False,True,False,"The extracted policy correctly identifies the relevant programme (PREPAC) and its scope (energy efficiency upgrades of central government/public administration buildings), so it is directionally aligned with the ground truth. However, it omits the key specifics: continuation and enhancement for 2021-2030, the quantified target of renovating 3.2 million m², and the mechanism/obligation of meeting the 3% annual renovation requirement. With no source excerpt provided to verify exact wording, this is best graded as a vague but related match rather than a full match."
Italy_IT,16,433,"Italy will achieve cumulative end-use energy savings of about 50.98 Mtoe over 2021-2030 under EED Article 7, corresponding to annual incremental savings of 0.927 Mtoe/year and nearly 9.3 Mtoe/year by 2030, and will not use EED Article 7(2) options for 2021-2030.",Resource Efficiency,individual,The energy efficiency interventions facilitated by the cohesion policies are expected to result in a cumulative saving of 1.7 Mtoe of end-use energy by 2030.,Resource Efficiency,individual,-1,0.6385,False,True,True,"The extracted policy does not match the ground-truth policy. The ground truth is a specific EED Article 7 commitment for 2021-2030: cumulative end-use energy savings of about 50.98 Mtoe, annual incremental savings of 0.927 Mtoe/year, nearly 9.3 Mtoe/year by 2030, and a commitment not to use Article 7(2) options. The extracted policy instead refers to cohesion-policy-facilitated interventions yielding 1.7 Mtoe by 2030, which is a different scope, much smaller target, and omits the Article 7 mechanism and non-use of flexibilities. With no source excerpt provided to support equivalence, this is not a meaningful match."
Italy_IT,19,446,"Italy proposes to accelerate implementation of Article 18(10) of Legislative Decree 257/2016 requiring that, in provinces with high PM10 pollution, when public administrations and related entities replace fleets, 30% of new vehicles purchased are low-emission vehicles by 2022, at least 50% by 2025, and 85% by 2030; non-compliant public tenders remain void.",Mitigation,individual,"The Italian government then intends to promote a progressive reduction of motor vehicles with diesel and petrol engines, in order to limit polluting emissions and to meet the targets on climate change given in the Paris Agreement.",Resource Efficiency,individual,-1,0.7147,False,True,False,"The extracted policy does not match the ground-truth in specificity or mechanism. The ground-truth is a concrete legal requirement tied to Article 18(10) of Legislative Decree 257/2016, limited to high-PM10 provinces and public fleet replacement, with quantified thresholds (30% by 2022, 50% by 2025, 85% by 2030) and an enforcement mechanism (non-compliant tenders void). The extracted policy is only a vague aspiration to reduce diesel and petrol vehicles to limit emissions and meet Paris goals, with no targets, deadlines, scope, or binding tender-validity consequence."
Italy_IT,22,448,"From July 2020, Italy tightens fringe benefit taxation on newly registered company cars based on CO2 emissions, including higher tax rates for high-emitting vehicles and lower rates for vehicles below 60 gCO2/km.",Mitigation,individual,"For vehicles with emissions of over 160 g/km and up to 190 g/km, it increases to 40% (and 50% from 2021), whereas for all cars with emissions over 190 g/km it rises to 50% (and 60% from 2021).",Resource Efficiency,individual,0,0.5905,False,True,False,"The extracted policy captures part of the specific tax differentiation for higher-emitting company cars, including the emission bands and increased rates, which is directionally consistent with the ground-truth. However, it omits key elements of the full policy scope: the July 2020 start date, that it applies to newly registered company cars, that the measure is a tightening of fringe benefit taxation, and the lower rates for vehicles below 60 gCO2/km. Because it is accurate but incomplete and narrower than the ground-truth, the match is partial rather than full."
Italy_IT,23,483,"Italy’s Budget Law for 2018 obliges public bodies to redevelop public lighting systems by 31 December 2023, achieving at least a 50% reduction in electricity consumption relative to average 2015–2016.",Resource Efficiency,individual,"The Budget Law for 2020 assigns to the municipalities contributions of up to €500 million per year, for investment in public works for increasing energy efficiency, including public lighting, energy saving in publicly owned buildings and public housing, and the installation...",Mitigation,individual,-1,0.6636,False,True,False,"The extracted policy does not match the ground-truth policy in year, scope, commitment, or specificity. Ground-truth is a binding obligation in Italy’s 2018 Budget Law requiring public bodies to redevelop public lighting systems by 31 December 2023 and achieve at least a 50% reduction in electricity consumption versus the 2015–2016 average. The extracted policy instead describes a 2020 Budget Law funding measure for municipalities, with contributions for public works including public lighting and other energy-efficiency investments. It lacks the mandatory redevelopment obligation, the 2023 deadline, and the quantified 50% electricity-reduction target, and introduces a different mechanism (financial contributions) and broader scope."
Italy_IT,20,537,"Italy introduced in 2019 a subsidy of 30% of purchase price up to €3,000 for buyers of new electric or hybrid vehicles in categories L1e–L7e who scrap an older EURO 0–3 vehicle (owned/held at least 12 months), with implementing rules set by Ministerial Decree of 20 March 2019.",Mitigation,individual,"As well as the social bonuses, there are also two tax reductions which reduce, respectively, the excise due for the first 150 kWh of electricity consumed per month by Italian families and the price of fuel used for heating in Sardinia and in mountainous areas/small islands.",Resource Efficiency,individual,-1,0.5588,False,True,False,"The extracted policy does not match the ground-truth policy. The ground truth is a 2019 purchase subsidy for new electric or hybrid vehicles in categories L1e–L7e, covering 30% of the purchase price up to €3,000 conditional on scrapping an older EURO 0–3 vehicle, with rules set by Ministerial Decree of 20 March 2019. The extracted text instead describes tax reductions on household electricity excise and heating fuel prices in specific regions. This is a different policy area and contains none of the core commitment, target, eligibility, amount, or mechanism of the vehicle subsidy."
Italy_IT,1,592,Build the 400 kV 'Calenzano–Colunga' power line to increase exchange limits on the North–Central Northern section.,Mitigation,sub,- -400kV 'Calenzano - Colunga' power line to increase the exchange limits on the North Central Northern section; - -400 kV 'Foggia - Villanova' and 'Deliceto - Bisaccia' power lines to increase the exchange limits in the South - Central Southern direction and to encourage...,Mitigation,individual,1,0.8578,True,False,True,"The extracted policy explicitly includes the same core measure as the ground truth: building the 400 kV 'Calenzano–Colunga' power line, with the same stated purpose of increasing exchange limits on the North–Central Northern section. Specificity is preserved (named line, voltage level, mechanism, and affected section). Although the extraction includes additional projects beyond the ground-truth item, it does not contradict or weaken the matched policy."
Italy_IT,6,593,Build the 400 kV 'Udine–Redipuglia' power line to reduce constraints downstream of the Redipuglia junction that limit exchanges with Slovenia and affect use of local resources.,Mitigation,sub,"- -400 kV 'Udine - Redipuglia' power line to reduce constraints on the section of the network downstream of the Redipuglia junction, which currently limits exchanges with the Slovenian border and affects the use of locally produced resources; - -streamlining of the Valle del...",Mitigation,individual,1,0.8912,True,False,True,"The extracted policy clearly matches the ground-truth on the core commitment and mechanism: construction of the 400 kV 'Udine–Redipuglia' power line. It also preserves the specific purpose and scope—reducing constraints downstream of the Redipuglia junction, limiting exchanges with Slovenia/Slovenian border, and affecting use of local resources. Although the excerpt is truncated with additional unrelated text, the relevant policy element is accurate and specific, with no material contradiction."
Italy_IT,3,598,"Build the 400 kV 'Montecorvino–Avellino–Benevento' power lines to increase exchange limits South→Central Southern, reduce constraints on the Rossano production centre, and encourage renewable generation in the South.",Mitigation,sub,"In particular, the increase in production from renewable sources, the frequency of which is higher in the southern regions, causing an increase in power flows from the south to the north, requires strengthening works on this section; this work must, however, be accompanied by...",Mitigation,individual,0,0.6425,False,False,True,"The extracted policy is directionally aligned with the ground-truth: it identifies increased renewable generation in the South, resulting higher south-to-north power flows, and the need for strengthening works on the relevant grid section. However, it omits the specific project ('Montecorvino–Avellino–Benevento' 400 kV power lines), does not mention the concrete objectives of increasing South→Central Southern exchange limits or reducing constraints on the Rossano production centre, and provides no quantified or deadline-specific detail. With no source excerpt to verify exact wording, this is best scored as a vague but generally correct match rather than a full match."
Japan_JP,0,18,Japan has legally positioned net-zero (carbon neutrality) by 2050 as a basic principle through the Act Partially Amending the Act on Promotion of Global Warming Countermeasures (Act No. 54 of 2021).,Mitigation,individual,Japan made net-zero greenhouse gas emissions by 2050 a Basic Principle of the Act on Promotion of Global Warming Countermeasures.,Mitigation,individual,1,0.8939,True,True,True,"The extracted policy matches the ground-truth closely in scope, target, and legal status. It correctly identifies Japan’s net-zero by 2050 goal and that it was made a Basic Principle of the Act on Promotion of Global Warming Countermeasures. While it omits the amendment act citation and the phrasing 'carbon neutrality,' these are not material differences from the core commitment."
Japan_JP,1,26,"Japan will establish and implement the Joint Crediting Mechanism (JCM) to quantitatively evaluate and use international emission reductions/removals toward its NDC, aiming to secure approximately 100 million t-CO2 of accumulated emission reductions and removals by fiscal year 2030 through public-private collaborations, and will appropriately count acquired credits while ensuring environmental integrity and avoiding double-counting.",Mitigation,individual,Japan will establish and implement the Joint Crediting Mechanism to secure approximately 100 million t-CO2 of accumulated emission reductions and removals by fiscal year 2030 and count acquired credits toward its NDC.,Mitigation,individual,1,0.9422,True,True,True,"The extracted policy captures the core commitment, quantified target, deadline, and main mechanism from the ground truth: establishment and implementation of the Joint Crediting Mechanism, securing approximately 100 million t-CO2 by fiscal year 2030, and counting acquired credits toward Japan’s NDC. It omits supporting details such as quantitative evaluation, public-private collaborations, and safeguards on environmental integrity and avoiding double-counting, but the central policy commitment is accurately preserved rather than materially weakened or altered."
Kuwait_KW,0,0,"Projects and National Initiatives: Kuwait lists ongoing and past climate change adaptation projects and initiatives across sectors (water, agriculture, fisheries, coastal, health, waste, awareness).",Adaptation,parent,"Establish Kuwait's National Adaptation Plan process to reduce climate vulnerability and integrate climate adaptation into national sectoral policies, programs, activities, and development planning.",Adaptation,individual,-1,0.7148,False,False,True,"The extracted policy does not match the ground-truth. The ground-truth is a descriptive inventory of ongoing and past adaptation projects and national initiatives across multiple sectors in Kuwait. The extracted policy instead introduces a specific commitment to establish a National Adaptation Plan process and mainstream adaptation into planning, which is a different policy framing and adds a mechanism not present in the ground-truth as given. With no source excerpt provided, there is no basis to support this substitution."
Kuwait_KW,1,1,"Implement green belts and increase protected areas to adapt to dust storms, including the 'Kuwait Green Wall Project' to plant 315,000 trees for a 420 km wall along the borderline; started in 2015 and ongoing.",Nature-Based Solutions,sub,"Implement green belts and expand protected areas, including the Kuwait Green Wall Project planting 315,000 trees along a 420 km wall, to adapt to dust storms.",Nature-Based Solutions,individual,1,0.9528,True,False,True,"The extracted policy closely matches the ground-truth in scope, target, and mechanism: it includes implementing green belts, expanding/protecting areas, and specifically references the Kuwait Green Wall Project with 315,000 trees and a 420 km wall for dust storm adaptation. The only omitted detail is the timeline ('started in 2015 and ongoing'), but the core commitment and quantified elements are captured accurately."
Kuwait_KW,2,2,"Undertake agricultural projects to develop crops adapted to high temperatures and resistant to salinity and drought, including introducing more than 50 tree types under an Agriculture Master Plan and implementing varieties such as Conocarpus, Ficus, Prosopis, and date palm trees.",Adaptation,sub,"Develop and plant crops and trees adapted to high temperatures, salinity, and drought under Kuwait's agricultural climate efforts.",Nature-Based Solutions,individual,0,0.7381,False,False,False,"The extracted policy matches the general intent of the ground-truth: developing and planting crops/trees adapted to high temperatures, salinity, and drought. However, it omits key specifics that make the ground-truth stronger and more precise, including the commitment to undertake agricultural projects, the Agriculture Master Plan delivery mechanism, the quantified detail of introducing more than 50 tree types, and the named varieties (Conocarpus, Ficus, Prosopis, and date palm). With no source excerpt provided, this is best scored as directionally correct but vague rather than a full match."
Kuwait_KW,3,3,"Establish a 'Food security' project with FAO in cooperation with Kuwait to undertake twelve projects across fisheries, water resources, natural resources, animal production, animal health, and technical capacity development, with a budget of $850,000 and 1–5 year timeframe.",Adaptation,sub,"Establish the FAO-Kuwait food security project covering fisheries, water, natural resources, animal production, animal health, and technical capacity development.",Adaptation,individual,0,0.8739,False,False,True,"The extracted policy matches the general scope and sectors of the ground-truth: an FAO-Kuwait food security project covering fisheries, water resources, natural resources, animal production, animal health, and technical capacity development. However, it omits key specificity present in the ground-truth, namely that the project consists of twelve projects, has a budget of $850,000, and a 1–5 year timeframe. It also slightly softens the formulation by not clearly stating the cooperative arrangement and undertaking structure. Directionally correct but missing important quantified targets and timing details."
Kuwait_KW,4,4,"Establish a regional database and information center to support fisheries management and aquaculture development (FAO/PAAFR), with budget of $250,000/year (joint project initiated December 2016).",Adaptation,sub,Establish a regional database and information center to support fisheries management and aquaculture development.,Adaptation,individual,0,0.8589,False,False,True,"The extracted policy matches the core action and scope of the ground-truth: establishing a regional database and information center for fisheries management and aquaculture development. However, it omits key specificity present in the ground-truth, including the FAO/PAAFR attribution, the quantified budget ($250,000/year), and the timing/detail that it is a joint project initiated in December 2016. With no source excerpt provided to verify stronger commitment language, this is directionally correct but incomplete."
Kuwait_KW,5,5,"Establish fisheries farms as an adaptation step under food security, including Nile tilapia culture in farms using brackish water (5–8 ppt) in Al-Wafra, Abdali and Al-Sulybia areas; budget $250,000/year.",Adaptation,sub,Establish fisheries farms using Nile tilapia culture in agricultural farms as a food-security climate adaptation measure.,Adaptation,individual,0,0.84,False,False,True,"The extracted policy matches the general intent of the ground truth: establishing fisheries farms as a food-security adaptation measure using Nile tilapia culture in farms. However, it omits several key specifics that are central to the reference policy, including the brackish water specification (5–8 ppt), the named locations (Al-Wafra, Abdali, and Al-Sulybia), and the budget commitment ($250,000/year). Because the scope and mechanism are directionally correct but important quantified and implementation details are missing, this is a partial but imprecise match."
Kuwait_KW,6,6,Assess historic climate records for the past 70 years and develop future projection climatic scenarios until 2100 (project started 2012 by Kuwait University and UN Environment).,Adaptation,sub,Assess historic climate records and develop future climate projection scenarios through 2100.,Adaptation,individual,0,0.7933,False,False,True,"The extracted policy matches the core direction of the ground-truth: assessing historic climate records and developing future climate projection scenarios through 2100. However, it omits key specificity present in the ground-truth, notably the quantified scope of reviewing records for the past 70 years and the implementation detail that the project started in 2012 by Kuwait University and UN Environment. With no source excerpt provided to verify wording, this is directionally correct but less specific rather than a full match."
Kuwait_KW,7,7,"Establish the electronic environmental Monitoring Information System of Kuwait (eMISK) to build and maintain a comprehensive geo-environmental database and GIS system for updating and analyzing environmental data (started 2015, ongoing).",Adaptation,sub,Establish the Environmental Monitoring Information System of Kuwait to maintain a geo-environmental database and GIS system.,Adaptation,individual,0,0.8443,False,False,True,"The extracted policy matches the core action and mechanism: establishing Kuwait’s Environmental Monitoring Information System to maintain a geo-environmental database and GIS system. However, it omits important specificity present in the ground truth, including the electronic designation (eMISK), the purpose of updating and analyzing environmental data, and the timing/status details (started 2015, ongoing). With no source excerpt provided, this is directionally correct but incomplete rather than a full match."
Kuwait_KW,8,8,Establish eMISK Industry as a national program to collect an environmental inventory of industrial facilities in Kuwait.,Adaptation,sub,Establish eMISK Industry as a national program for collecting an environmental inventory of industrial facilities.,Adaptation,individual,1,0.8841,True,False,True,"The extracted policy matches the ground-truth closely in scope and commitment: it establishes eMISK Industry as a national program to collect an environmental inventory of industrial facilities. The only omission is 'in Kuwait,' but given the program name and no source excerpt to assess territorial precision, this is a minor loss of specificity rather than a substantive mismatch."
Kuwait_KW,9,9,Implement eMISK Waste to manage the fleet of industrial liquid waste vehicles and organize the logistics process.,Mitigation,sub,Establish eMISK Waste to manage industrial liquid waste vehicle fleets and logistics.,Resource Efficiency,individual,1,0.945,True,False,False,"The extracted policy closely matches the ground-truth in scope and mechanism: both specify implementing/establishing eMISK Waste to manage industrial liquid waste vehicle fleets and organize/manage logistics. There are no quantified targets or deadlines in the ground truth to miss. 'Establish' is effectively equivalent to 'Implement' here, and the core commitment is preserved without contradiction."
Kuwait_KW,10,10,Implement eMISK Marine to promote and facilitate an information management system supporting policies and programs for integrated coastal and ocean management in Kuwait.,Adaptation,sub,Establish eMISK Marine to support information management for integrated coastal and ocean management policies and programs.,Adaptation,individual,1,0.8655,True,False,True,"The extracted policy closely matches the ground-truth in scope and mechanism. Both specify establishing/implementing eMISK Marine as an information management system to support policies and programs for integrated coastal and ocean management in Kuwait. The extracted version slightly omits 'promote and facilitate' and the location 'in Kuwait,' but it preserves the core commitment and delivery mechanism without contradiction."
Kuwait_KW,12,12,"Invest USD 5.5 million jointly with MIT to research updates to current desalination plants and next-generation desalination plants (since 2016, ongoing).",Adaptation,sub,Invest in research with MIT to update current and next-generation desalination plants.,Adaptation,individual,0,0.8223,False,False,True,"The extracted policy matches the general intent and mechanism of the ground-truth: investment in research with MIT focused on improving current and next-generation desalination plants. However, it omits key specifics that make the ground-truth more precise, notably the quantified commitment (USD 5.5 million) and the timing/status ('since 2016, ongoing'). Without those details, the extraction is directionally correct but underspecified rather than a full match."
Kuwait_KW,13,13,"Provide education on 'in-house water desalination techniques' for rural households, implemented jointly with the United Nations (started 2016).",Adaptation,sub,Educate rural households on in-house water desalination techniques to provide freshwater at low cost and short time.,Adaptation,individual,0,0.7774,False,False,True,"The extracted policy matches the core action and target group: educating rural households on in-house water desalination techniques. However, it omits key specificity present in the ground truth, namely that implementation is joint with the United Nations and that it started in 2016. It also adds outcome-oriented phrasing ('to provide freshwater at low cost and short time') that is not substantiated by the provided ground truth. Because the intent is correct but important implementation details and timing are missing, this is a partial match."
Kuwait_KW,14,14,"Implement Kuwait Integrated Environmental Information Network Phase-IV (KIEIN-IV), a GIS-based system compiling environmental indicator data and serving as a spatial decision support tool (run 2012–2014; budget $1,200,000).",Adaptation,sub,Implement Kuwait Integrated Environmental Information Network Phase IV as a GIS-based decision-support and climate adaptation monitoring system.,Adaptation,individual,0,0.7979,False,False,True,"The extracted policy matches the core policy in naming KIEIN-IV and identifying it as a GIS-based decision-support system, so it is directionally correct. However, it omits key specifics from the ground truth: compiling environmental indicator data, the implementation period (2012–2014), and the budget ($1,200,000). It also adds 'climate adaptation monitoring,' which is not stated in the ground-truth wording. Because the general intent is right but important details are missing and slightly altered, the appropriate grade is 0."
Kuwait_KW,15,15,"Implement the Kuwait Environmental Governance Initiative (KEGI) to support design of the National Adaptation Plan (NAP) and relevant initiatives linked to water, city planning, and other sectors (2017–2018; budget $2,000,000).",Adaptation,sub,"Implement the Kuwait Environmental Governance Initiative to support the design of Kuwait's National Adaptation Plan and related water, city planning, and sectoral initiatives.",Adaptation,individual,0,0.8729,False,False,True,"The extracted policy captures the core action and scope: implementing the Kuwait Environmental Governance Initiative to support design of the National Adaptation Plan and linked water, city planning, and other sectoral initiatives. However, it omits key specificity from the ground truth, namely the implementation period (2017–2018) and the budget ($2,000,000). With no source excerpt provided to verify wording, this is directionally correct but incomplete rather than a full match."
Kuwait_KW,16,16,"Establish land and marine nature reserves to safeguard marine and land ecosystems, including reserves in Sabah Al-Ahmed natural reserve area and Jahra pool natural reserve area (2011–2016).",Nature-Based Solutions,sub,Establish a series of land and marine nature reserves to safeguard Kuwait's marine and land ecosystems.,Nature-Based Solutions,individual,0,0.6912,False,False,True,"The extracted policy matches the core intent of the ground-truth: establishing land and marine nature reserves to protect ecosystems. However, it omits important specificity present in the ground-truth, including the named reserve areas (Sabah Al-Ahmed natural reserve area and Jahra pool natural reserve area) and the implementation period (2011–2016). Commitment strength appears similar, but the loss of concrete locations and timeline makes it only directionally correct rather than a full match."
Kuwait_KW,17,17,Apply water conservation technologies as an adaptation option to reduce water consumption by 20% (project started in 2012 and ongoing).,Resource Efficiency,sub,Apply water conservation technologies to reduce water consumption by 20%.,Resource Efficiency,individual,0,0.8351,False,False,True,"The extracted policy matches the core action and quantified target in the ground truth: applying water conservation technologies to reduce water consumption by 20%. However, it omits the implementation timing/status detail ('project started in 2012 and ongoing') and the adaptation framing, so it is correct but less specific than the ground truth rather than a fully complete match."
Kuwait_KW,18,18,Establish a Coastal Information System (CIS) to provide coastal area information to planners and decision makers as an adaptation measure; started in 2006 and ongoing.,Adaptation,sub,Establish a Coastal Information System to protect coastal zones and marine environments as a climate change adaptation measure.,Adaptation,individual,0,0.7743,False,False,True,"The extracted policy matches the core action of establishing a Coastal Information System as an adaptation measure, so it is directionally correct. However, it misses important specificity from the ground truth: it omits that the CIS is intended to provide coastal area information specifically to planners and decision makers, and it does not capture the timing detail that it started in 2006 and is ongoing. It also shifts the stated purpose toward protecting coastal zones and marine environments, which is plausible but not the same delivery mechanism described in the ground truth."
Kuwait_KW,19,19,Construct tidal barriers in new developments (Sabah Al Ahmad Sea City) including a tidal gate system and offshore breakwater to cope with rising sea levels and protect from erosion; completed in 2016.,Adaptation,sub,Construct tidal gates and offshore breakwaters in Sabah Al Ahmad Sea City to protect against wave erosion and rising sea levels.,Adaptation,individual,1,0.8877,True,False,True,"The extracted policy matches the ground-truth on the core intervention, location, and purpose: it identifies tidal gates and offshore breakwaters in Sabah Al Ahmad Sea City to address rising sea levels and erosion. It is slightly less specific because it omits that these were part of new developments, refers to a tidal gate system less precisely, and does not mention completion in 2016, but the main scope, commitment, and mechanism are accurately captured with no contradiction."
Kuwait_KW,20,20,"Conduct awareness campaigns and symposiums regarding sea level rise, including the 2017 'Our Seas: Theories, Data, and Policies' symposium to increase awareness among stakeholders and the public.",Adaptation,sub,Conduct awareness campaigns and symposiums to increase stakeholder and public awareness on adaptation to sea-level rise.,Adaptation,individual,1,0.8452,True,False,True,"The extracted policy matches the ground-truth closely in scope, mechanism, and intent: it specifies awareness campaigns and symposiums aimed at increasing stakeholder and public awareness regarding sea-level rise. The wording 'adaptation to sea-level rise' is a slight paraphrase of 'regarding sea level rise,' and it omits the specific 2017 symposium example, but that example appears illustrative rather than essential to the core policy. No contradiction or hallucination is present."
Kuwait_KW,21,21,Implement the Coastal Management Program (CMP) to produce Integrated Coastal Zone Management (ICZM) for Kuwait (Phase 1 completed; Phase 2 ongoing; started 1979).,Adaptation,sub,Develop Integrated Coastal Zone Management guidelines for Kuwait through the Coastal Management Program.,Adaptation,individual,0,0.8017,False,False,True,"The extracted policy is directionally aligned with the ground truth: it correctly identifies the Coastal Management Program and its role in producing Integrated Coastal Zone Management for Kuwait. However, it is less specific and slightly weaker in commitment. The ground truth says to implement the CMP to produce ICZM and includes important status/timeline details (started 1979; Phase 1 completed; Phase 2 ongoing), while the extraction softens this to 'develop ... guidelines' and omits the implementation framing and all phase/timing information. With no source excerpt provided, this is best graded as an imprecise but generally correct match."
Kuwait_KW,22,22,"Initiate a Water Resources Development and Management Program (WRDM) to develop integrated water policies, management options, and action plans to solve water scarcity and increase water security and resilience (ongoing).",Adaptation,sub,Implement the Water Resources Development and Management Program to optimize water use and management and increase water security and resilience.,Resource Efficiency,individual,0,0.8026,False,False,False,"The extracted policy is directionally aligned with the ground-truth: it identifies the Water Resources Development and Management Program and the goal of increasing water security and resilience. However, it misses important specificity and scope from the ground truth, including developing integrated water policies, management options, and action plans to address water scarcity, and it omits the ongoing timeframe. 'Optimize water use and management' is a softened/paraphrased mechanism rather than a precise match. With no source excerpt provided, this is best graded as partially correct but imprecise."
Kuwait_KW,23,23,Construct desalination using Multi-Stage Flash (MSF) technology: operate 40 MSF units with total production capacity of 234 MGD (completed).,Adaptation,sub,Construct and operate Multi-Stage Flash desalination units with total production capacity of 234 MGD.,Adaptation,individual,1,0.8902,True,False,True,"The extracted policy matches the core commitment and technology in the ground truth: construction/operation of Multi-Stage Flash desalination with a total capacity of 234 MGD. Although it omits the explicit count of 40 MSF units and the completion status, it preserves the main scope and quantified target without contradiction. This is a sufficiently specific and accurate match."
Kuwait_KW,24,24,Implement a Wastewater Treatment and Reclamation Technologies Program to research reclaiming and reusing wastewater for irrigation; MPW reported about 65% of treated wastewater is reused in irrigation (ongoing).,Adaptation,sub,"Conduct research on reclaiming and reusing Kuwait's wastewater for irrigation, with 65% of treated wastewater already reused.",Resource Efficiency,individual,1,0.7063,True,False,False,"The extracted policy closely matches the ground-truth on scope and substance: it identifies research on reclaiming and reusing wastewater for irrigation and includes the reported figure that 65% of treated wastewater is already reused. While it omits the formal program name ('Wastewater Treatment and Reclamation Technologies Program') and the 'ongoing' status, the core commitment, mechanism (research), and quantitative detail are accurately preserved. No contradiction or hallucination is present."
Kuwait_KW,25,25,"Conduct an awareness campaign on KEPA Articles 76 (ambient air and air quality zone compliance actions) and 79 (emission sources and evaluation), completed in 2010.",Mitigation,sub,"Conduct an awareness campaign on KEPA Articles 76 and 79 on ambient air, Air Quality Zone Compliance, emission sources, and evaluation.",Mitigation,individual,0,0.9461,False,False,True,"The extracted policy matches the core action and references the correct KEPA Articles 76 and 79, along with the relevant subject matter (ambient air/air quality zone compliance and emission sources/evaluation). However, it omits the completion date/year 'completed in 2010,' which is a key specificity detail. With no source excerpt provided to verify wording strength, this is directionally correct but incomplete rather than a full match."
Kuwait_KW,26,26,"Implement the Beatona initiative (EPA website) to increase public awareness by sharing real-time environmental news and information and providing GIS map layers (started 2012, ongoing).",Adaptation,sub,Run the Beatona Initiative to increase public awareness of climate change adaptation in the health sector through real-time environmental information.,Adaptation,individual,0,0.7602,False,False,True,"The extraction partially matches the ground-truth by identifying the Beatona Initiative and its purpose of increasing public awareness through real-time environmental information. However, it omits key specifics from the ground-truth: sharing environmental news and information, providing GIS map layers, and the timeline/status (started 2012, ongoing). It also narrows the scope incorrectly to climate change adaptation in the health sector, which is not stated in the ground-truth. With no source excerpt to verify, this is directionally correct but imprecise and somewhat distorted rather than a full match."
Kuwait_KW,27,27,Implement the Tarsheed campaign to reduce per-capita consumption of electricity and water (completed 2007).,Resource Efficiency,sub,Implement the Tarsheed Campaign to reduce per-capita electricity and water consumption.,Resource Efficiency,individual,1,0.9261,True,False,True,"The extracted policy matches the ground-truth policy in scope and commitment: it identifies implementation of the Tarsheed campaign and its purpose of reducing per-capita electricity and water consumption. The only omitted detail is the completion date '(completed 2007)', which is a status/timing note rather than a missing target or mechanism. Given the source excerpt is not provided, there is no contradiction or hallucination evident."
Kuwait_KW,28,28,"Implement Tarsheed Campaign II to encourage 'Reduce, Reuse and Recycle' waste management (completed 2013).",Mitigation,sub,"Implement Tarsheed Campaign II to encourage reduce, reuse, and recycle waste management.",Resource Efficiency,individual,1,0.9174,True,False,False,"The extracted policy matches the ground-truth policy in scope and mechanism: it identifies implementation of Tarsheed Campaign II and its purpose to encourage 'Reduce, Reuse and Recycle' waste management. The only omission is the completion date '(completed 2013)', but this does not change the core commitment and appears to be a minor specificity loss rather than a substantive mismatch. Overall, it is an accurate match."
Kuwait_KW,29,29,Utilize treated sewage effluent (TSE) from Umm Al-Hayman WWTP for irrigation of green and agricultural areas (project implemented 2012–2018 by MPW).,Adaptation,sub,Use treated sewage effluent from Umm Al-Hayman WWTP to irrigate green and agricultural areas and mitigate environmental impacts.,Resource Efficiency,individual,0,0.856,False,False,False,"The extracted policy matches the core action and scope in the ground truth: using treated sewage effluent from Umm Al-Hayman WWTP for irrigation of green and agricultural areas. However, it omits the implementation timeframe (2012–2018) and the implementing body (MPW), which are specific delivery details in the ground truth. The added phrase about mitigating environmental impacts is plausible but not part of the stated ground-truth policy. Overall, it is directionally correct but less specific."
Kuwait_KW,30,30,Issue and enforce a national law to stop outdoor work from 11:00 AM to 16:00 during June through August (issued 2005; cited as started by EPA in 2018 under public health sector).,Adaptation,sub,Apply a national law stopping outdoor work from 11:00 AM to 16:00 PM during June through August to reduce heat exposure.,Adaptation,individual,1,0.7962,True,False,True,"The extracted policy closely matches the ground-truth on scope, timing, and mechanism: it specifies a national law, stopping outdoor work from 11:00 AM to 16:00 during June through August. This captures the core commitment and quantified operational details accurately. It is slightly less specific because it omits the enforcement/issuance history (issued 2005; cited by EPA in 2018) and frames the purpose as reducing heat exposure, but these omissions do not materially change the policy substance."
Kuwait_KW,31,31,"Support Kuwait to prepare and submit its Second National Communication (SNC) and first Biennial Update Report (BUR) to UNFCCC via a GEF-funded project (started 2014; budget $1,517,000).",Adaptation,sub,Prepare Kuwait's Second National Communication and first Biennial Update Report to fulfill UNFCCC obligations.,Mitigation,individual,0,0.8126,False,False,False,"The extracted policy matches the core action and scope: preparing Kuwait’s Second National Communication and first Biennial Update Report for UNFCCC obligations. However, it omits important specificity present in the ground truth, namely that this is support delivered via a GEF-funded project, as well as the project start year (2014) and budget ($1,517,000). It also softens the framing by dropping the support/project mechanism and the explicit submission aspect. With no source excerpt provided, this is directionally correct but incomplete rather than a full match."
Kuwait_KW,32,32,"Operate the Environmental Pollution and Climate (EPC) Program to assess pollution and climate change challenges in atmospheric, aquatic, and terrestrial environments (ongoing).",Adaptation,sub,"Implement the Environmental Pollution and Climate Program to assess pollution and climate change challenges across Kuwait's atmospheric, aquatic, and terrestrial environments.",Adaptation,individual,1,0.7307,True,False,True,"The extracted policy closely matches the ground-truth in scope and commitment: it identifies the Environmental Pollution and Climate Program, its purpose of assessing pollution and climate change challenges, and the same environmental domains (atmospheric, aquatic, and terrestrial). The wording change from 'Operate' to 'Implement' does not materially alter the commitment, and adding 'Kuwait's' is consistent with contextual framing rather than a contradiction. The only minor omission is the explicit '(ongoing)' timeframe, but this does not substantially reduce fidelity."
Kuwait_KW,33,33,Implement Omniya plastic bottle recycling initiative to collect and recycle empty plastic bottles instead of sending them to landfills (started 2015; ongoing).,Mitigation,sub,Collect and recycle empty plastic bottles instead of sending them to landfills through the Omniya initiative.,Resource Efficiency,individual,1,0.8672,True,False,False,"The extracted policy matches the ground-truth core commitment and mechanism: collecting and recycling empty plastic bottles through the Omniya initiative instead of sending them to landfills. It is accurate and specific in scope and delivery mechanism. Although it omits the start date (2015) and ongoing status, the main policy substance is captured correctly without contradiction."
